dendrite_type,threshold_v,threshold_i,peak_v,peak_i,trough_v,trough_i,upstroke,upstroke_v,downstroke,downstroke_v,fast_trough_v,fast_trough_i,width,upstroke_downstroke_ratio,f_i_curve_slope,fast_trough_v_long_square,fast_trough_v_ramp,fast_trough_v_short_square,input_resistance_mohm,latency,peak_v_long_square,peak_v_ramp,peak_v_short_square,ri,sag,seal_gohm,tau,threshold_i_long_square,threshold_i_ramp,threshold_i_short_square,threshold_v_long_square,threshold_v_ramp,threshold_v_short_square,trough_v_long_square,trough_v_ramp,trough_v_short_square,upstroke_downstroke_ratio_long_square,upstroke_downstroke_ratio_ramp,upstroke_downstroke_ratio_short_square,vm_for_sag,vrest
aspiny,-33.49095917,536.0259399,28.835495,537.7398071,-55.97896957,531.0141602,299.7648177,-0.5355739,-217.1339253,-1.393081784,-55.65113831,537.1422729,0.000481509,1.372739146,0.020383693,-59.1875,-57.4375,-62.60000381,143.634288,0.02714,35.37500381,31.34375,34.66250076,119.9776754,0.054033205,1.317484032,11.29109001,270,343.125,800,-36.28125,-33.8125,-43.50000229,-59.28125381,-57.46875381,-75.75625153,1.564027141,1.304348699,1.679550434,-87.90625763,-74.92698669
aspiny,-38.6941185,463.6817627,17.99739075,464.4399109,-56.63785553,462.3518372,360.1133075,-6.811608791,-274.2234882,-7.690109253,-56.43297958,465.101593,0.000316813,1.315004424,1.156788512,-55.68750381,-52.390625,-57.54687691,129.903104,0.01187,14.84375095,19.00000191,27.54687595,65.62499702,0.096597776,1.044560512,4.12168919,290,268.5625,270,-31.78125191,-29.18750095,-44.046875,-55.875,-52.51562691,-69.10937881,1.162618357,1.197155489,1.369171359,-80.15625,-72.04297638
aspiny,-32.41693497,457.6164551,22.21073723,456.7980652,-47.57238388,355.9198608,210.4602989,-2.773237228,-52.18794088,4.122596264,-43.58894348,424.087616,0.001042051,4.060155791,0.191853299,-47.09375381,-51.44791921,-55.98958588,173.215264,0.07472,16.78125,23.05208397,27.77083492,102.9687077,0.030460119,2.283348992,5.166573726,280,185.0833333,720,-28.78125191,-32.31250254,-38.19791794,-48.1875,-54.36458588,-72.64062754,3.379321065,4.10877446,2.68013895,-83.59375763,-72.71203613
aspiny,-30.26470566,195.4264679,11.92463207,195.6029358,-48.98713303,161.4926453,196.6723329,-10.97794151,-96.91083736,-4.700367451,-45.46875,193.8161774,0.000658824,2.015052074,0.029298942,-48.59375381,-50.71631041,-51.63281536,268.823776,0.00878,23.62500191,32.17722328,26.98437548,233.2811654,0.370840907,1.09139328,11.65731533,110,124.6283661,280,-32.53125,-36.06260131,-41.26562595,-48.59375381,-54.58113716,-63.25781441,2.132315714,2.86741523,2.185564378,-87.65625,-62.05558014
spiny,-37.54127502,121.45755,41.82429123,121.3183975,-53.32783127,98.99528503,334.8208464,3.641509533,-91.20233376,16.55306625,-43.49528122,119.95047,0.000850189,3.668570335,0.177671233,-45.84375381,-47.14583588,-51.70000229,214.522896,0.04876,45.56250381,48.55208333,45.92500153,164.0625298,0.2195701,1.727256704,18.35345851,70,58.625,720,-38.09375381,-38.69791794,-45.30625153,-57.28125381,-56.40625254,-70.53750153,4.0599946,4.121745379,4.017244325,-87.09375763,-69.3629837
spiny,-39.36812592,272.0299988,36.27562332,271.2399902,-51.36437607,200.1974945,274.55946,-2.106874943,-50.1528755,19.59812546,-45.65062332,251.3999939,0.0013656,5.563229878,0.13098803,-48.62500381,-48.32291794,-50.65104357,159.199344,0.08974,46.4375,42.8958346,39.95833397,125.9374171,0.037685499,1.667093504,13.71930534,110,103.375,600,-41.5625,-42.8958346,-45.30729357,-54.50000381,-54.83333588,-70.61458588,5.164409031,5.124496984,4.561945476,-84.93750763,-70.49714661
spiny,-34.32857132,270.5750122,32.1517868,270.1357117,-53.9196434,191.0857086,323.1535023,-0.44910714,-99.42062935,15.99821472,-43.54999924,245.5678558,0.000695857,3.247707066,0.139336926,-44.46875381,-45.19791921,-46.58750229,105.98664,0.059385,35.78125381,38.69791794,43.70000305,95.17855197,0.031620521,1.063487616,25.21616569,130,119.5833232,424,-36.65625381,-35.8958346,-48.55625153,-54.28125381,-55.65625381,-75.0625,3.386316592,3.171764043,3.857028645,-87.00000763,-75.06613159
spiny,-40.36820602,252.3831482,22.41915703,251.842392,-57.48981094,189.2744598,249.8994487,-8.219429016,-64.4209181,6.843070507,-52.52581406,239.3396759,0.001046522,3.93714072,0.15546875,-51.375,-48.46875381,-53.11875,174.659088,0.04306,33.1875,33.52083588,33.11250229,214.0625715,0.031604268,1.0209248,28.17953625,90,71.29166667,800,-38.1875,-35.04166921,-46.70625381,-55.00000381,-53.50000127,-71.26250458,3.940221332,3.511122221,3.560240671,-94.00000763,-70.15784454
aspiny,-34.61350632,519.2940674,14.51928806,520.1602173,-52.26633072,517.7814331,256.1595445,-9.662163734,-184.6309344,-6.872714996,-52.1110878,520.1201782,0.000443269,1.386494591,0.794242504,-54.65625381,-55.02083715,-59.48750153,136.85368,0.03448,13.9375,16.04166698,22.17500038,84.68738198,0.004560183,1.453630976,8.394707543,330,283.4583333,780,-32.03125381,-31.94791857,-44.60625153,-54.75000381,-55.11458715,-73.75000458,1.282149067,1.291669784,1.452116013,-82.03125763,-72.58553314
aspiny,-35.16367722,453.3935547,16.12243652,454.7238464,-57.83782578,454.5129089,320.0591874,-7.150150299,-247.9164665,-9.734220505,-57.67790985,456.2337341,0.000356987,1.289250576,1.472364717,-60.15625381,-57.61458588,-62.11250305,176.425456,0.005955,22.00000191,16.70833429,24.58125114,164.6874696,0.022095369,1.39900672,9.265347501,290,231.2916667,312,-32.03125381,-28.94791857,-41.48125076,-60.25000381,-57.76041921,-71.41250458,1.263915585,1.175937695,1.39711739,-99.62500763,-70.64434052
spiny,-35.73249817,79.99500275,35.73875046,79.97000122,-56.01124954,60.41999817,323.9139942,-5.056250095,-95.38614108,11.34875011,-47.23749924,79.42500305,0.0008424,3.396229729,0.199214145,-48.5,-48.54166667,-49.8020846,165.931616,0.05784,37.53125381,33.93750127,30.1770846,230.0446779,0.032344256,1.174152448,35.84129168,50,53.79166794,700,-36.15625381,-37.05208588,-42.64583588,-55.90625,-54.17708588,-74.29167175,3.522291795,3.132354243,2.989391061,-98.4375,-73.20832825
aspiny,-36.77509308,173.905304,24.41524696,172.9659119,-57.84375,141.8996277,269.6941471,-7.192708492,-54.76780957,-9.036458015,-54.09280396,161.5,0.001137879,4.954614532,0.17500001,-56.90625381,-53.09375381,-58.40000305,294.03296,0.04234,25.50000191,26.76041794,29.28125114,192.4553514,0.047018401,1.365867776,10.33671799,110,86.16666667,520,-36.65625381,-34.77083588,-38.16250153,-59.06250381,-57.28125381,-75.28125458,4.473812989,4.224851238,2.916723754,-96.28125,-75.08994293
aspiny,-41.6049118,65.29463959,15.6473217,64.9732132,-57.8325882,47.00893021,297.9035921,-9.091517448,-159.4542052,-6.042410851,-54.8638382,63.32143021,0.0004775,1.859497332,0.016193853,-59.78125,-50.71631041,-60.78125076,215.16488,0.00799,28.1875,32.17722328,36.45625076,259.218812,0.120430812,2.356759808,15.42817795,40,124.6283661,180,-43.84375,-36.06260131,-47.28125,-59.90625,-54.58113716,-67.01250153,1.861405916,2.86741523,1.83421609,-95.03125763,-67.18092346
aspiny,-36.8174324,50.51644897,11.45394707,50.21052551,-51.109375,40.42434311,140.2920701,-16.18667793,-60.93082625,-8.123354912,-49.36266327,48.69408035,0.001066316,2.292115594,0.043712576,-51.21875,-56.42187881,-59.42969131,565.300608,0.0134,-0.90625006,41.25000191,42.54687691,287.0312929,0.021590469,1.012008448,16.45325719,30,14.93749905,220,-43.50000381,-42.56250191,-42.97656441,-51.375,-56.53125191,-66.55469131,2.493936739,2.618538927,2.701300419,-98.93750763,-66.09343719
spiny,-37.62546539,399.7015076,37.06949615,399.4029846,-53.35354614,310.5783691,363.4301525,-3.725279808,-91.76149698,12.34981346,-47.76912308,388.8805847,0.00086209,4.041931329,0.031354356,-47.78125,-49.41666921,-51.67187754,217.039808,0.04106,40.28125,44.38541794,45.8958346,134.6875429,0.029723564,1.500039552,15.40007608,150,102.5,850,-36.15625381,-35.11458588,-46.57291921,-51.03125381,-54.59375127,-81.86979675,3.631511898,3.514419133,4.300414036,-96.59375,-81.16104889
aspiny,-34.78338242,65.5880661,14.99076748,65.33238983,-52.01278305,50.51988602,244.2700125,-13.96022701,-99.04693835,-5.339488506,-47.13494492,64.1931839,0.000664545,2.440201231,0.024127907,-50.15625,-48.17187691,-50.46250305,488.886816,0.01658,24.37500191,27.68750191,27.56250076,283.593744,0.223368838,2.50825472,16.31251496,40,38.8125,300,-38.75,-34.546875,-40.62500229,-50.21875381,-48.28125191,-71.2,2.732948157,2.673441888,2.795584303,-101.8125076,-70.67703247
aspiny,-34.07190704,76.6553421,31.47299767,76.19538879,-45.13501358,66.70874023,222.8606569,1.594053388,-88.82407222,8.837985039,-43.59951401,74.18082428,0.00085835,2.430692242,0.019196429,-49.46875381,-48.26562691,-56.87500218,259.695984,0.0217,46.31250381,46.18750191,46.45982306,231.8750322,0.080856569,1.131306752,18.35636858,50,40.9375,320,-39.8125,-39.203125,-42.18750272,-49.65625381,-48.48437691,-65.31696538,3.423510075,3.475019987,3.185284639,-89.78125763,-64.70305634
aspiny,-43.66210938,51.6640625,23.26367188,51.390625,-62.8046875,45.1640625,219.2148577,-9.60546875,-125.5184681,-8.642578125,-61.79492569,50.2890625,0.0007575,1.744462403,0.122592591,-62.46875381,-59.97917048,-63.54375076,280.244416,0.02592,25.4375,21.1041673,17.24375114,322.1875429,0.016070565,1.08599296,37.81836727,30,22.70833333,300,-45.53125,-46.07291794,-47.69375076,-62.62500763,-60.14583588,-67.78750458,1.970944069,1.919845353,1.770096,-99.28125,-67.04716492
spiny,-41.27941132,171.6470642,34.22242737,171.2242584,-62.24816132,132.0183868,383.2885272,-6.832720757,-125.070148,9.903492928,-54.34191132,166.5404358,0.000690882,3.063358758,0.227150547,-54.09375381,-52.61458715,-53.93750305,142.898272,0.037945,35.1875,35.53125,37.11250153,179.6874702,0.032512009,2.195178496,26.75629188,100,85.54166667,900,-42.28125,-39.23958588,-50.25000229,-60.65625381,-58.97917048,-80.86250153,3.27833412,3.049282091,3.71275261,-99.18750763,-80.12949371
aspiny,-39.02304459,209.0088348,38.78219604,208.7563171,-53.86774063,183.0239868,364.4721331,3.089646578,-112.9351227,17.11079597,-52.73674393,204.1477203,0.000724242,3.23671838,0.265588246,-53.37500381,-51.56250381,-56.42708715,208.152768,0.10786,39.68750381,40.1875,42.31250381,174.999997,0.028426293,1.633232384,10.75325853,130,105.625,440,-39.8125,-38.31250381,-42.03125254,-54.09375381,-54.18750381,-68.9479243,3.037247196,3.266378121,2.766931185,-80.65625,-68.08872223
spiny,-32.21634674,886.7275391,14.79407024,879.0704956,-50.6746788,553.1185913,104.7723538,-6.132211685,-31.18359513,4.304487228,-43.07932663,786.4102783,0.001831026,3.286805285,-0.003380523,-46,-45.61458588,-52.02344036,153.632064,0.06184,24,24.29166794,32.40625095,154.1071087,0.075937532,2.51784448,19.14360166,110,123.3333308,460,-31.93750191,-30.60416794,-49.11718941,-56.15625,-52.5833346,-78.8984375,3.139299325,2.898329733,3.893947435,-94.625,-78.55315399
aspiny,-47.21494675,633.0623169,-2.627740622,633.807251,-62.8512764,633.3753052,302.722379,-22.21494675,-239.3787127,-20.72930336,-62.74648285,634.5621948,0.000289031,1.263444241,1.645109043,-66.0625,-59.66667048,-65.81250191,132.16292,0.002955,-0.28125003,3.427083373,5.226562798,85.15624702,0.018475933,1.163257216,5.29061522,400,348.7083232,367.4999771,-50,-35.06250191,-51.09375095,-66.09375,-59.76041794,-72.46094131,1.308834215,1.072566111,1.311542455,-91.71875763,-72.20556641
spiny,-38.40942001,286.4529114,29.57382202,284.5978394,-52.91893005,223.217392,191.6764858,-5.559782505,-84.87952344,9.871829987,-45.70380402,272.9891357,0.000932754,2.244171685,0.151066356,-49.40625381,-48.47917048,-57.39062881,238.458944,0.0335,32,36.77083333,35.32812691,239.8439348,0.124604106,1.590106112,14.29015929,170,175.3749949,370,-36.21875,-35.80208333,-51.48437881,-50.96875,-51.56250127,-78.90625381,2.320162034,2.316603502,2.93691452,-95.50000763,-83.01876831
spiny,-36.88352203,244.6988678,28.87784004,243.8693237,-56.28977203,166.4602203,253.2108635,-3.561079502,-70.56498106,12.484375,-46.640625,238.4715881,0.000982273,3.590718756,0.090098575,-45.71875,-47.04167048,-51.73125305,120.899968,0.08562,32.0625,36.09375127,37.60625076,121.0936382,0.08306352,3.057344512,25.76814136,110,97.33333333,1130,-36.28125,-37.46875254,-49.65625305,-57.12500381,-56.17708588,-74.36875305,3.460812067,3.413009398,4.059045452,-86.8125,-73.85773468
spiny,-37.42382813,173.2578125,25.2578125,172.203125,-54.828125,117.7578125,258.7846723,-12.55859375,-79.51470921,5.259765625,-48.62304688,159.59375,0.00089375,3.25626191,0.154761905,-49.71875381,-49.37500191,-52.51250229,115.44172,0.04745,33.5625,38.03125191,37.03750153,215.6249285,0.018837499,1.93555008,31.55362235,90,68.06250191,280,-36.5,-36.390625,-47.15625,-54.40625,-55.37500381,-72.9125,3.387519999,3.346647193,3.53883045,-94.25,-71.10503387
aspiny,-45.25833511,1054.499634,13.51400757,1056.836914,-61.75434494,1056.441162,251.2465847,-8.282535553,-207.2056251,-11.05505276,-61.6382103,1057.634033,0.000476624,1.206988001,0.015446224,-67.125,-62.328125,-67.29018402,107.630696,0.00524,24.46875191,14.71875095,27.88392993,62.03125045,0.016124027,1.412432,5.515310887,630,506.6875,830,-51.34375381,-37.03125191,-53.57589504,-67.28125,-62.45312691,-81.53571429,1.305924594,1.156681678,1.301044543,-88.12500763,-81.20401001
aspiny,-40.11569214,152.5718079,26.51130295,151.6941528,-55.01994705,120.6622314,259.0626713,-6.978058338,-62.01617606,-5.737367153,-50.59840393,142.9468079,0.00107617,4.197464761,0.252455357,-52.46875381,-51.18750127,-53.01875153,135.500384,0.07404,30,32.00000127,30.28125076,105.9375405,0.015199413,1.876530176,9.100074395,90,101.5833308,570,-40.53125,-44.15625381,-43.57500076,-55.31250381,-55.37500254,-67.05,4.599424401,4.57772591,2.888300429,-79.59375763,-67.11760712
spiny,-38.22343826,154.9156189,37.76718903,155.0593719,-53.11249924,112.9093781,280.2983375,3.439843655,-79.6654835,17.44609451,-43.90703201,144.8093719,0.000934625,3.534441941,0.217753636,-43.75000381,-41.71875254,-47.54687881,179.450096,0.034455,40.5,42.3333346,38.8854173,96.09355778,0.022788137,1.502336128,17.0765709,90,84.5,780,-38.65625381,-37.54166921,-45.07812818,-52.34375381,-51.77083588,-77.44791921,3.56740928,3.714808422,3.555741727,-95.5625,-77.65193939
aspiny,-42.01504517,157.0266266,17.0227623,157.1820984,-58.06809235,155.2843323,257.5144546,-8.105613708,-177.653386,-5.465277672,-57.85696411,156.4398193,0.000514259,1.447433924,1.157788754,-59.06250381,-54.53125381,-59.75000191,309.51232,0.01372,20.78125,16.90625,31.82812643,186.2500012,0.01783656,1.50472704,8.271823526,90,105.2499924,380,-38.375,-35.96875,-45.92969036,-59.15625381,-54.65625381,-77.44531631,1.472246029,1.419873869,1.590534579,-96.78125,-76.91755676
spiny,-38.93449402,128.6730804,37.66886902,128.2067261,-47.40084076,106.1634598,284.1526626,1.734975934,-106.3050337,10.57451916,-39.96814728,123.1947098,0.000755,2.671066707,0.206823271,-41.03125381,-44.67708588,-47.53645897,133.406336,0.06088,44.65625,43.00000254,41.0364596,94.68749911,0.197812974,1.325639808,16.82459695,80,88.58333333,670,-39.03125381,-42.10416794,-46.63541857,-50.25,-50.15625127,-64.13541921,3.048518535,3.035288438,2.958677449,-73.93750763,-62.94235229
spiny,-40.66184616,314.0708923,36.24113846,314.7723999,-54.06996155,267.9813538,379.0680374,-2.203358173,-141.9703925,8.733208656,-49.00419617,314.1156616,0.000601866,2.677362325,0.1448668,-49.59375381,-53.97917048,-56.60625229,126.429912,0.08552,40.65625381,43.73958588,40.58750153,47.65605927,0.180735514,3.045497344,10.14305734,190,193.7083333,1160,-42.4375,-42.71875254,-55.32500153,-56.625,-57.73958588,-78.41875458,2.928680728,2.895773837,2.852588367,-83.46875763,-76.93751526
spiny,-37.02022171,211.6875,37.81525803,210.7830811,-53.35661697,152.6617584,325.5110647,-3.605698586,-77.87252096,16.04963303,-46.24356461,198.0330811,0.000976471,4.204421198,0.120701127,-48.25,-48.75000127,-51.16250305,202.568384,0.03666,45.9375,49.26041921,48.07500153,137.6562864,0.056277402,1.760305408,13.95644409,90,73.20833333,640,-37.1875,-36.96875127,-43.93750229,-54.40625,-56.38541921,-69.78125458,4.36275592,4.448181817,4.300290918,-84.65625,-69.68759918
spiny,-41.9453125,279.1838379,43.58685684,278.9411621,-53.59742737,235.7352905,436.5901042,5.298253536,-169.1692171,10.04319859,-48.73115921,274.7922668,0.000552868,2.585325846,0.17170234,-47.78125,-50.12500254,-53.30625153,86.044832,0.06521,47.125,49.01041921,48.59375305,68.59386712,0.245516524,2.390137856,15.7229443,160,164.2083333,1290,-42.84375,-43.44791667,-49.57500305,-57.28125381,-56.95833588,-73.19375305,2.874273394,2.88133293,2.723598755,-80.09375763,-71.86820984
aspiny,-42.8471756,288.4366455,3.939640522,289.5119934,-62.18450165,282.996582,185.2410133,-12.38741398,-180.9004056,-18.17080498,-61.79708862,290.1609497,0.000497055,1.013887972,1.104003979,-67.96875763,-50.71631041,-63.99479294,173.020368,0.00731,13.25000095,32.17722328,17.11979198,147.0983177,0.021848937,1.126394624,6.955022827,180,124.6283661,430.0000305,-45.18750381,-36.06260131,-47.58854421,-68.06250763,-54.58113716,-72.81250127,1.094021778,2.86741523,1.233000739,-96.15625763,-72.18852997
spiny,-42.67844391,143.6268158,34.39583206,143.7409363,-57.17844391,112.4655762,318.6102858,-9.08831501,-106.123395,7.206974506,-51.33967209,140.9782562,0.000835362,3.009407275,0.207303371,-51.71875381,-49.72916921,-54.68750191,205.452864,0.05534,39.21875381,40.84375254,37.67187691,187.6562834,0.024089577,2.943726848,21.23603938,70,70.45833333,670,-41.3125,-38.45833588,-48.21875,-54.28125381,-53.97916921,-81.703125,3.165291867,3.321471129,3.433526302,-99.31250763,-80.89804077
aspiny,-39.23918152,50.13461685,24.12379837,50.37980652,-57.15144348,47.08654022,272.8345245,-3.475961447,-186.1232951,-4.395432472,-56.375,50.75961685,0.000495,1.464317104,0.452789706,-58.00000381,-59.46875381,-60.17500381,301.899872,0.018165,24.50000191,35.46875,27.89375114,328.125,0.019273218,2.645534208,34.01669265,30.00000191,33.12499936,330,-42.25000381,-42.95833588,-42.50625229,-58.12500381,-59.58333588,-66.41875458,1.558686849,1.519930886,1.49143985,-102.65625,-64.71941376
aspiny,-36.94363785,44.3549118,32.55413055,44.265625,-59.27455521,43.09375,254.7781046,1.439732194,-156.1580952,6.51953125,-58.7946434,43.9665184,0.0006675,1.61703427,0.291538456,-59.46875381,-58.44791921,-63.02500229,209.605296,0.0373,42.6875,44.72917048,38.42500153,261.5624666,0.038960062,1.699957504,62.70503866,30,25.74999936,450,-43.18750381,-40.71875254,-45.05000153,-59.56250381,-58.51041921,-66.85000458,2.23577326,2.212524487,2.152146439,-94.625,-65.8897171
spiny,-40.54018021,77.19642639,29.79528046,76.94898224,-56.73022842,60.04336548,233.8381797,-4.191326618,-97.79366408,6.049107075,-49.65816498,74.67601776,0.000844082,2.366989507,0.202789117,-55.84375,-52.75000381,-57.24219036,147.9972,0.038125,38.53125,41.46875191,37.54687691,243.7500656,0.111824982,1.733426176,24.92931471,50,59.74999809,285,-44.93750381,-41.515625,-50.07812786,-56.28125381,-56.34375381,-81.90625381,3.56419272,3.225421778,3.617188802,-100.3125,-81.17546844
spiny,-42.69089508,61.5625,23.58899498,61.29076004,-56.78532791,47.91032791,229.7682597,-21.94021797,-63.76091202,2.129076004,-53.51426697,58.66304398,0.001182174,3.60592489,0.286030828,-53.90625,-54.80208715,-56.98750381,322.777504,0.0243,34.4375,34.41666794,31.84375229,348.2813239,0.101397358,1.323356672,26.75755785,30,28.74999936,400,-43.43750381,-44.5520846,-43.46875153,-58.12500381,-57.86458588,-66.44375305,4.322535848,4.272166694,3.659369207,-98.93750763,-66.45721436
aspiny,-31.61631966,77.70370483,31.05989647,76.72801208,-48.32957077,69.42708588,201.2174226,-8.726273537,-73.35529831,7.1484375,-47.33188629,72.80439758,0.001081852,2.72893917,0.279938272,-50.84375381,-49.3359375,-57.31250238,594.843904,0.01582,36.125,35.27343941,38.17187595,207.8124881,0.079083309,3.679954944,10.23900473,50,31.5,260,-34.4375,-34.46093845,-40.78515816,-51.31250381,-49.63281441,-75.52344036,3.018972898,3.148984703,3.402901915,-99.78125,-74.57646942
aspiny,-32.1004982,268.3224487,28.81960297,267.453125,-50.30752945,209.4332428,288.8829612,-3.616122246,-77.87955381,5.068181992,-47.53125,255.09375,0.000844773,3.777441161,0.202873567,-50.28125381,-51.23958588,-61.71875,224.74288,0.06426,32.50000381,32.45833588,33.68750381,144.6876079,0.078147694,1.9638304,6.331227147,150,124.5416692,479.9999695,-31.28125191,-32.27083397,-36.59375191,-52.12500381,-53.19791921,-75.85937881,3.556752929,3.842818004,2.456698886,-92.00000763,-74.78723907
aspiny,-30.45536804,214.0437317,-2.071311951,214.4177551,-43.87287903,206.448761,150.3771397,-16.45194244,-83.25681587,-12.01036263,-43.39507294,213.0437317,0.000519308,1.806210443,0.967330684,-50.75000381,-49.29687881,-58.84375191,297.790624,0.01215,-0.4375,-1.421875,4.765625238,190.1340038,0.039263416,2.117572352,7.634171839,130,166.875,68.33333333,-32.90625381,-25.0625,-41.30208524,-51.03125381,-49.71875,-74.97916921,1.672161965,0.982695671,1.757991369,-94.4375,-73.6521225
aspiny,-29.98913002,337.0344238,17.06748199,335.6630554,-50.95289993,260.6956482,183.4435262,-8.549365997,-60.07901672,-3.455163002,-47.16032791,300.7228394,0.001014275,3.05946544,0.128571414,-51.00000381,-53.56250254,-61.78646024,78.749264,0.079295,15.34375095,27.17708397,25.15625127,103.4373865,0.032480493,1.597012352,7.661363258,209.9999847,195.5833333,830,-31.46875191,-35.43750127,-39.30208651,-54.37500381,-57.05208588,-73.07291921,3.088937786,3.681338659,2.408116415,-83.59375763,-71.76859283
aspiny,-43.25732422,166.3554688,24.89672852,166.3583984,-64.59912109,163.1699219,352.8740923,-7.7578125,-225.8307771,-8.767822266,-64.36352539,165.4130859,0.000443437,1.560781973,0.535286713,-65.46875,-65.31250509,-67.31250458,184.539952,0.014115,22.53125,33.85416921,29.28750191,182.5000048,0.119770825,1.259977216,10.93781356,100,111.9583333,380,-45.53125,-44.32292048,-46.40000076,-65.71875763,-65.44791667,-72.8187561,1.710360936,1.693460969,1.706936008,-92.1875,-71.70148468
spiny,-37.31573105,261.245697,42.11961365,262,-55.05926895,191.3534546,404.7259022,-0.676724136,-103.4360399,14.20689678,-45.49676895,263.2155151,0.00077931,3.9230631,0.15736075,-46.93750381,-48.55208333,-48.97500381,134.375424,0.05606,45.0625,43.84375254,43.75625229,161.5625024,0.056760743,1.047345536,22.03038024,110,100.6666667,1060,-37,-35.94791921,-44.71875153,-52.93750381,-55.56250127,-78.41875153,3.929530063,3.602018294,3.808848733,-94.50000763,-77.44673157
aspiny,-44.10649109,293.7769165,11.05216312,294.134613,-61.46826935,291.677887,268.4563216,-12.42668247,-202.136318,-14.77980804,-61.28485489,293.7692261,0.000438231,1.32144842,0.065550239,-64.59375763,-50.71631041,-65.71484375,180.26936,0.005765,18.87500191,32.17722328,21.72656322,114.2187491,0.058974858,1.517646976,5.98494111,160,124.6283661,350,-47.125,-36.06260131,-48.1210947,-64.71875,-54.58113716,-69.21484375,1.3286691,2.86741523,1.362956292,-83.125,-69.63807678
spiny,-38.31175613,78.62202454,20.87574387,78.21726227,-53.4709816,63.61904907,242.5804502,-17.17113113,-79.01013703,-0.832589269,-45.63541794,75.88690186,0.000872024,3.072196467,0.348888889,-46.06250381,-45.35416921,-51.34375318,148.071152,0.05157,20.0625,32.12500127,24.50000064,208.281219,0.015519354,2.172593664,28.80585114,50,54.99999873,700,-40.81250381,-36.21875127,-43.02083651,-50.21875381,-49.26042048,-76.31771215,2.958321485,3.098876882,2.901080818,-94.28125763,-74.98111725
spiny,-34.5524559,76.29463959,38.47488785,75.97767639,-49.8694191,58.02231979,277.5657111,3.514508963,-69.38012862,22.55524635,-41.34542465,69.49330139,0.001023214,4.00729168,0.197222222,-43.5625,-41.76562881,-46.59375,268.824672,0.025,41.96875,42.81250191,41.40625,257.8126788,0.013316173,1.38429568,33.71371624,50,33.25,400,-36.4375,-35.87500191,-44.28125,-46.93750381,-52.95312691,-64.53125,3.862946561,4.028920216,3.952576887,-88.00000763,-65.47064972
aspiny,-30.5,113.5367661,17.69577217,112.9301453,-47.92371368,99.47058868,149.1293155,-11.47702217,-72.36650883,-5.886029243,-46.19668961,110.4926453,0.001000588,2.054492616,0.065683962,-50.46875381,-53.33333588,-58.53125381,231.220416,0.04176,18.53125191,30.04166794,17.56250095,250.4687607,0.039782953,1.888996608,35.23558347,70,45.625,420,-36.15625381,-35.25000254,-37.14062691,-50.46875381,-53.44791921,-64.703125,2.299154703,2.379267977,1.913813436,-91.90625763,-64.08144379
aspiny,-30.29309654,522.3001099,6.871276855,525.3095703,-47.10255051,523.364624,164.0332983,-7.172269821,-159.0642427,-11.08032513,-46.72032928,527.9296265,0.000471661,1.000762862,0.024369757,-57.93750381,-49.81250381,-58.64375305,188.574464,0.00653,17.09375191,9.125000954,14.97500095,171.3169962,0.073621385,2.48694144,12.77194251,390,195.375,552,-39.28125381,-27.09375191,-42.80625,-58.0625,-73.09375763,-75.23750305,1.218288588,0.909594874,1.274759237,-92.75000763,-73.90486145
spiny,-39.02309799,163.6684723,31.578125,162.9891357,-57.22214508,128.342392,354.516628,-10.230299,-89.86387423,11.53396702,-47.95584106,156.5760803,0.000820435,3.951966309,0.141274453,-48.53125381,-46.17708333,-51.87500229,169.609664,0.05996,32,38.97916667,36.86250229,123.9062473,0.069372654,1.842838912,20.8559734,100,117.7083282,1080,-38.21875,-35.63541667,-45.30625153,-59.25000381,-55.64583333,-78.37500458,3.824072984,3.997622242,3.830650471,-92.0625,-77.85886383
aspiny,-29.42336273,101.8779755,37.22916794,101.6041641,-47.98586273,90.83036041,285.0948849,1.081101179,-122.1532837,-0.058035713,-47.02157593,100.5208359,0.000707619,2.326571729,0.187632972,-50.18750381,-51.06250254,-57.90625254,218.831968,0.04068,45.40625381,47.0208346,40.47916794,279.0625095,0.019543016,2.14764544,45.66068719,50,36.20833333,420,-34.03125381,-34.52083588,-36.96875127,-50.18750381,-51.08333715,-61.06250254,3.03771627,3.033792441,2.626297511,-90.71875,-60.47087479
spiny,-37.34975815,236.1394196,39.72115326,235.3076935,-55.10577011,167.8557739,362.3363482,1.231971145,-93.30876665,17.46153831,-46.38702011,223.4567261,0.000825577,3.916518088,0.146842113,-45.3125,-47.36458588,-49.1953125,338.927264,0.040535,41.625,43.89583333,44.50000095,191.5623844,0.029867589,2.873901056,23.80614401,110,57.74999873,840,-36.4375,-35.83333333,-45.62500191,-54.6875,-53.4270846,-77.60156441,3.918369879,3.895202308,3.713364813,-97.78125763,-76.08911133
spiny,-36.60416794,131.0868073,36.31076431,130.8680573,-53.69878387,94.86805725,267.8749613,-4.5078125,-88.65462888,12.00173569,-43.86284637,125.7222214,0.000904306,3.0277824,0.159469707,-45.6875,-46.95833588,-47.76250229,173.447264,0.04292,37.71875,40.08333397,40.49375076,210.468635,0.052643947,1.357400832,24.6336885,70,78.79166667,780,-37.78125381,-35.37500254,-44.68125153,-48.25,-53.08333588,-77.4375061,3.237167867,3.034442175,3.607511636,-97.21875,-75.30361176
aspiny,-39.13982391,824.4257202,1.340945482,826.2254028,-57.92841721,826.4478149,267.2641355,-17.39903831,-209.0704655,-16.40393448,-57.77319336,828.7300415,0.000328533,1.278090833,0.475162549,-60.81250381,-57.52083588,-64.00000095,95.944688,0.29055,0.84375,8.08333381,5.656250477,50.31257868,0.086492077,1.204505856,4.342867841,540,532.4583333,969.999939,-36.625,-31.1770846,-45.66406536,-60.90625381,-57.71875254,-79.50781822,1.156021092,1.137908752,1.401899866,-85.90625,-78.84593201
aspiny,-42.83111572,31.55319214,3.771941423,31.35638237,-54.41622162,27.48936081,198.5757827,-17.37965393,-118.4249444,-14.6875,-53.26462936,30.6648941,0.000536064,1.673909763,0.4754386,-52.3125,-53.69791794,-57.56875229,457.05392,0.011025,10.78125095,14.61458429,14.76875095,429.4642508,0.032933798,1.67726336,47.30799408,10,14.45833302,92,-44.65625,-44.05208715,-45.83125229,-55.40625381,-56.01042048,-63.1812561,1.816516538,1.798190938,1.754501261,-101.125,-61.41771317
aspiny,-44.49456406,189.3217316,20.02065277,189.1086884,-57.90706635,161.4282684,344.1389391,-11.39375019,-121.2069009,-11.97445679,-54.72499847,180.9880371,0.000598913,2.848623992,0.331399328,-56.21875,-56.50000191,-60.56250381,170.031024,0.020895,26.5625,30.28125095,30.2083346,148.4376192,0.092905499,2.733126144,8.940080812,110,126.125,143.3333333,-42.62500381,-41.34375,-44.6875,-60.1875,-60.1875,-70.07292175,2.834438656,2.851013832,2.533165933,-85.34375,-69.4498291
aspiny,-43.82249069,283.3241272,24.71465111,283.8852539,-65.90924072,282.4163208,359.7904866,-6.685536385,-275.875522,-3.584614038,-65.75597382,284.003418,0.000414973,1.304422575,1.034281851,-68.3125,-65.27083588,-68.88021215,188.709152,0.00818,28.03125,21.75000127,31.27083429,131.7187548,0.020038454,1.123117952,9.380348587,180,182.0833333,380,-45.96875381,-37.57291921,-49.28646151,-68.40625763,-65.36458333,-72.21354548,1.29955877,1.192220164,1.289112945,-87.46875,-71.57623291
aspiny,-32.33132935,316.0384521,21.1157856,316.0833435,-48.51202011,234.3669891,213.7510466,-6.516827106,-59.95969999,-4.414262772,-43.65745163,300.8589783,0.000998205,3.590133394,0.163963211,-48.87500381,-52.12500381,-55.30625305,192.516256,0.04228,25.18750191,26.3333346,29.41250114,137.812525,0.016486736,2.643021568,11.87175659,190,140.5416667,600,-33.15625381,-35.91666667,-42.21250153,-52.12500381,-56.67708715,-72.98125153,3.638775004,3.73777097,2.587479238,-87.0625,-72.51881409
spiny,-40.83018875,228.3183899,35.81839752,226.9198151,-52.80365753,171.0259399,274.7779328,0.901533008,-86.70273643,11.45283031,-48.25884247,214.6438751,0.000958491,3.16688859,0.152449577,-52.28125381,-54.41666794,-56.46875191,165.603216,0.04634,44.40625381,47.65625381,44.20833588,170.6249565,0.082336888,1.089118848,20.09975162,110,53.83333333,680,-39.90625381,-41.38541794,-45.7552096,-55.34375,-58.90625381,-67.51562627,3.65361795,3.8278382,3.548739313,-85.93750763,-66.70053864
spiny,-34.39809799,291.3967285,26.84239197,290.7010803,-53.60461807,196.2119598,235.3953111,-4.134510994,-76.5171079,10.25951099,-45.21603394,270.5652161,0.000881304,3.073161609,0.059493674,-45.03125381,-46.71875381,-50.70312595,154.824096,0.04755,31.78125191,38.65625,37.30468941,158.1249684,0.053062633,1.36147712,14.78521739,130,95.9375,770,-35.875,-35.73437881,-48.50781536,-51.90625381,-53.68750381,-75.38281441,3.150268835,3.234457208,3.458746413,-90,-74.18266296
spiny,-36.34027863,214,41.45225525,212.8177032,-53.66926956,167.8541718,331.9525284,-0.137586817,-100.3867578,17.75694466,-46.64583206,201.5364532,0.000853056,3.297434964,0.228257749,-50.5,-47.51041667,-55.63750229,163.486304,0.02634,43.50000381,47.11458588,47.70000229,163.9062911,0.133777648,1.493339264,14.22392314,130,123,670,-34.03125381,-33.51041794,-45.90000229,-53.125,-52.86458715,-75.68125458,3.066519683,3.399084333,3.94630015,-94.18750763,-75.37216949
aspiny,-36.42439651,50.22983932,27.17540359,49.53225708,-46.86996078,34.32258224,163.856559,-7.019153118,-52.79794975,6.721774101,-43.40221786,47.27016068,0.001319355,3.08105914,0.180357141,-45.3125,-45.32812786,-49.20312691,274.850656,0.0143,36.90625381,36.61718941,40.14062691,262.1875405,0.012766602,1.699929088,16.43394324,30,29.24999905,190,-39.18750381,-38.71875191,-38.14062881,-45.65625381,-46.00781441,-59.31250381,3.748012871,3.65916682,4.129441646,-84.50000763,-59.2249794
aspiny,-33.7578125,150.0073547,18.64200401,149.5680084,-48.95036697,126.5643387,253.1283544,-9.727022171,-108.1411648,-0.361213237,-47.44485474,146.71875,0.000622941,2.331913538,0.062923077,-52.09375,-49.59375381,-55.04687881,306.119712,0.01042,26.4375,24.0104173,30.17187595,243.5938269,0.23019594,1.130302592,14.56663002,90,114.8750025,260,-36.78125,-36.53125254,-44.87500191,-52.28125381,-50.3958346,-69.00781631,2.363736331,2.511961421,2.466903115,-96.87500763,-68.35307312
aspiny,-40.1428566,48.86606979,29.32291603,48.41518021,-49.48511887,40.34375,257.0641912,-7.2109375,-79.24127111,2.333705425,-48.21131134,46.20981979,0.000939762,3.24640068,0.645801149,-49.96875381,-51.17187691,-54.32292048,926.78016,0.00764,36.81250381,44.43750191,40.93750254,365.4686809,0.017415857,2.229840128,12.12637014,30,17.65625,140,-41,-42.62500191,-45.96875254,-50.78125381,-51.67187691,-64.57291921,3.500768659,3.581146539,3.490295288,-100,-63.87849808
spiny,-40.81370163,162.0576935,41.22235489,160.8701935,-53.84294891,126.6169891,370.6502175,-5.058894157,-104.7372524,8.961538315,-48.88902283,153.8541718,0.000900256,3.558376979,0.265322581,-53.25000381,-52.97916921,-55.31771151,238.371168,0.02462,48.93750381,51.79166794,46.63541794,156.2503874,0.165597677,1.98690688,10.74101406,100,87.66666412,509.9999695,-43.21875,-42.20833715,-45.5989596,-57.00000381,-57.18750254,-75.11979548,3.977182795,4.2728851,3.926365921,-93.28125763,-74.59506989
spiny,-35.11418152,193.6274109,37.828125,192.6706696,-48.81189728,154.6274109,300.8681569,0.933894277,-72.93862505,15.79747581,-38.98136902,186.5288391,0.000965385,4.131360042,0.162010715,-41.96875,-41.85416667,-49.27344131,168.252144,0.06194,49.31250381,49.08333715,48.99218941,114.8437113,0.219908431,1.857073152,18.74735001,110,95.95833333,1080,-38.28125,-39.71875254,-45.28125191,-54.75000381,-49.46875127,-73.22656631,4.919146154,5.944259882,5.230542222,-86.59375763,-72.22274017
spiny,-38.64583206,45.26736069,32.06423569,45.09722137,-55.30902863,38.82291794,244.4331926,-12.86024284,-72.87820462,3.637152672,-50.87239456,44.46180725,0.001141667,3.357231658,0.260379058,-52.18750381,-53.57291921,-55.30469036,215.622144,0.02698,38.84375,39.91666667,39.15625095,217.8126127,0.053710736,2.044145152,23.00959983,30,26.08333333,290,-40.21875,-42.82291794,-45.13281536,-56.21875381,-56.93750254,-62.11719036,3.74014504,3.934362141,3.732925269,-85.12500763,-60.79301453
aspiny,-36.58862686,491.5488281,7.747148037,492.7173767,-53.80572128,492.9980469,224.3319662,-11.9509325,-190.4948397,-12.36972523,-53.71512985,493.664978,0.000430658,1.168738131,1.266569383,-56,-56.72917048,-59.67500229,150.128064,0.00732,13.28125,14.61458397,21.88125076,105.000034,0.009475622,1.503816576,11.85494054,350,175.375,499.9999695,-31.78125191,-33.68750064,-45.51875229,-56.0625,-56.82292048,-68.31875305,1.166796647,1.163546627,1.391205708,-79.03125,-66.73152161
aspiny,-27.28125,240.7946472,24.140625,240.0148773,-42.69568634,154.9464264,159.6765021,-0.578125,-71.64063291,5.985118866,-35.9709816,230.7410736,0.000901429,2.146483771,0.005158265,-48.28125381,-43.62500127,-53.22321701,189.438848,0.0094,33.68750381,33.6875,40.86160823,165.7813638,0.038646281,2.173252864,12.07803553,150,158.5833333,350,-42.5,-30.39583588,-44.37946701,-49.34375381,-43.70833588,-67.45089504,2.808808833,2.211781302,2.968894601,-84.50000763,-67.05918884
spiny,-43.85021591,46.66810226,38.34375,46.65517426,-58.22844696,35.29310226,341.5968666,-3.059267282,-98.70706844,12.37068939,-52.31357574,45.49568939,0.000888448,3.461287064,0.288888899,-52.34375381,-49.98958333,-54.07812754,199.441536,0.03281,36.125,39.22916794,26.62500095,242.8124249,0.029357988,1.067503488,28.89382548,30.00000191,38.95833333,410,-43.28125381,-39.98958588,-44.19271088,-58.18750381,-55.16667048,-68.17187881,3.453035612,3.649723209,2.964148645,-94.09375763,-67.49119568
spiny,-37.10641861,370.2026978,21.85641861,369.6790466,-52.58868408,260.0946045,168.3733146,-5.163006783,-65.46269645,5.05405426,-46.33868408,351.5135193,0.000995811,2.560523429,0.087722125,-48.53125381,-48.14583588,-53.74375229,135.84384,0.028495,23.50000191,20.3645846,25.94375114,121.6346473,0.005994102,2.127970944,25.79001161,200,198.8333282,830,-36.59375,-32.37500127,-47.66250153,-52.53125381,-52.56250254,-68.33125153,2.446216143,1.924111154,2.872206214,-80.53125763,-68.02027893
spiny,-37.62708282,248.8833313,31.12395859,249.0583344,-53.546875,174.9750061,292.0137529,-1.998958349,-76.38393966,15.52395821,-46.34479141,240.1166687,0.000905333,3.874801598,0.11232666,-46.21875381,-40.85416794,-52.83854485,152.592768,0.05356,31.28125191,10.19791667,37.46875191,168.281287,0.057390586,3.618418944,24.35058888,90,143.2916667,690,-34.21875,-22.84375064,-47.19791857,-52.90625381,-45.2395846,-73.15625254,3.435799138,1.559923088,3.870173226,-91.31250763,-72.42537689
aspiny,-44.18732071,543.7502441,16.65417862,545.3271484,-64.40311432,545.4261475,344.7367093,-10.37979412,-244.8792715,-11.98857689,-64.22241974,546.9827271,0.000387169,1.409315043,0.839285974,-67.8125,-61.52083333,-68.578125,127.13072,0.006135,23.5625,14.08333333,27.84375143,97.65625,0.020350557,1.205601664,5.94965949,370,397.7083333,570,-47.03125,-33.53125127,-48.28125,-67.90625,-61.65625254,-80.67187691,1.437991024,1.139357109,1.417288084,-90.9375,-79.85688782
aspiny,-32.61446762,185.1502838,32.57338333,184.29776,-54.47472,172.8286591,290.9317151,1.901334286,-170.1113439,7.490168571,-53.85287857,181.1193848,0.000559551,1.706628696,0.413072845,-55.78125381,-55.25000254,-58.68750286,239.997968,0.03666,37.15625,35.9375,40.23437786,179.374963,0.180150211,1.325953024,18.46734999,110,102.2083333,670,-35.78125381,-32.3645846,-44.29687595,-55.87500381,-55.31250127,-75.28125381,1.807855402,1.703272953,1.898182943,-93.96875763,-74.30641174
aspiny,-32.35533524,191.4682922,31.14801788,191.567688,-57.88628006,188.6262207,290.8090669,3.025457382,-192.3590595,1.739024401,-57.58460236,190.5030518,0.000529634,1.510681721,0.734448891,-59.78125381,-56.51042048,-61.01250381,205.585184,0.024905,32.875,26.88541794,37.85000076,165.8035666,0.114712544,1.013483008,10.87097893,120.0000076,135.0833308,610,-32.3125,-24.78125127,-37.92500305,-59.93750381,-56.68750254,-73.67500458,1.500611803,1.366578758,1.617939408,-90.90625763,-73.29464722
aspiny,-33.50450897,106.4742279,15.46262932,106.4278336,-51.52512741,100.8634033,239.8333987,-6.157538891,-176.1808523,-9.340528488,-50.84310532,106.271904,0.00045067,1.357223578,0.469476744,-53.53125,-53.56250381,-56.98125381,221.217648,0.03555,20.65625,24.17708333,25.40625114,230.0000489,0.020030202,1.157938304,21.76769624,70,56.83333206,900,-36.00000381,-34.78125127,-41.34375153,-53.96875381,-53.84375381,-65.73125458,1.484301586,1.465336129,1.512706286,-89.71875,-64.28223419
aspiny,-40.96154022,298.8485718,20.88641739,299.2980652,-57.49639511,243.0384674,286.1552013,-7.451922894,-116.1352087,-6.6875,-52.93299103,294.6394348,0.000623654,2.475771325,0.166013072,-53.53125,-50.57291921,-63.5875,159.413728,0.078695,22.65625,14.1979173,16.87500019,144.6875781,0.049432039,1.924492672,8.417098796,130,155.3333333,600,-38.84375,-32.18750064,-40.43125,-59.09375,-53.88541921,-77.03750153,2.303219864,2.606565105,2.219238486,-92.6875,-75.72641754
aspiny,-35.76313782,127.227272,33.71733093,126.9176102,-53.87286758,105.7798309,334.2053664,2.62109375,-119.5108621,11.11967373,-50.94708633,124.4715881,0.000648864,2.801501523,0.300757576,-52.50000381,-52.05208588,-57.04375381,251.2776,0.04886,31.46875191,31.6041673,37.30625229,256.249994,0.057549957,1.47314624,14.77596179,70,58.29166667,380,-33.1875,-33.61458715,-39.68750153,-56.90625381,-57.36458715,-68.40000305,2.707687275,2.812900553,2.387709629,-95.53125763,-67.74913025
aspiny,-39.22367096,295.272644,21.60925102,295.455719,-54.78395844,288.9945984,337.5382985,-6.921505928,-211.4504431,-0.268331707,-54.41215515,294.3553162,0.00041315,1.596131707,0.744476749,-54.96875381,-52.17708715,-55.49375305,181.530896,0.01756,25.84375,18.4166673,31.15625076,120.6249967,0.01761928,2.126902912,7.36904719,180,206,600,-37.78125381,-33.23958588,-43.57500305,-55.15625381,-52.42708588,-77.10625153,1.567972576,1.463224308,1.586733126,-89.65625763,-76.74124146
spiny,-34.98150635,582.0331421,32.86543274,578.505127,-51.00701523,436.4081726,285.10839,0.59438777,-77.09437502,14.12244892,-46.4508934,546.1811523,0.000920816,3.714569525,0.080208325,-46.59375,-48.79166667,-52.40625191,133.24008,0.04376,35.5,37.53125127,41.39062691,94.37507391,0.046843294,2.0660032,15.59614822,290,134.4583333,1040,-33.78125381,-33.80208588,-45.44531441,-50.5,-56.23958588,-69.21093941,3.544246864,3.387342553,3.765874063,-79.125,-68.62188721
aspiny,-41.33597946,366.2829895,18.8772583,366.7524719,-58.24356461,367.3409119,295.53591,-7.070338249,-238.268184,-6.351930618,-58.12630081,367.3038025,0.000418664,1.243504551,1.500559577,-55,-52.43750381,-60.73125305,299.06048,0.02072,13.87500095,11.32812548,25.41875038,132.499963,0.031159448,2.09630656,5.925446886,230,221.8124924,520,-31.1875,-29.546875,-46.73750153,-55.125,-52.50000381,-80.97500305,1.091180091,1.071233397,1.361505511,-94.65625,-80.30430603
spiny,-35.43800354,281.6028137,29.62449646,279.5221863,-52.28225708,216.3669281,212.0842477,0.346774191,-56.94940455,11.60181427,-47.30443573,261.3447571,0.001228387,3.675975655,0.194791678,-48.03125,-46.90625381,-53.40000153,191.759936,0.0396,34.15625,34.77083588,43.0875,177.9687554,0.022963641,2.652618752,18.15173423,130,66.66666667,830,-36.375,-33.27083333,-47.24375229,-50.90625381,-54.29166921,-77.42500305,3.726996104,3.665446728,4.79440877,-95.28125763,-77.02668762
spiny,-38.91145706,306.515625,39.65104294,307.265625,-56.12760544,206.5104218,392.6362733,0.455729157,-103.9676437,16.27604103,-46.61979294,300.5260315,0.00075,3.788875955,0.03478261,-47.3125,-48.85416794,-50.73750229,114.36252,0.050415,44.5,47.31250127,47.21875229,132.1428567,0.082345188,2.242261504,15.43219449,130,94.04166921,880,-36.28125,-39.06250254,-46.32500305,-54.34375381,-58.62500381,-73.11250458,4.03217087,3.968073413,4.480384174,-87.75,-72.10011292
spiny,-32.7008934,176.0165863,34.05038452,174.5306091,-47.19738388,137.4693909,192.9940162,2.650191307,-63.76168517,14.29209137,-40.12308502,165.5599518,0.001130612,3.041289672,0.284614243,-47.00000381,-46.4375,-51.02083524,461.426208,0.02402,38.75,40.609375,44.35937627,351.0938287,0.073956214,2.445953024,24.00172453,70,36.4375,340,-34.18750381,-36.09375191,-45.38541857,-49.15625381,-54.17187691,-69.46354548,2.976502882,3.735705905,4.582405801,-100.2187576,-68.21975708
spiny,-34.36875153,149.9833374,30.26874924,148.6833344,-58.46250153,100.0250015,201.62961,0.729166687,-75.89028067,12.72500038,-48.20416641,143.2833405,0.000982667,2.648053492,0.122536873,-48.15625381,-45.51562691,-51.30469036,263.157632,0.0343,33.59375,30.92187786,34.33593845,267.968744,0.105482265,2.616171264,34.12453009,70,99.5,830,-35.03125,-31.21875095,-43.61718941,-57.03125,-54.48437881,-80.30468941,2.771787704,2.103482792,2.887080068,-103.3437576,-80.16756439
aspiny,-35.21323395,329.8272095,0.915441275,330.6176453,-55.47242737,311.2169189,143.9006523,-14.25183868,-125.6288717,-18.27389717,-53.86948395,328.0955811,0.000613382,1.070170673,0.164508906,-60.03125381,-50.71631041,-61.04375229,197.72352,0.01007,16.25000191,32.17722328,20.61875076,155.1563293,0.013872665,2.202409984,8.316692295,210,124.6283661,610,-36.4375,-36.06260131,-47.23125305,-60.09375381,-54.58113716,-78.75625305,1.378055475,2.86741523,1.617708924,-99.53125763,-77.75606537
spiny,-42.53944778,394.1393433,35.18647385,394.3504028,-55.31813431,306.9528809,339.5740551,-0.959016383,-100.7554726,11.13780785,-47.45235825,391.1721191,0.000745082,3.383577472,0.133984373,-48,-49.91666921,-49.10937786,144.503296,0.066485,40.62500381,40.48958588,40.14843845,104.3749973,0.041612457,1.727617152,15.46397891,170,190.5000051,1250,-40.90625,-40.63542048,-50.36719036,-58.87500381,-55.56250381,-83.35156822,3.465385114,3.093949545,3.504220476,-93.59375763,-82.97408295
aspiny,-38.14286804,304.5541382,17.06324768,305.6034546,-57.28596115,305.867218,334.7690937,-7.541193008,-243.8238985,-6.080068588,-57.10219955,306.9396057,0.000344486,1.374284408,0.772348471,-58.03125381,-56.73958715,-61.57500305,136.727376,0.01057,19.00000191,19.7708346,19.76875114,145.6250399,0.011843809,2.251376384,6.399643674,190,192.4583333,430.0000305,-34.15625,-33.13541921,-40.76875153,-58.15625,-56.85416794,-70.15625305,1.272069818,1.266609754,1.404370552,-85.46875763,-69.59012604
spiny,-36.34079361,245.3158722,34.93074417,244.4746552,-55.83192444,201.6334534,340.5290986,-2.007179022,-93.97637082,12.25717926,-50.77787018,232.8918915,0.000828108,3.630977016,0.223126011,-50.28125381,-52.39583588,-52.75000381,205.279888,0.0448,36.87500381,37.84375127,40.68125229,167.0312434,0.047523562,1.060017664,15.63472063,110,79.79166667,760,-33.31250381,-34.03125127,-46.33750229,-55.78125381,-58.87500381,-76.26250458,3.221203961,3.007141281,3.67449489,-93.40625,-75.78450775
aspiny,-29.58978081,204.7757874,28.02579308,204.1865082,-46.46974182,153.9127045,233.1447662,-8.221230507,-87.89625684,4.553075314,-43.31845093,199.9960327,0.000843492,2.63519527,0.189173225,-48.37500381,-46.32291921,-52.74375305,207.780624,0.0119,32.3125,33.93750127,35.00000229,170.0000018,0.055036597,1.371334144,9.874531333,119.9999924,123.6249975,400,-32.375,-34.83333588,-40.40625076,-48.40625,-46.47916921,-67.66250458,3.124044721,3.033214722,3.329024715,-85.96875763,-67.16606903
aspiny,-39.55613327,100.6111145,15.32523155,100.6226883,-59.640625,95.39583588,265.793954,-10.25289345,-176.3433437,-10.03877354,-58.93113327,100.0092621,0.000482407,1.504583624,0.433858297,-60.375,-54.95833588,-60.46875254,223.109568,0.02165,17.12500191,19.66666857,20.52083365,232.1875095,0.111068346,2.54620416,17.26916911,60.00000381,93.16666667,440,-44.06250381,-36.2708346,-45.07812691,-60.50000381,-55.19791794,-72.39063009,1.653559131,1.522486984,1.677288403,-96.71875,-71.75421906
spiny,-46.30644989,244.7661285,39.23084641,244.5766144,-61.26108932,174.5201569,474.5261249,-4.601814747,-118.9173515,14.2247982,-54.80846786,242.4637146,0.000700645,4.001331776,0.115174903,-51.78125381,-50.41666794,-52.07500381,158.781888,0.045985,46.65625,49.43750381,44.01875153,175.0000417,0.036180742,4.293581824,22.93857908,90,90.5,930,-42.5,-39.2395846,-49.23125305,-57.81250381,-57.88541667,-79.89375305,4.311725613,4.376350198,4.480303986,-95.40625763,-78.55164337
spiny,-30.45075798,181.5795441,22.21938133,180.6351013,-44.94255066,148.7474823,183.6000931,-10.07481098,-47.19116472,8.604482651,-39.32291794,167.4911652,0.001233182,3.960710071,0.185820914,-44.90625,-45.60416794,-49.4947923,177.432224,0.067105,28.12500191,37.23958588,30.73958492,151.5625715,0.022533908,1.869972224,17.46304097,70,111.2083308,1060,-33.90625,-31.82291985,-36.60937627,-56.46875,-52.31250381,-80.04166794,3.347637309,3.704888715,3.389224066,-96,-79.08957672
spiny,-33.2456398,80.4825592,35.8081398,80.40988159,-50.84156799,60.2296524,249.8323374,-5.582849026,-70.93725681,11.7543602,-41.4527626,76.47674561,0.001089767,3.528846186,0.205181347,-45.09375381,-43.01042048,-49.39375229,203.545152,0.04692,43.34375381,49.14583715,48.01250305,174.5312065,0.038415544,1.532670848,22.40492936,50,81,600,-33.12500381,-31.86458397,-42.43125305,-49.59375381,-47.87500381,-71.73750458,3.878434535,4.615466755,4.676046215,-92.5,-72.24253845
aspiny,-42.22993851,450.3779907,9.317307472,451.3209534,-63.40732574,450.6730652,300.3665329,-11.89564037,-281.7434149,-16.36347771,-63.25024796,452.2748718,0.000334615,1.060052254,1.142708283,-65.71875763,-50.71631041,-65.28125305,122.689304,0.0066,16.21875191,32.17722328,21.81875153,102.0312533,0.044828389,1.432628096,6.880349224,270,124.6283661,509.9999695,-43.68750381,-36.06260131,-46.68125153,-65.78125,-54.58113716,-76.2375061,1.147831967,2.86741523,1.23003412,-99.28125,-75.24829865
aspiny,-32.34411621,579.1147461,11.471838,580.5548706,-51.91033173,580.37854,258.2493378,-9.577941895,-209.7164455,-7.136358738,-51.79391861,581.8917236,0.00038737,1.224324226,0.89617642,-60.375,-50.98958333,-59.32291985,174.189168,0.00398,20,6.666666985,14.23958429,122.6562485,0.011533597,1.304211456,8.044176572,380,267.3749949,489.9999695,-38.28125,-25.31250127,-41.37500191,-60.43750381,-51.04166921,-70.21354548,1.280110777,1.005132734,1.395001753,-83.96875,-69.96723175
spiny,-36.81908035,175.9407959,35.41228104,175.4758759,-54.14912415,144.5350952,332.0165609,-3.124451637,-103.1911492,12.39418888,-47.50658035,169.5504456,0.000770526,3.230437461,0.176775148,-47.43750381,-48.25000254,-51.50625229,268.338656,0.11532,39.3125,40.75000254,40.96875076,193.4373528,0.024723914,1.463994368,25.05025796,70,65.99999873,720,-36.34375381,-35.1770846,-45.55000076,-53.78125381,-54.38541794,-75.73750305,3.420410213,3.339686864,3.760698875,-95.46875,-74.21207428
aspiny,-38.22953033,364.2831116,21.46601486,364.8003235,-52.64968872,359.0518799,343.2241262,-6.577890396,-218.7022013,-0.280624986,-52.33031082,364.1768799,0.00039335,1.570745927,1.068324112,-53.81250381,-49.75000254,-54.34375381,168.996736,0.01672,24.59375191,16.53125064,30.71875191,115.6250015,0.020745218,2.552456704,7.296394564,230,215.9166667,600,-36.65625381,-32.18750127,-50.43750381,-53.84375,-50.02083588,-78.34375763,1.535441501,1.384049373,1.553317632,-89.90625,-77.75634003
spiny,-34.35526276,245.7467041,36.75740051,245.1940765,-55.97697449,192.5559235,402.7073784,-1.034539461,-118.3755234,12.90213776,-49.359375,237.75,0.000664605,3.402715443,0.233596825,-48.78125,-48.23437881,-50.43125153,245.20992,0.037405,40.125,40.34375381,40.88750076,211.250037,0.052009717,1.61492544,21.48933854,119.9999924,140.625,890,-33.5,-33.90625,-45.96250153,-56.625,-55.40625191,-82.78750305,3.541706202,3.329690695,3.59107632,-99.09375,-82.49079132
spiny,-43.84999847,117.7125015,40.22916794,117.4958344,-59.38645935,84.25416565,367.1863994,0.878125012,-137.4766902,11.47916698,-54.55833435,115.1083298,0.000676333,2.671393982,0.222500016,-54.59375381,-50.96875381,-55.64375153,248.194624,0.04385,41.90625381,44.828125,38.70625229,214.5312876,0.062032547,1.300201984,20.43393865,70,57.81249809,610,-42.59375,-39.75000191,-45.67500076,-59.68750381,-55.875,-75.70625763,2.709897683,3.097556418,2.946125311,-97.59375763,-74.41059875
aspiny,-42.64352036,66.625,19.62615776,66.41666412,-56.94444275,57.80092621,248.3999613,-4.878472328,-141.7870664,-9.414351463,-55.50810242,65.42592621,0.000597037,1.725129946,0.033800842,-59.37500381,-56.8125,-60.57500153,278.821728,0.024615,27.37500191,28.68750127,27.88125076,343.1250751,0.015280343,1.892950272,36.15066007,40,43.91666667,410,-46.21875381,-43.32291667,-47.9,-59.53125381,-56.92708588,-70.78750458,2.010473518,2.062377639,2.03684306,-101.0937576,-70.15684509
spiny,-41.98918152,196.0240326,46.49519348,196.3125,-58.48918152,136.3557739,437.1629812,1.573317289,-108.9782239,18.71634674,-49.37019348,190.134613,0.000820385,4.027329554,0.158219189,-48.93750381,-49.46875381,-51.33750229,146.058656,0.04346,49.87500381,49.91666921,50.17500305,132.0314407,0.026916487,2.773640192,19.94620678,90,84.12499746,770,-41.34375381,-40.97917048,-48.68125153,-55.75,-54.20833588,-78.55625305,4.073372887,4.124588673,4.424470578,-96.375,-77.57312775
aspiny,-35.87740326,249.1057739,26.80849266,248.8397369,-57.05609131,235.8974304,296.846304,-0.71714747,-187.8639378,0.668269217,-56.16506577,247.8717957,0.000508205,1.56927898,0.030128756,-59.15625381,-55.79166921,-60.96875238,276.376992,0.01734,35.40625,29.76041857,39.57031298,200.3125399,0.060223412,2.040719616,18.35441918,140,172.9583333,530,-41.21875,-32.66666794,-45.94140959,-59.34375,-55.88541667,-72.53125286,1.745439587,1.563597735,1.787206583,-94.90625763,-71.85500336
spiny,-38.16666794,195.3371277,33.90056992,195.1969757,-55.16761398,139.2386322,351.0043476,-3.776515245,-99.08325042,10.50946999,-47.70928192,186.5643921,0.000755758,3.547016809,0.16140583,-46.09375,-47.67708715,-50.71250229,202.246992,0.04401,36.81250381,36.5833346,35.05625153,190.4687583,0.1142416,1.363591552,23.7795135,70,61.12499873,740,-38.84375,-36.42708588,-45.73750076,-58.28125381,-58.65625381,-73.01875,3.618316695,3.402530523,3.673309848,-93.9375,-72.72685242
aspiny,-33.79595566,238.3768311,26.55744553,237.5845642,-47.60523987,182.0753632,195.1207196,-3.112132311,-69.22747067,7.754595757,-43.55514526,227.5110321,0.000952353,2.836015989,0.201971835,-46.65625,-47.06250254,-50.04166794,186.834128,0.01922,28.12500191,31.87500191,28.28125127,140.0000006,0.199175343,1.322247424,10.21040909,140,156.6666667,509.9999695,-37.84375381,-36.06250127,-41.34375254,-48.15625381,-52.12500127,-67.0625,2.554788722,2.78722517,2.248893399,-76.71875763,-66.68201447
aspiny,-44.06097031,265.8512268,13.17768383,266.6383362,-62.68425751,265.9844971,348.7530222,-12.83501434,-256.821124,-11.186059,-62.46505737,267.447052,0.000340634,1.359751266,0.916071428,-64.65625,-62.43750381,-65.24375153,135.434912,0.01156,14,19.06250127,16.96250076,128.9061755,0.033337042,2.18525952,5.654737917,170,187.875,509.9999695,-41.8125,-41.16666794,-47.07500305,-64.84375,-62.52083715,-76.75000305,1.267841187,1.177116768,1.283757514,-99.75000763,-75.96366882
spiny,-39.01215363,253.7291718,31.32291603,252.6944427,-53.28993225,169.9861145,258.0519816,-4.451388836,-62.25765387,12.671875,-47.29166794,230.777771,0.001124167,4.14898741,0.102976196,-48.875,-49.1979173,-53.62500153,164.929792,0.058865,31.68750191,32.15625191,33.13125076,139.6875381,0.029876072,1.618939776,27.60472776,130,126.7916667,568,-38.28125,-37.66145897,-45.45000076,-52.15625,-55.41145833,-65.31875305,3.987668409,3.942256726,4.055641643,-79.625,-63.8380661
aspiny,-34.29078293,311.8300781,23.64671516,312.1326294,-48.8086853,302.3207703,324.9779624,-5.061122894,-203.9813,2.472033978,-48.36440659,311.2165222,0.000404814,1.59303281,0.862666671,-50.93750381,-49.97916794,-53.76562786,173.161664,0.01404,25.37500191,21.18750191,27.50781441,134.3749911,0.048874334,1.20598976,6.825851284,190,187.5,499.9999695,-32.65625381,-31.65625064,-39.8984375,-51.03125381,-50.50000127,-73.2578125,1.536399818,1.470370812,1.614207161,-87.59375763,-72.98937225
aspiny,-36.28282166,252.6627502,12.40824223,252.8569641,-50.05369186,243.9530182,246.8609424,-11.60717297,-138.4573779,-4.927852154,-49.62961578,251.2290344,0.000491611,1.779867218,0.876515177,-51.78125381,-52.04167048,-56.09766006,239.527664,0.01284,9.375,12.95833365,18.99218869,165.3124988,0.029175999,1.203336704,7.823417232,150,157.9583333,430,-32.15625,-33.34375,-42.28515768,-52.50000381,-52.79167048,-74.22265816,1.495754729,1.542461108,1.777182478,-92.03125763,-73.73062134
aspiny,-44.21847534,244.2016144,22.90634155,244.3673096,-63.12215805,242.0095367,344.16769,-7.415322781,-208.4578396,-4.966000557,-62.8822403,243.493042,0.00046107,1.65229443,0.614248203,-65.09375,-59.96875254,-64.3828125,199.913696,0.01313,28.28125191,25.01041667,32.12500238,101.5625,0.085984439,1.112654592,5.99624574,160,181.4583333,540,-45.0625,-32.91666794,-46.390625,-65.31250763,-60.07291921,-78.86719131,1.651281835,1.511880078,1.731274021,-90.90625763,-78.39379883
aspiny,-39.65695953,161.7982941,18.94247246,161.2897797,-54.34588242,134.3892059,268.2748634,-4.730113506,-177.979335,-8.729403496,-52.5625,159.0198822,0.00047,1.492521025,0.088149351,-56.78125,-50.5833346,-58.46250381,257.175168,0.02668,27.3125,23.97916667,29.23750153,258.2812905,0.006307118,1.171929088,24.38192346,70,95.20833079,92,-44.4375,-38.07291667,-47.51875305,-56.84375381,-51.20833588,-72.24375153,1.795928686,1.581759806,1.778675997,-98.37500763,-71.5616684
aspiny,-42.0021553,119.8836212,29.0625,119.9741364,-61.65301895,101.7327576,270.6245897,-5.332973957,-135.8054765,7.610991478,-59.86853409,119.4698257,0.000673793,1.98827898,0.219708502,-60.81250381,-60.65625381,-62.65625286,192.807776,0.05426,31.62500191,34.02083715,32.99218941,182.6562136,0.068087116,1.216059136,23.881926,70,85.625,720,-42.46875381,-43.27083715,-50.31250286,-60.87500381,-60.75000254,-78.07812881,2.030663742,2.129379309,2.203167522,-97.59375763,-77.90122986
spiny,-29.07291603,150.7678528,35.98511887,150.0654755,-49.90029907,99.55357361,242.8011956,-2.620535612,-65.17574525,19.46130943,-39.78422546,140.8214264,0.001081905,3.726815657,0.115153631,-42.15625381,-42.15625381,-45.99375229,163.351712,0.06136,43.53125,44.90625381,46.28125076,187.1875674,0.072434857,2.915335168,32.55505557,70,77.375,900,-29.21875191,-29.00000191,-38.51875,-52.03125381,-52.67187691,-68.73750153,3.87456911,3.83436526,3.911480885,-86.87500763,-68.36049652
aspiny,-40.14539337,483.0023499,11.74435139,483.9803467,-57.02838898,481.7171326,280.452835,-12.79320717,-179.4046619,-11.80355072,-56.78279114,484.5407715,0.000431937,1.564415329,0.716402057,-59.40625381,-59.12500381,-61.73125305,86.9816,0.013485,11.625,16.60416762,24.16250114,67.18768924,0.067719519,1.29641216,7.294103547,310,271.875,780,-35.40625,-40.96875127,-49.17500229,-59.53125381,-59.35416794,-78.78125305,1.393662928,1.402116227,1.609451553,-95.34375,-78.44791412
aspiny,-48.06770706,33.25,10.1796875,32.97916794,-59.25520706,30.046875,203.1166424,-12.89973927,-114.5275663,-12.41796875,-58.60416794,32.125,0.000651875,1.770016965,0.113037976,-61,-59.22916794,-62.50000286,438.913472,0.007175,13.5625,25.44791794,22.95312595,454.5311928,0.003033064,1.316750592,25.44424571,20,21.125,160,-51.25000381,-48.03125127,-49.36718941,-61.21875381,-59.35416921,-65.82812691,1.807894992,1.995739901,1.954102419,-97.125,-64.80335236
spiny,-37.96440887,93.59027863,43.44618225,93.18055725,-58.70138931,77.28125,387.3863482,1.559027791,-95.10206127,19.1875,-51.84114456,90.36458588,0.000976111,4.576873937,0.189015148,-48.5,-49.12500127,-49.60416794,176.63032,0.05512,46.62500381,47.63541794,50.00000127,149.5982409,0.086084589,1.288594432,26.52250466,50,56.45833206,670,-37.875,-37.93750254,-44.45833715,-58.03125381,-56.14583715,-68.48958588,4.62105773,5.40114263,4.889519591,-86.46875763,-67.97957611
spiny,-35.080616,248.6177521,23.34420204,245.9981842,-50.23867798,184.5778961,179.2569573,-6.999547005,-78.60707869,4.335597992,-46.15398407,229.1757202,0.000876377,2.270186667,0.162266362,-49.4375,-49.91666667,-56.39062786,139.463376,0.051735,30.375,34.94791667,33.41406345,172.3437458,0.166858181,2.26567424,17.82524773,130,125.5000025,650,-33.9375,-34.4375,-46.92968845,-53.40625,-54.18750127,-73.62500381,2.455814351,2.310317396,2.542698816,-92.43750763,-72.85210419
aspiny,-40.73724365,219.7465973,26.35778046,219.6870728,-52.73682022,195.3520355,328.6459514,-7.432397842,-78.13136057,9.558673859,-51.26084137,212.6411591,0.000810748,4.25353373,0.467913669,-52.93750381,-53.95312881,-56.26562691,179.801392,0.085,28.4375,32.5,31.39062691,148.4375,0.001461738,1.074632192,14.62791639,130,116.1875038,340,-39.68750381,-41.65625191,-45.39843941,-54.84375381,-55.92187881,-65.04687881,3.770472064,3.834839508,2.660325734,-79.71875,-62.11231232
aspiny,-42.93788147,420.1280518,1.37842989,420.4908447,-60.00304794,412.699707,221.9548664,-15.32660103,-209.9634593,-18.15091515,-59.51181412,420.7652588,0.000375549,1.054369918,1.990630198,-62.0625,-50.71631041,-62.02083588,248.457648,0.006205,5.437500477,32.17722328,10.27083365,193.1249648,0.056996655,2.106918528,11.01648817,230,124.6283661,480.0000305,-42.93750381,-36.06260131,-44.50000254,-62.21875,-54.58113716,-77.53125509,1.113791122,2.86741523,1.204845839,-100.3750076,-76.64531708
aspiny,-33.02577972,223.1484375,27.69101524,222.1531219,-45.4765625,157.8999939,196.0662816,-10.21367168,-71.85207824,3.29257822,-39.53281403,211.5625,0.00099675,2.695626284,0.082855364,-46.53125381,-46.92708715,-50.56250254,225.818512,0.01068,36.9375,34.95833588,36.19791794,169.9775606,0.099688672,1.584486912,9.540014836,130,126.25,330,-43.09375381,-35.34375127,-48.11458588,-47.81250381,-46.94792048,-75.40625509,3.235313448,2.67728847,3.344918113,-93.53125,-74.94171906
spiny,-42.04829407,69.10227203,43.25,69.1818161,-59.22443008,41.77272797,367.8826202,-1.1875,-101.3604849,16.24431801,-49.5625,68.0681839,0.000872727,3.629749511,0.241893645,-49,-45.36458715,-49.39583588,175.231728,0.04928,46.5,40.96875127,46.83333588,214.9999291,0.105568714,1.215148288,28.29065968,40,52.99999873,550,-40.59375,-36.45833588,-43.8958346,-57.68750381,-54.01042048,-69.08333588,3.749907132,3.585782267,4.043976644,-92.25000763,-68.58087158
aspiny,-35.17750549,444.1548462,21.52631569,444.7712402,-47.34666061,380.1361389,254.4184991,-5.980010033,-61.60963952,-2.841599226,-45.40979385,426.0673218,0.000949069,4.271227595,0.440534208,-51.28125,-49.90625254,-59.51250229,183.4248,0.01062,28,25.41666794,31.23125153,134.5311701,0.043507423,1.25235648,8.441577214,280,262.4583333,660,-34.15625,-33.04166667,-39.16875153,-51.50000381,-50.64583588,-76.04375305,2.877833377,3.136740056,2.71556272,-89.37500763,-74.50608826
spiny,-33.53464508,248.1277161,26.83899498,247.5760803,-50.91508102,184.9510803,193.8125229,-10.43682098,-46.68013803,11.97350502,-46.42323303,225.25,0.001381739,4.163986072,0.09615385,-49.90625381,-49.38541921,-53.93750254,120.156424,0.0544,27.37500191,30.31250191,29.6354173,139.5432651,0.04143475,1.17521664,24.38412259,130,135.25,800,-34.96875381,-33.02083397,-43.31250254,-54.21875381,-54.15625254,-68.22917175,4.076530399,3.937997811,3.774782498,-83.625,-67.83050537
spiny,-31.02309799,382.3287964,42.15013504,381.8804321,-50.71875,293.3423767,406.6295019,6.095788002,-132.6166659,19.51630402,-45.20923996,374.0162964,0.000619565,3.113793546,0.10447761,-45.56250381,-48.53125381,-50.79375153,151.12976,0.04087,43.65625381,45.07291667,48.85000229,166.7187065,0.01191977,3.663048704,17.8996722,170,98.08333333,880,-27.46875191,-29.4895846,-44.13125153,-51.00000381,-54.26041921,-78.33125458,2.838597271,2.811908544,3.350548696,-94.34375,-77.05005646
spiny,-43.65429688,69.40625,34.45117188,68.25,-60.59765625,47.5078125,320.9414242,-4.72265625,-123.8616182,7.169921875,-54.51757813,63.8828125,0.000746875,2.591697444,0.218604651,-54.90625381,-54.78125191,-56.85937691,159.277248,0.02257,33.12500381,42.59375381,35.43750191,268.3593631,0.022249646,2.41321856,54.03598649,40,23.9375,350,-42.5,-42.875,-48.35937691,-60.15625381,-60.01562881,-69.90625381,2.446425001,2.981056576,2.8866538,-96.93750763,-66.95989227
aspiny,-32.34361267,230.3542633,11.56209087,230.177948,-48.08488083,219.8782806,214.9611441,-9.383733749,-137.339236,-5.095387459,-47.58010483,227.633194,0.000496769,1.558332263,0.670603765,-54.40625,-49.65625127,-56.42187691,263.33368,0.01508,23.46875191,15.65625032,31.05729326,166.0937816,0.026106745,2.086013952,7.938710009,130,125.2916641,460,-33.90625,-30.13541794,-41.81250254,-54.43750381,-49.84375254,-75.36458715,1.420498792,1.288794334,1.515246251,-92.28125,-74.475914
spiny,-39.34074402,165.3870239,29.65925407,164.9711609,-52.140625,126.0552902,262.8982645,-6.284255028,-53.92289918,12.31129837,-45.66947174,153.384613,0.001189615,4.894682874,0.188852097,-48.8125,-51.41666921,-56.04166921,257.497024,0.1441,34.18750381,34.25,34.27604294,244.6876168,0.148279145,1.156918528,32.52406867,90,59.91666667,105,-39.37500381,-39.03125,-43.64583524,-54,-56.90625127,-69.46875381,4.680927714,4.626926716,3.965149085,-95.18750763,-67.98036194
spiny,-39.91484451,190.9187469,39.24452972,190.6031189,-57.25390625,144.5843811,334.6474576,-0.800000012,-82.20177603,13.26093769,-52.00624847,183.9031219,0.000996,4.07596495,0.248937908,-53.06250381,-53.81250254,-55.33125229,303.312192,0.0254,41.28125381,43.2395846,42.70625,259.2858076,0.021789586,2.200864768,18.30882305,90,83.625,540,-39.37500381,-37.90625381,-46.23750381,-56.78125,-58.2395846,-72.63125,3.979868298,3.720107927,4.227205476,-100.28125,-72.34536743
spiny,-30.8683033,401.7202454,23.00074387,399.2380981,-47.60081863,292.0431519,162.0235967,-11.80543137,-36.08955993,6.396205425,-43.5982132,351.4389954,0.001678929,4.596745773,0.151253127,-46.25,-48.09375127,-60.25000064,363.180928,0.01753,25.75,44.97916794,31.90625032,205.7588547,0.01314019,4.412950528,9.343206768,230,64.66666667,616.6666667,-34.75,-33.8645846,-34.94791794,-48.21875,-52.71875127,-76.15104421,3.617298953,4.260809817,3.598138708,-95.43750763,-75.35630035
spiny,-41.24831009,101.75,25.55996704,101.7635117,-52.53209305,73.29729462,246.1473559,-14.97212791,-99.17282594,-0.30067569,-45.15287018,100.1621628,0.000811892,2.486600079,0.282712786,-47.50000381,-49.71875254,-49.64583524,98.462824,0.046195,27.53125191,47.62500381,39.63021024,237.6562953,0.113893174,1.31449856,24.89471479,60.00000381,65.1666654,610,-42.28125,-41.1458346,-44.82812691,-54.34375381,-51.41666921,-76.61979675,2.469401613,3.118058694,3.038037289,-96.93750763,-75.74929047
aspiny,-38.29624939,198.8141632,17.56541634,199.3383331,-52.80625153,195.9633331,213.9207102,-2.854166746,-157.8054264,-6.211874962,-52.47499847,198.4908295,0.000529167,1.347427017,0.362352552,-57.1875,-55.97917048,-60.64375153,158.493728,0.016055,24.75000191,26.98958397,21.81250038,179.6874255,0.029339772,1.883763328,18.38721141,110,119.6666616,440,-45.15625,-43.92708588,-45.60625229,-57.31250381,-56.08333715,-70.58125458,1.588035163,1.551083887,1.569585561,-89.625,-69.33078766
aspiny,-38.37926102,119.227272,16.27414703,119.0681839,-56.08380508,105.210228,265.1338214,-5.453125,-209.9704145,-4.448863506,-54.86363602,118.022728,0.000444545,1.240441295,0.319108527,-59.31250381,-50.71631041,-60.50625305,262.710672,0.0069,26.50000191,32.17722328,30.42500114,214.5313621,0.028429704,1.38108544,13.23597298,90,124.6283661,260,-42.09375381,-36.06260131,-44.76250305,-59.34375,-54.58113716,-65.6000061,1.353678606,2.86741523,1.448916205,-89.34375763,-64.43663788
aspiny,-49.10244751,323.0521851,13.75839424,324.1282349,-65.26122284,323.7164307,414.5007171,-12.61974144,-336.2334157,-11.86903286,-65.05764771,325.4057312,0.000271359,1.233376174,0.727720004,-66.31250763,-61.38541921,-64.48437881,86.823304,0.13212,15.625,20.2916673,21.56250095,84.37496424,0.031659912,2.121490176,4.444642889,190,276.25,489.9999695,-47.65625381,-40.60417048,-49.09895897,-66.46875,-61.53125381,-71.63021088,1.179003856,1.128048974,1.179568544,-80.03125,-71.20601654
aspiny,-42.24081039,108.1764679,14.08455849,107.0514679,-54.625,57.78676605,152.5578365,-13.8805151,-80.7414486,-2.96875,-48.16727829,103.6985321,0.000851765,1.843621741,0.003333333,-53.03125,-50.71631041,-54.79375305,203.16768,0.00916,26.71875,32.17722328,28.77500191,145.3126967,0.043897744,1.347805952,11.67208281,70,124.6283661,300,-45.65625381,-36.06260131,-50.18125153,-53.31250381,-54.58113716,-67.94375458,2.783459103,2.86741523,3.163662537,-86.71875,-67.03822327
spiny,-33.16493225,67.08333588,34.75347137,66.6875,-59.75173569,54.0625,272.4006562,-3.123263836,-75.54408639,16.73263931,-52.80208206,65.125,0.001071111,3.596973301,0.145338983,-51.50000381,-53.87500381,-55.00781536,311.466592,0.02066,37.03125381,33.21875,43.40625095,263.9062107,0.105394006,1.178749952,23.44105264,50,31.1875,499.9999695,-35.84375381,-32.51562881,-42.67187595,-58.09375381,-61.375,-66.89844131,3.924095581,3.167394866,4.389864244,-94.31250763,-66.18039703
spiny,-39.87883759,75.09868622,42.63158035,75.19956207,-53.3837738,62.7236824,336.1396265,-0.915570199,-111.3396455,14.57565784,-50.1918869,74.2587738,0.000835088,3.022042602,0.229285714,-50.40625,-49.40625254,-51.01562595,161.211744,0.02766,38.9375,36.1145846,30.40625095,188.4376109,0.050477408,1.908766208,35.52747333,50,42.45833206,350,-39.18750381,-39.20833333,-39.24218941,-51.56250381,-52.41667048,-59.89844131,2.844735019,2.71060311,2.511405356,-81.5,-59.64007568
spiny,-32.11458206,189.0625,31.30989647,187.8125,-52.67838669,141.9791718,218.041942,0.408854157,-72.79844575,16.484375,-43.40234375,184.203125,0.000975833,2.994365624,0.1734375,-44.125,-43.65625254,-45.86250229,144.4544,0.04182,37.93750381,40.04166921,39.33125229,117.6562458,0.024769446,2.019618944,16.43365563,90,128.75,910,-33.87500381,-32.53125127,-41.32500229,-52.90625381,-52.22916921,-74.16250153,3.471773179,3.254514601,3.220826762,-88.84375763,-74.17525482
spiny,-40.23369598,120.907608,33.70380402,120.9728241,-60.72146606,83.13587189,319.9659447,-8.90081501,-95.13612588,0.702445626,-49.71739197,119.0434799,0.000859783,3.364297123,0.223076938,-48.68750381,-50.43750254,-54.30469036,244.382464,0.05643,36.71875381,42.52083588,38.12500095,149.6875435,0.009367852,1.740557824,19.41286788,70,54.29166667,740,-40.03125,-40.09375,-46.82031631,-54.21875381,-56.81250381,-83.50781822,3.668244472,4.06081292,3.561467381,-100.2187576,-82.75009918
aspiny,-33.66549301,152.473587,17.35211182,151.5756989,-45.64436722,119.330986,172.42618,-12.24691868,-66.87724979,-3.408450603,-42.64436722,146.813385,0.000924507,2.567701818,0.285459941,-46.5,-47.90625,-55.98125381,397.379712,0.01352,16,25.42187595,25.28750076,243.9063638,0.076362967,1.472867072,14.38411581,90,75.625,340,-37.78125381,-36.765625,-47.02500305,-48.09375,-48.04687881,-75.11250458,2.982910065,2.73371842,2.841308809,-99.96875,-74.20150757
spiny,-39.64374924,96.83214569,36.20803452,96.39286041,-58.53303528,77.72142792,317.7613922,-8.780357361,-76.07231401,15.96696472,-51.125,91.5357132,0.001062857,4.184657296,0.215560161,-51.46875381,-52.54166794,-53.75625305,243.334,0.07022,40.31250381,40.4270846,42.46875153,171.7186719,0.02104176,2.85964672,23.75120501,50,76.875,760,-38.50000381,-40.82291794,-47.71250153,-58.65625381,-58.79167048,-81.78750458,4.221147458,4.257837764,4.435640624,-100.8437576,-81.48056793
aspiny,-42.96674728,235.0874023,1.087395549,235.793869,-61.34427261,236.3105774,317.382286,-19.11725235,-242.5411017,-16.40781593,-61.16425705,237.0121918,0.000283858,1.308273624,0.988161107,-62.34375381,-57.92708715,-61.42969036,200.424128,0.20391,4.15625,8.625000636,4.703125119,162.9504263,0.037679847,1.794481408,6.236597516,140,175.125,390,-40.59375,-33.93750254,-41.88281536,-62.46875381,-58.0208346,-70.00000191,1.194398068,1.103400185,1.310309058,-100.1562576,-69.22420502
spiny,-28.21938705,279.1964417,18.08354568,277.4668274,-46.03635025,206.1122437,125.9812936,-6.541454315,-56.66898711,-0.605867326,-38.58673477,273.1836853,0.001046429,2.202528885,0.093376075,-44.37500381,-48.81250254,-52.37500318,149.011968,0.04423,26.53125191,34.87500254,30.98437723,139.6873444,0.249197021,1.11850688,16.37646211,110,86.33333079,710,-31.5,-35.21875,-46.95833524,-55.87500381,-55.97916921,-72.17187754,2.606306451,2.874940664,2.990123847,-87.18750763,-70.67562103
spiny,-32.86132813,53.765625,35.19726563,53.5078125,-50.91601563,36.5703125,256.4414607,-5.53515625,-115.5413435,5.03125,-46.4375,51.515625,0.000799062,2.21981484,0.340243906,-46.93750381,-49.42187691,-50.96093941,330.074464,0.0315,35.06250381,55.85937691,50.92187786,330.3124309,0.018837178,2.600665088,43.25945858,30.00000191,25.87500095,290,-33.90625,-34.03125191,-38.92187691,-49.09375381,-49.50000381,-63.85156441,2.193247042,2.883406849,2.850005994,-92.15625,-61.62671661
spiny,-32.23848724,217.5679779,33.0986824,217.3552704,-51.6787262,177.3881531,278.8068419,-1.341008782,-79.03024234,15.16063595,-46.21491241,199.3486786,0.000935439,3.535356111,0.200471698,-48.06250381,-49.4270846,-51.640625,232.935984,0.05464,37.46875,39.1458346,40.80469036,166.5624231,0.034778561,2.003422208,21.26131019,90,59.20833333,850,-31.96875,-33.4583346,-44.80468845,-52.28125381,-55.65625127,-80.74219131,3.563955147,3.355959261,3.782907843,-98.59375763,-79.36051178
spiny,-43.17842865,258.0524292,35.02116776,257.8790283,-53.11844635,191.9475861,321.7080216,-5.570060253,-89.32886205,10.3155241,-48.33871078,247.334671,0.000880887,3.638635234,0.196097862,-48.93750381,-48.84375,-54.11458715,170.321216,0.03695,40.84375,45.15625191,42.18229357,161.2500101,0.0582559,2.164585472,18.09592835,110,67.75000191,550,-42.00000381,-41.03125381,-46.65625191,-52.59375381,-54.76562691,-71.21354167,3.694913507,3.607783798,3.425864865,-89.03125763,-70.36206055
aspiny,-36.46660614,132.7221375,8.936249733,132.2842865,-50.64517975,122.7778549,237.120415,-13.9375,-140.1442266,-7.807678699,-49.88803482,130.2599945,0.000468114,1.690425027,0.932142841,-51.62500381,-49.84375127,-53.31597519,267.343088,0.01596,7.750000477,6.64583381,11.0416673,175.2232164,0.048948001,1.248319616,8.729707482,80,88.16666667,370,-35.43750381,-32.48958397,-41.67014101,-52.28125381,-52.23958588,-70.89930979,1.647548347,1.530536572,1.797586369,-90.15625763,-70.46183014
aspiny,-40.57202911,451.8597412,25.03201294,451.6204224,-58.72217941,339.4710388,370.8835221,-9.716082573,-82.31179688,-2.331935883,-52.72789764,431.7820129,0.000753902,4.539008961,0.172988506,-58.375,-57.57292048,-66.73214722,124.043576,0.05056,27.125,30.3854173,30.35714395,86.71864122,0.041760407,1.311162112,5.855684469,270,233.7916616,860,-39.5,-38.78125127,-45.30357306,-61.34375,-60.82292048,-79.66964504,4.808785667,4.804767459,3.324750335,-88.62500763,-78.97381592
aspiny,-35.72895432,81.76403046,36.35969543,81.375,-52.1986618,73.88903046,265.9569741,-1.584502578,-133.9652066,9.511798859,-51.32110977,79.4897995,0.000728571,1.974568234,0.36967632,-54.28125381,-51.59375,-55.32812691,688.904128,0.00948,42.06250381,42.65625,43.79687691,306.250006,0.138330281,2.488321024,13.83728632,40,32.125,200,-37.75000381,-36.87500381,-45,-54.37500381,-51.81250381,-73.54687881,2.30994199,2.558150672,2.865687485,-97.21875,-72.16242981
aspiny,-40.18915176,336.9368896,8.573467255,336.8804016,-61.14873886,329.6592407,157.3324884,-10.55408669,-128.5709548,-17.55784225,-60.88161087,333.5144348,0.000706755,1.186480467,0.44404554,-67.96875763,-50.37500254,-65.16875305,255.005456,0.011735,18.56250191,-1.541666826,18.30625038,205.1561773,0.065987118,1.329945984,18.3068612,170,159.4583282,660,-45.50000381,-28.94791794,-50.86875305,-68.06250763,-51.82291794,-79.61250305,1.544738131,0.944813929,1.696726758,-101.7812576,-78.40383911
spiny,-37.91562653,156.5749969,22.5625,155.65625,-55.73671722,113.8375015,193.6369607,-9.056249619,-67.23023035,4.659375191,-51.42734528,141.6187439,0.00103875,2.883656916,0.260722966,-51.59375,-50.10417048,-53.95833715,286.964288,0.01994,21.34375,25.7395846,24.14583429,206.8750709,0.003870143,3.724146176,24.57603411,80,69.16666667,375,-37.93750381,-36.18750127,-46.76562691,-55.00000381,-55.06250254,-67.64063009,2.92414701,2.911828508,3.333346647,-90.03125,-67.18318939
spiny,-36.15740585,311.097229,23.9459877,310.2098694,-52.52931976,258.1466064,195.5327297,-2.504629612,-110.950915,3.264660597,-50.17978287,304.3009338,0.000721235,1.734574774,0.172527473,-53.65625381,-52.12500381,-56.58593941,162.116224,0.019935,36.6875,36.375,36.26562691,156.8751484,0.117848098,1.812949888,13.16585306,180,188.25,315,-37.28125381,-34.375,-48.07812691,-53.78125381,-52.34375381,-77.71875381,2.249162708,1.835111156,2.465265988,-88.81250763,-77.33891296
aspiny,-49.69104767,343.613739,14.31903553,343.5488281,-70.24052429,343.5527954,441.4005273,-11.74575806,-459.1378563,-15.92767525,-70.12807465,343.8682556,0.000233705,0.963948779,2.111776382,-73.96875,-50.71631041,-71.10000458,135.545392,0.00257,22.46875191,32.17722328,24.43750038,134.1519207,0.068428725,1.20382208,6.332176308,209.9999847,124.6283661,300,-50.5625,-36.06260131,-49.48750153,-74,-54.58113716,-71.38750153,0.935693969,2.86741523,0.997145324,-100.8750076,-70.24530792
spiny,-35.4665947,297.745697,40.76939774,296.6594849,-53.61530304,221.6034546,370.7436106,0.940732777,-110.1551054,17.12176704,-45.14439774,288.3146667,0.00074569,3.371677301,0.11408228,-47.00000381,-47.69791921,-51.01250153,131.712256,0.07998,39.53125381,39.79166794,46.75000229,124.6874258,0.017851399,2.270195968,17.40711863,150,91.45833333,1160,-34.03125381,-31.41666794,-46.58750229,-54.71875,-57.20833715,-76.15625458,3.214515096,2.789790375,3.783612446,-88.6875,-76.06082153
spiny,-38.11901474,142.2686157,15.22340393,141.8377686,-54.54753876,115.638298,182.4721549,-18.85305786,-56.1504353,-0.849734068,-48.15558624,133.4920197,0.001110851,3.270998498,0.167315175,-50.93750381,-50.82291794,-55.74219036,190.005504,0.0555,18.34375,22.81250127,17.84375048,236.0538059,0.105648451,1.116441856,20.36122727,50,52.75,700,-38.31250381,-37.21875,-43.63281441,-61.90625381,-60.32291794,-73.54687691,3.052847817,3.060362758,2.892230467,-98.06250763,-73.90341187
aspiny,-38.54008865,242.9043884,19.24800873,242.9307709,-57.80154419,237.8296814,335.1024323,-8.944472313,-205.9622551,-8.55092144,-57.42131424,241.8291779,0.000419263,1.627544197,0.831349227,-58.46875,-53.60417048,-59.91250305,177.422192,0.015385,20.09375,11.36458429,28.30000114,135.3123933,0.055235282,2.031795456,7.753200565,150,196.0416667,550,-35.34375,-29.73958524,-44.98750229,-58.59375381,-53.73958715,-76.68125305,1.509479023,1.257484584,1.777018558,-99.93750763,-76.00042725
aspiny,-35.46449661,336.2523804,7.887658119,337.6447754,-52.42108536,334.8291016,191.8577525,-9.481507301,-152.9296367,-11.60383701,-52.10146332,338.3425598,0.000489146,1.242636274,0.780911107,-56.12500381,-50.71631041,-58.98958588,166.509424,0.01381,12.81250095,32.17722328,23.71354294,149.6875733,0.061902463,1.103581056,6.198585634,200,124.6283661,610,-30.65625191,-36.06260131,-41.35416985,-56.28125381,-54.58113716,-77.86458588,1.265072672,2.86741523,1.635447589,-99.18750763,-78.50948334
aspiny,-38.50514603,267.1573486,24.99889755,266.3367615,-55.7790451,243.7176514,273.9923535,-0.744117618,-156.4288255,-3.341911793,-54.72279358,262.019104,0.000546882,1.736927572,0.087215914,-59.37500381,-57.57291921,-60.21875127,179.327808,0.032155,34.28125,36.70833333,34.67187627,183.9062124,0.088096887,3.451971328,14.19003482,130,132.0416667,650,-45.3125,-42.07291794,-45.64062564,-59.53125381,-57.69791794,-78.53646469,2.009733874,1.980483662,1.957408577,-96.78125,-77.70487213
aspiny,-37.69813919,103.2819138,6.630319118,102.8430862,-51.7845726,86.43350983,215.6356234,-16.15359116,-97.97549841,-10.92553234,-50.41223526,99.72340393,0.000596702,2.192112963,0.053082192,-53.28125,-52.08333588,-54.43750381,354.898944,0.01904,17,16.03125032,17.4140625,291.8750048,0.239930257,2.252417024,14.24367643,50,54.08333206,310,-38.28125,-36.86458715,-44.46875381,-53.40625381,-52.29166667,-69.03125191,2.339002606,2.189018505,2.395802766,-99.40625763,-68.55874634
spiny,-40.10552597,576.4710083,28.15489197,573.1286011,-51.486866,410.0326233,204.4049269,-3.67300725,-33.71937624,9.961956978,-45.58333206,502.5162964,0.001910435,6.399519206,0.02308411,-47.15625381,-46.23958333,-51.61875076,123.66616,0.08198,40.65625381,44.16666921,43.09375305,74.99988377,0.04033472,1.132509824,20.65213358,190,160.7083333,1550,-38.15625381,-38.15625254,-49.46875305,-55.31250381,-52.84375381,-79.00000305,4.718340751,5.002092327,5.062133822,-86.75,-78.18148804
spiny,-31.00791168,481.9098206,20.49485779,477.9177246,-46.91257858,358.0332336,119.0866516,-4.740506172,-43.22502424,3.756724596,-41.81882858,440.4050598,0.001475696,2.721065442,-6.64E-19,-44.90625,-46.97916667,-48.73750381,261.696,0.0235,25.65625191,31.2291673,34.31250076,235.6251478,0.015730694,1.297667968,24.7857,270,194.3333333,780,-31.37500191,-32.51041921,-43.38750153,-48.59375381,-53.67708588,-72.19375305,2.801831548,3.000383892,3.939424482,-93.12500763,-70.96884155
spiny,-31.99166679,132.4111176,45.38680649,132.1777802,-48.98263931,99.19721985,394.9606377,5.776389122,-105.4935532,21.13750076,-41.58611298,128.8416595,0.000768889,3.769726026,0.224621225,-44.31250381,-46.2708346,-49.30000305,167.254656,0.054435,49.625,50.28125381,49.25000229,233.4376127,0.022237267,2.459222272,25.41147548,70,68.29166667,680,-32.3125,-32.60416794,-40.26250153,-48.03125,-48.15625254,-72.56875153,3.975836502,3.990299702,3.950243044,-97.09375,-72.74118042
spiny,-37.07219696,214.25,37.40517807,214.5646515,-55.51831818,155.0905151,362.9860893,-2.123922348,-83.73682876,17.52586174,-47.12931061,203.2672424,0.000877241,4.362242229,0.155539574,-46.90625,-47.84375127,-50.72916794,215.14128,0.07644,42.15625381,47.01041794,46.4583346,189.5981431,0.051763739,1.50237184,21.91388365,70,58.25,810,-35.875,-35.82291794,-46.0520846,-57.06250381,-56.29166921,-74.71875509,4.341438159,4.660743772,4.275627339,-93.84375763,-73.69033051
aspiny,-35.94338226,187.0382843,12.06526756,187.1868134,-57.84098434,184.6701965,245.9373445,-11.03078842,-162.295192,-9.270641327,-57.59352112,186.0166016,0.000485387,1.515655846,0.899621221,-60.46875381,-61.34375191,-64.57291667,297.533312,0.01573,13.8125,19.32812595,18.53125064,235.6249988,0.087012671,1.117691392,12.61812494,110,116.0625,400,-32.59375,-30.79687595,-41.76041667,-60.625,-61.48437691,-72.41666921,1.332505228,1.245047306,1.50020251,-97.59375763,-71.84592438
aspiny,-37.78590775,741.0919189,25.25022507,742.9119873,-61.88957214,741.3897095,385.0014179,-6.10802269,-306.7581532,-3.078951359,-61.74166107,744.5757446,0.000363221,1.254300255,0.512234098,-63.15625381,-62.84375254,-64.89062881,177.120304,0.0075,27.3125,23.8020846,29.45312643,84.37511325,0.026450986,1.486655616,4.770582364,430,371.875,660,-41.28125381,-33.15625254,-46.00781441,-63.3125,-62.9270846,-75.74219131,1.298948021,1.22052929,1.367401752,-85.03125763,-75.45542145
aspiny,-37.83181381,375.703125,22.78689194,375.1085205,-50.65277863,308.1987915,272.0598444,-5.635633469,-64.23425647,-3.617404461,-47.35199738,356.180542,0.000931111,4.376497467,0.328124995,-49.9375,-51.98958588,-60.03646151,201.29512,0.08436,26.90625191,28.82291794,29.81250095,82.65628666,0.044305298,1.742262144,4.763882731,230,178.3333333,750,-36.6875,-36.65625127,-41.8333346,-52.03125381,-54.75000127,-76.65625254,3.979260402,4.1372714,2.575332244,-85.28125,-76.63528442
aspiny,-32.43566132,462.8933716,24.14650726,462.5919189,-46.68694687,392.7426453,237.369186,-3.193382263,-71.53580316,6.029044151,-45.05073547,442.4139709,0.000848941,3.352304951,0.263416988,-48.5625,-50.07812881,-53.04687881,131.993408,0.03046,23.93750191,23.703125,28.12500143,123.1696084,0.047948413,2.167081728,10.78148424,290,200.0625,750,-31.84375191,-30.98437595,-36.89843845,-48.90625,-52.62500381,-73.10938072,2.700202194,2.759737418,2.419190308,-86.06250763,-72.70735931
spiny,-37.44297028,111.2718735,28.90546799,111.2249985,-53.65703201,86.22812653,292.2938504,-8.754687309,-124.1999005,0.024218773,-45.66484451,110.5593719,0.000686,2.347096541,0.212166667,-45.6875,-47.72917048,-52.35547209,121.716912,0.0455,18.75,27.90625064,20.82422042,132.8125,0.052039519,1.782816768,14.95038015,70,83.54166667,730,-39.03125381,-38.91666794,-36.22656488,-55.125,-53.33333715,-70.02344036,2.336823525,2.500408929,2.138062654,-85.93750763,-69.12715149
spiny,-36.7209816,304.6875,39.45610046,304.9553528,-53.43154907,226.8809509,436.401935,1.535714269,-119.7681253,14.63318443,-46.35193634,298.0803528,0.000649286,3.678641847,0.156818188,-47.90625381,-49.13542048,-51.29375305,99.352144,0.05146,41.78125,44.88541921,42.59375229,153.4373909,0.015843887,3.9426432,20.00887578,130,106.4166667,939.999939,-36.40625381,-35.79166794,-47.30625153,-50.75000381,-53.82292048,-78.93750305,3.631539459,3.398342305,3.69225264,-94.4375,-78.24220276
spiny,-31.78029251,479.9285583,16.81728363,472.2793274,-44.0178566,377.7028198,73.79181773,-10.31473255,-31.96807685,-1.302296042,-40.50637817,434.5140381,0.002005918,2.2584826,0.064078498,-50.84375381,-42.79687691,-50.35000381,129.292992,0.01606,30.34375191,27.09375191,33.70625076,182.9909533,0.03226269,1.232875264,22.4663782,300,223.625,1280,-38.09375381,-29.98437595,-42.77500153,-51.09375381,-46.79687881,-71.33750153,2.905126096,2.523610739,2.935396248,-87.5625,-71.73078918
spiny,-34.48161697,142.0220642,31.3952198,141.0367584,-50.59283066,104.7426453,216.4361121,-7.411764622,-63.52468763,13.328125,-41.71966934,135.7389679,0.001104706,3.406644745,0.1203125,-45.53125,-48.25000127,-52.12500254,130.727008,0.0779,35.875,36.23958588,31.70833333,156.5624923,0.103149571,2.5508736,24.56529425,90,79.20833333,750,-37.46875,-40.9270846,-46.35416794,-53.50000381,-55.65625381,-71.96875509,3.615019831,3.572093953,3.404508622,-88.28125,-71.22589874
aspiny,-39.59279633,344.019043,5.797905922,345.0174561,-58.24087906,342.6862183,214.8346851,-17.34557343,-153.5570833,-15.12222385,-58.04314804,345.0853577,0.000522741,1.392204729,1.183312186,-61.93750381,-53.68750381,-65.05625458,195.52376,0.0086,8.843750954,-6.6875,16.82500153,137.9688233,0.036064446,1.20958336,7.045786157,210,286,469.9999695,-39.09375,-31.43750095,-48.68125229,-62,-54.109375,-78.58750763,1.411373554,0.926815373,1.636408909,-92.65625763,-77.95465088
aspiny,-36.0414505,213.0355682,20.71574211,213.326355,-54.64160538,211.6087799,401.5600056,-8.52641201,-306.8599037,-0.749084711,-54.46678925,213.2824249,0.000293305,1.308876968,0.809523828,-56.0625,-52.88541921,-55.13021024,152.510848,0.05078,20.1875,25.23958397,23.18229262,122.3437861,0.021334279,1.789720448,6.551048155,130,140.875,350,-38.03125,-36.65625127,-37.65104357,-56.21875381,-53.01041921,-62.86458715,1.321269695,1.326436218,1.354571101,-78.21875,-63.37336731
spiny,-37.48856735,355.4969482,30.49542618,354.3841553,-54.46417618,255.1615906,237.5967999,-7.442835331,-51.79776436,15.03658581,-49.5083847,321.6646423,0.001340488,4.629666756,0.144128789,-50.03125381,-52.52083715,-53.36875381,234.291488,0.03486,36.50000381,40.51041921,40.46250229,155.781135,0.017640946,2.242192128,18.51432341,170,79.58333333,820,-38.03125,-37.53125127,-48.01250153,-54,-57.93750254,-76.98750305,4.154875446,4.356255561,4.033537949,-92.875,-76.85968018
spiny,-41.55381775,151.2361145,42.38107681,151.5,-56.41753387,115.3958359,390.7879262,0.421006948,-85.0427506,16.46440887,-47.52690887,145.8854218,0.000903889,4.595226345,0.171428571,-48.40625,-47.64583588,-51.23437881,116.684512,0.0651,41.40625,38.34375381,36.95312691,103.1249985,0.07890965,2.074175232,24.81053725,90,112.4583333,810,-41.71875,-41.4895846,-43.46875381,-57.15625381,-55.18750254,-73.45312881,4.319999499,4.217066921,3.994681779,-85.46875763,-73.25467682
aspiny,-32.63750076,145.7041626,23.67430496,145.1611176,-49.03298569,120.5013885,235.9477674,-3.266666651,-67.52287881,-2.938888788,-46.8878479,139.1569519,0.000933333,3.519592537,0.299464668,-49.59375381,-51.71875381,-51.59375286,246.003152,0.02564,22.56250191,23.6875,30.07031393,194.9776709,0.009995761,1.120469504,9.422068812,70,57.625,290,-32.09375381,-32.62500381,-37.30469036,-52.18750381,-54.07812881,-60.56250286,3.309734631,3.287356528,2.626947202,-80.81250763,-59.79168701
spiny,-36.42013931,121.8819427,29.62673569,121.3263855,-57.89583206,92.5625,241.1379836,-7.770833492,-56.88283904,12.12847233,-50.21527863,119.7083359,0.001267778,4.236986889,0.180023364,-51.03125,-48.62500127,-53.075,158.36096,0.075775,33.875,37.6875,35.24375305,159.5312506,0.034427479,2.207086848,25.1125429,50,53.20833333,1009.999939,-35.96875,-35.43750127,-45.1875,-60.4375,-56.2083346,-80.38750458,4.084314447,4.132678701,4.261666878,-98.50000763,-79.68156433
spiny,-33.67466354,928.2924194,34.07198715,926.8147583,-48.640625,679.96875,290.3719312,7.614397526,-73.30772414,20.06752205,-41.01450729,853.8549194,0.000935089,4.215316994,0.03481012,-42,-41.71875,-48.32291794,93.04396,0.062115,40.40625381,48.78125381,45.70833588,60.69701165,0.013607807,1.8188576,13.50205926,490,256.7499924,1829.999756,-32.46875,-33.79687691,-50.57291921,-49.125,-51.57812691,-79.11459096,3.921932493,3.865439601,3.135748408,-86.06250763,-79.32460785
spiny,-33.44034195,317.2291565,36.51941299,315.5984802,-48.69744492,234.3068237,216.7494541,7.593276501,-112.6916297,17.42424202,-44.68797302,300.6344604,0.000746742,1.90725672,0.167625417,-46.93750381,-45.69791921,-53.05729421,86.395136,0.038035,43.68750381,42.50000127,47.81771024,138.2588148,0.118607447,2.335131904,15.88888196,180,187.3749949,770,-32.25000381,-29.00000191,-45.03125191,-48.71875,-47.53125254,-72.78646215,2.312541351,2.103742117,2.752613956,-88.12500763,-72.49487305
aspiny,-43.62125015,339.0681152,15.95101452,339.3962402,-57.5100174,339.3730469,321.7611727,-9.676756859,-255.5529676,-8.496227264,-57.42720413,339.3672485,0.000384775,1.278367833,1.409479923,-61.34375,-55.18750254,-63.25000191,188.941344,0.78144,13.84375095,14.48958365,27.54687643,146.7187852,0.015520314,1.343628032,10.98181068,170,201.125,370,-38.53125,-33.40625381,-45.70312595,-61.43750381,-55.30208715,-68.24219322,0.992369544,1.027471448,1.277498657,-83.875,-67.37767792
aspiny,-38.82382965,259.8417664,16.08865166,260.8296814,-53.37377167,258.8795166,240.6131942,-7.262839794,-154.6357831,-5.905872345,-53.10205841,260.6423645,0.000525015,1.554245516,0.808581486,-55.90625,-49.87500191,-60.16875229,244.504784,0.04548,17.37500191,4.328125,29.59375153,136.8751079,0.012232899,1.452278656,7.774072233,150,203.1249924,509.9999695,-39.09375,-30.78125095,-44.27500229,-55.96875381,-49.95312881,-75.35625305,1.486673875,0.862151531,1.577936443,-90.15625763,-74.84197235
aspiny,-30.86219788,313.1159668,19.46762085,311.6400452,-52.15512085,242.5978851,227.355146,-12.40625,-73.1887224,-6.304593563,-46.84939575,294.1897583,0.000939277,3.133850896,0.18260582,-52.0625,-52.19791667,-66.83125153,127.93356,0.041755,19.5625,30.02083397,20.3875,114.8437858,0.010379143,2.256450048,6.497177313,190,189.1666667,850,-31.25,-31.85416667,-32.18750038,-55.46875381,-56.10416794,-78.20000305,3.207606272,4.39569705,2.311725438,-89.96875,-77.65003204
spiny,-40.72408676,243.1219482,30.06707382,242.5030518,-58.25381088,191.8780518,326.5728296,-10.40091419,-86.7717157,7.740091324,-51.5083847,233.5304871,0.000882927,3.79014916,0.198670221,-52.25,-51.92708715,-54.15625,212.91936,0.043,31.65625,37.75000254,32.34375381,113.1250337,0.020371182,1.68956736,12.82824841,130,136.9583333,810,-38.9375,-38.7708346,-53.21875381,-57.03125,-57.10417048,-81.75000763,3.455586852,3.291926493,3.453038347,-94.53125,-81.23348236
spiny,-40.36257172,176.1676178,24.93998528,175.6605072,-51.14879227,134.0681763,214.7571123,-14.205966,-51.87027195,7.847301006,-46.47904968,162.15625,0.001286591,4.338651219,0.134730565,-44.59375,-46.94791794,-49.26250229,200.570048,0.04128,25.50000191,43.98958588,38.40000153,159.374997,0.0109652,3.405467136,15.30944046,100,98.45833333,760,-41,-39.69791667,-47.08125,-53.4375,-52.5208346,-80.74375305,3.7699366,3.55729107,3.332356129,-98.50000763,-80.14655304
spiny,-46.96643448,288.1736145,32.75405121,286.5162048,-58.45196915,218.6041718,291.6878486,-4.417245388,-96.92428091,4.260416508,-51.03993225,276.4143372,0.000861111,3.001480289,0.146875004,-52.96875,-50.56250381,-56.04687754,168.391136,0.03598,38.50000381,42.77083715,39.67187691,110.3126109,0.197264701,1.293261696,14.79970874,150,134.7083308,880,-49.15625381,-42.63541794,-54.22916921,-61.40625381,-58.2708346,-76.91666921,3.416297382,3.774708212,3.817475626,-87.5625,-75.5663681
aspiny,-32.65580368,154.0785675,39.33392715,153.7321472,-45.60178757,124.9214249,403.4536977,1.507142901,-122.1171562,22.32901764,-42.74285889,150.8446503,0.000616571,3.323993553,0.385460725,-46.93750381,-45.54687691,-54.88125381,214.378224,0.02356,44.00000381,43.59375095,44.56250229,194.2187548,0.038600706,1.850530944,18.36201071,90,77.09375,380,-36.40625381,-34.94531345,-44.45625153,-46.93750381,-46.21093845,-70.18125305,3.140487768,3.525504825,2.343240744,-92.1875,-70.06748962
spiny,-33.73350525,241.6458282,17.16232681,240.6631927,-52.02864456,177.5763855,136.9360886,-2.389756918,-61.03798991,3.308159828,-44.53993225,235.7361145,0.001021944,2.155817526,0.027720208,-47.03125381,-43.65625254,-51.76250229,323.426176,0.033645,23.90625191,26.00000127,29.55000153,285.2235582,0.161466613,3.044165888,22.72361464,130,93.16666667,820,-34.125,-30.7916673,-48.15000305,-51.53125,-51.26041667,-79.60625153,2.578504419,1.92173729,2.901238219,-104.59375,-79.14083862
spiny,-32.78193665,477.2294006,19.93337822,472.4588013,-45.99347687,365.9326782,115.34074,-0.498969793,-63.57288336,4.579670429,-41.27128983,451.7362671,0.001036044,1.75409793,0.109722215,-46.09375,-47.31250127,-55.45625305,116.010432,0.030765,29.12500191,29.98958524,34.65000153,115.625076,0.022485103,1.819824384,14.84732528,290,221.75,800,-32.09375381,-32.28125127,-48.03125229,-46.15625381,-48.21875381,-69.88750458,2.029551502,1.902814283,2.475479501,-82.15625763,-69.56981659
spiny,-38.02960587,572.8671265,35.09375,572.1394653,-50.64144897,454.8355408,313.5750936,-4.542105198,-94.30736568,12.72861862,-45.92105103,554.0158081,0.000829263,3.370367185,0.055245098,-48.5625,-49.57291794,-57.19196647,94.61656,0.10792,42.28125,45.07292048,41.66518075,58.74999985,0.132279173,1.089096704,16.37588775,270,218.7083282,1720,-39.59375381,-39.375,-50.94196701,-56.875,-55.32291794,-74.98661041,3.883305769,3.889793774,3.319220713,-82.59375763,-74.42107391
spiny,-34.83705521,375.3571472,37.41294479,373.8601074,-49.41592407,294.4970093,264.7642202,2.678571463,-105.2189311,14.08147335,-45.6149559,362.1041565,0.000804821,2.497583072,0.211742415,-51.03125381,-51.2395846,-56.54687818,102.12096,0.031835,43.84375381,42.57291794,44.13541794,125.0001937,0.141033068,2.053651968,12.67287646,209.9999847,186.8333333,860.000061,-34.875,-34.45833588,-45.07291794,-51.31250381,-52.62500127,-76.05208842,2.792200772,2.243187827,3.0483167,-89.5,-75.34902191
aspiny,-32.39517593,143.6202545,32.71519089,143.2484131,-53.14952469,123.7547455,337.2206141,-1.040743709,-93.47319091,6.197389126,-49.8765831,139.0522156,0.000759494,3.615103698,0.2185,-50.84375381,-52.34375254,-53.23125381,158.9856,0.07564,32,31.71875191,35.24375229,166.5624976,0.028546883,2.65066112,10.04939729,90,84.54166667,390,-31.5,-32.42708333,-36.62500076,-55.78125381,-56.73958715,-63.05000458,3.432572431,3.408255406,2.674553956,-79.09375763,-61.3519249
aspiny,-35.765625,116.7946396,34.44330215,116.0535736,-47.57232285,87.33571625,260.0038182,-6.213839054,-81.60950526,12.6183033,-43.43437576,111.5392838,0.000946,3.158099816,0.235365854,-47.00000381,-47.12500127,-50.18750305,280.877568,0.0128,38.28125,41.05208715,42.29375229,220.6731439,0.111507222,1.16795008,11.06691661,70,70.25,280,-37.90625,-37.76041794,-43.15000153,-49.125,-47.64583588,-70.16875153,3.444049645,3.558026372,3.860172509,-93.71875,-69.06355286
aspiny,-43.95988846,502.5844727,18.32579422,503.5432739,-67.41085052,502.3994141,378.1440608,-9.676623344,-309.4099816,-12.11723042,-67.26778412,504.2762451,0.000336446,1.221721371,1.205039637,-70.40625,-64.90625763,-69.8333346,152.807744,0.005515,23,17.1875,24.40625,82.03117549,0.041891623,1.7289152,4.266461837,320,363.7499898,186.6666667,-48.375,-34.47916794,-47.77083588,-70.46875,-64.96875254,-79.06771088,1.265459091,1.055371665,1.288046379,-89.21875,-78.31833649
spiny,-34.66460037,322.2347412,31.92795753,320.183197,-52.20968628,267.0887451,260.8683386,1.150286317,-76.92093806,13.0918417,-48.7936554,301.3148804,0.000947481,3.386996678,0.302651507,-44.25,-43.19791921,-51.01562881,150.380464,0.034195,38.0625,42.34375127,43.34375095,171.0937172,0.040693682,3.095497216,17.55773593,190,77.75,720,-31.46875191,-31.6666673,-45.30469131,-46.25,-52.06250127,-77.33594322,3.149129975,3.127261544,3.780061239,-95.31250763,-76.9504776
aspiny,-38.09392166,561.1989136,3.809319019,562.8911743,-55.4616127,563.7415771,271.3828612,-14.97859383,-208.1745313,-13.2935009,-55.29796982,564.664917,0.00032489,1.303717347,0.93112715,-51.56250381,-52.51041921,-59.31250305,92.680752,0.005435,1.812500119,13.6666673,12.69375057,78.28125358,0.058453225,1.88426496,8.314570548,370,372.2916667,580,-30.3125,-26.3333346,-42.48125153,-51.65625381,-52.63541921,-69.60625305,1.265865241,1.003820817,1.32153681,-90.53125,-69.00125885
aspiny,-36.64386749,578.9813843,11.6276207,580.3466797,-57.74875641,578.9465332,283.6163722,-13.79933167,-214.9620904,-11.51965427,-57.60600281,581.2824707,0.000407673,1.318503185,0.890277985,-61.34375,-55.07291794,-64.11719036,112.131184,0.00812,13.5625,10.08333397,19.85156345,79.53132689,0.052330703,1.203598848,8.456195024,370,421.9999898,690,-35.5625,-30.8958346,-43.04687786,-61.40625381,-55.13542048,-73.37500381,1.265470371,1.148189526,1.402563585,-82.03125763,-72.80059052
aspiny,-39.04347992,33.97282791,38.51222992,33.90760803,-56.3125,24.21195602,366.5447532,-9.129076004,-105.1581914,13.267663,-51.08559799,33.57608795,0.000806957,3.482590345,0.330832526,-51.18750381,-48.96875191,-53.88281536,452.462368,0.01222,43.03125381,39.50000191,47.14844036,322.656244,0.032523535,1.651971584,16.21680222,20,26.75,180,-39.21875381,-37.59375,-43.26562691,-52.50000381,-49.203125,-67.96875191,3.78875046,3.596322403,3.9734155,-99.93750763,-67.5821228
aspiny,-29.57512665,241.6805573,29.50631332,240.5037842,-42.19191742,173.359848,182.0511765,-5.633522511,-72.42200049,9.389204979,-38.14015198,230.3964691,0.001011717,2.444327768,0.03032995,-47.40625381,-39.3125,-51.84375229,166.725248,0.0078,37.15625,36.34375381,36.73125076,168.1250781,0.059144549,1.715970944,9.480816951,150,152.625,320,-40.21875,-29.15625,-41.92500305,-47.46875,-39.3125,-69.15625153,3.19696068,2.474798417,3.096320803,-87.5625,-69.22796631
spiny,-37.70060349,478.5484009,32.84677505,478.8588562,-54.57056427,335.9072571,245.7972691,-0.771169364,-61.38957413,18.65120888,-47.21169281,438.512085,0.001200806,4.050313074,0.056064348,-46.78125381,-47.13541921,-50.984375,93.690328,0.057985,36.3125,40.18750381,44.04687691,82.4553445,0.068658121,1.942087936,19.96245365,209.9999847,177,1250,-36.25000381,-35.875,-51.68750381,-52.71875,-55.03125254,-76.79687881,3.781401486,3.357039165,4.149681452,-86.50000763,-76.09506989
spiny,-35.9241066,397.3357239,33.25,397.1749878,-55.99017715,287.0107117,346.2951906,-4.818749905,-91.25037675,15.72857189,-48.13124847,386.032135,0.000819143,3.871351293,0.107494143,-48.75000381,-49.04166921,-51.05625153,171.95176,0.0545,36.78125,39.71875,38.25,126.4062822,0.013433711,2.038361472,19.04481003,190,115.1249975,1250,-36.00000381,-34.6875,-47.325,-54.84375,-56.66666921,-82.62500305,3.72470463,3.293516297,3.708429326,-97.03125,-83.34430695
aspiny,-35.62900543,162.115387,40.35336685,161.6506348,-51.13621902,120.9455109,392.6647993,-0.710737169,-107.3964287,24.66506386,-47.07772446,157.4198761,0.000733846,3.680056191,0.268992248,-49.53125,-44.9583346,-51.18750286,375.87616,0.02048,42.84375,36.6458346,40.95312691,220.1563567,0.075753652,1.486606208,14.27072138,90,98.125,489.9999695,-37.90625,-36.30208588,-40.19531441,-51.06250381,-48.86458588,-69.37500191,3.348458155,3.821171089,3.115252067,-93.15625763,-68.20270538
aspiny,-38.96043015,186.3202667,20.14108658,185.9511871,-49.4077301,153.5532532,213.3737485,-5.159023762,-61.57543724,-2.45765543,-46.4911232,176.5118408,0.001000473,3.554465673,0.233942854,-51.46875381,-44.41667048,-55.80625153,372.231456,0.01156,28.18750191,10.56250032,6.818750286,246.7188239,0.050867822,2.339460096,10.61959927,120,134.7499975,469.9999695,-40.40625381,-30.48958588,-34.90625153,-51.65625381,-46.73958715,-77.14375305,2.719780772,2.657810902,2.051361982,-100.0625076,-76.08065796
aspiny,-37.11562347,85.10624695,20.82656288,84.80000305,-61.3671875,76.03749847,304.9995121,-7.5546875,-217.1205615,-6.2578125,-60.68906403,84.17500305,0.000458,1.396034098,0.6658,-59.53125381,-52.40625,-61.96354548,267.22432,0.01812,23.31250191,10.93750095,29.4895846,283.4374905,0.073682666,1.040774016,25.97801404,50,144.125,310,-34.96875381,-27.5625,-43.75000254,-59.59375381,-52.59375381,-63.81250254,1.436075887,1.053326711,1.613714786,-90.34375,-62.69814682
spiny,-32.35416794,180.8869019,32.4732132,180.7321472,-49.3883934,121.3452377,237.3969722,2.291666746,-68.71578233,17.05654716,-40.77976227,164.4761963,0.000946667,3.463729474,0.115141956,-44.5,-43.25000254,-50.28125381,222.037824,0.028715,36.6875,37.83333588,38.40625191,197.1874535,0.005155005,2.488025344,29.73043138,90,41.125,225,-32.375,-32.59375127,-41.57812881,-49.59375,-52.94791667,-58.67187691,3.709137565,3.195395876,3.269751563,-81.84375,-57.13286972
aspiny,-35.5111351,333.5115051,24.6451149,333.1566162,-51.44755936,251.9080505,287.1019284,-1.173850536,-71.13583492,3.547772884,-47.36027145,319.5115051,0.000802874,4.073302206,0.204330703,-48.78125381,-50.51041667,-50.88021088,112.529064,0.023205,26.875,28.11458524,32.40625127,102.8125808,0.007318293,2.163853824,10.08482461,200,205.1666667,690,-34.56250381,-34.25000127,-39.32812627,-51.78125381,-53.3958346,-71.2395846,3.900390904,4.117710573,2.841516081,-82.4375,-70.60902405
aspiny,-37.1809845,459.5328674,21.64198112,460.7524719,-53.25915146,455.7887573,325.6707,-7.651519775,-177.068321,-0.04396712,-52.98526764,460.2906189,0.000462233,1.842385671,0.568932412,-56.43750381,-54.96875381,-60.81771151,148.364704,0.01264,19.28125191,21.62500191,30.5052096,64.53128904,0.026523365,1.273898112,4.155811945,300,295,730,-32.9375,-29.46875,-43.82812818,-57.1875,-56.65625381,-77.35937881,1.624431595,1.587308046,1.742780533,-84.6875,-77.04722595
aspiny,-39.39126205,207.0637817,25.21906853,206.8112183,-57.86224365,181.6696472,332.2234997,-7.596620083,-134.7928851,-8.154974937,-56.32206726,204.2627563,0.000596378,2.468123166,0.344312184,-56.96875381,-56.59375127,-56.2864596,179.331648,0.01519,25.78125191,26.66666857,28.97916762,139.3750012,0.072490826,1.271468032,10.51575403,130,159.125,169.9999898,-39.65625,-36.51041667,-42.703125,-58.375,-58.36458588,-69.98437754,2.303260091,2.404842466,2.397222809,-84.59375,-68.98023224
aspiny,-34.46195602,83.63043213,38.48233795,83.45652008,-51.02445602,60.91847992,267.5454707,4.933423996,-114.9022518,14.44565201,-47.84375,82.91304016,0.000747826,2.318013964,0.165909091,-49.15625381,-50.70833588,-58.24479357,195.971424,0.05388,43.90625381,44.2083346,39.08854294,275.000006,0.029849114,2.356225024,58.07855614,50,36.91666667,570,-37.65625,-38.01041794,-40.85937691,-49.75000381,-50.76042048,-63.32291921,2.778659381,2.927835182,2.443001973,-92.12500763,-62.47574615
aspiny,-33.83455276,582.5982666,10.35962677,584.3701172,-51.31019974,582.7732544,233.0094495,-8.80222702,-171.3944001,-9.801220894,-51.05423737,585.6824951,0.000426161,1.348207976,0.38588721,-54.46875,-50.07292048,-56.38021215,81.808176,0.008155,16.68750191,3.791666985,17.63020897,82.50004053,0.03125139,1.495524224,7.87073365,390,368.4166667,820,-34.6875,-26.13541794,-43.44791921,-54.68750381,-51.27083715,-69.93750254,1.400316768,1.128309957,1.598940559,-86.06250763,-69.64354706
spiny,-36.90000153,48.47000122,32.23500061,48.19499969,-55.98500061,39.47000122,287.8790284,-2.057499886,-75.813399,12.31875038,-48.69250107,46.75,0.000956,3.796741682,0.237499997,-48.84375381,-48.53125381,-54.18125229,219.315824,0.03522,35.06250381,36.79687691,38.51875305,288.9062762,0.023317751,1.522726656,36.11117072,30,24.5,370,-34.3125,-35.59375191,-43.31875,-55.31250381,-55.15625381,-62.63125153,3.8444767,4.196213194,4.156718049,-91.40625763,-60.04540253
aspiny,-41.44213104,68.12036896,15.52430534,66.78240967,-55.62615585,59.26852036,106.8019128,-4.36689806,-70.59470736,-7.376157284,-54.73611069,64.04629517,0.001203889,1.477374531,0.034469697,-57.5,-50.71631041,-57.72500229,319.24048,0.01307,25.50000191,32.17722328,28.54375114,260.9375715,0.017013505,1.688671104,22.58619072,30,124.6283661,330,-44.96875,-36.06260131,-44.47500076,-57.68750381,-54.58113716,-64.775,2.23071016,2.86741523,2.529941593,-93.40625,-64.0594635
spiny,-32.46507263,302.7161865,32.31985474,301.5323486,-46.48014832,231.125,230.8211844,2.757352829,-72.99874468,12.18492603,-40.27352905,286.9985352,0.000931529,3.159071651,0.252408268,-45.09375381,-45.71875254,-50.23437786,213.1416,0.03554,37.5,37.71875127,40.73437691,242.0312464,0.031811271,1.560021248,23.47984861,130,74.75,580,-33.40625,-33.10416794,-46.14843941,-45.90625381,-51.37500254,-73.70312881,3.441285679,3.111407909,3.771175686,-101,-73.02215576
spiny,-44.76858139,193.6216278,36.25084305,193.8141937,-58.29645157,135.1723022,384.5425223,-4.556587696,-98.73363036,10.76942539,-52.64780426,190.1452637,0.000821757,3.920050963,0.205899214,-51.18750381,-50.328125,-55.31250381,180.243392,0.02235,41.68750381,47.18750191,43.13750229,158.4376246,0.021629648,1.051778752,15.95077203,90,43.6875,187.9999878,-41.46875,-38.75000191,-46.15625229,-56.53125381,-56.81250191,-69.30625305,3.904747294,4.131130276,3.899439084,-85.15625763,-68.23337555
aspiny,-38.22357178,307.2705688,21.74871445,307.4206238,-56.67810059,307.1847534,282.2892978,-6.514540672,-196.1457706,-2.734495401,-56.55294037,307.8942871,0.00048401,1.438661967,0.939935051,-56.34375381,-57.57292048,-60.42500305,179.624784,0.01094,23.5625,26.40625064,30.34375076,105.0001532,0.030284932,1.39751616,10.17821659,200,187.875,370,-32.75000381,-32.34375381,-45.0875,-56.50000381,-57.70833715,-65.54375458,1.368085265,1.277021327,1.476675519,-79.37500763,-65.30068207
spiny,-15.70673084,206.4711609,46.54487228,206.2948761,-35.74759674,152.5673065,261.0006991,10.3405447,-83.71174622,25.24439049,-25.5376606,196.4615326,0.000846795,3.122736216,0.198121649,-32.5625,-39.2708346,-40.82291794,227.302992,0.060645,47.09375381,41.97916667,42.28645833,202.8125376,0.073634394,4.278074866,22.97836314,70,65.375,310,-21.25,-27.12500064,-27.5104173,-41.84375,-46.51041667,-70.45833333,2.893817502,2.933705158,2.735351915,-89.46875763,-66.84190369
aspiny,-35.98625183,506.3721313,13.71755123,507.3593445,-49.74656296,497.7071533,283.3782442,-9.681026459,-184.6721272,-5.05051136,-49.37427902,507.7979431,0.000394169,1.533773768,0.739333333,-50.03125381,-49.93750254,-54.16406536,160.473696,0.01728,15,9.510416985,20.17968798,92.96867251,0.045562029,3.653163264,6.329068888,310,256.7499949,740,-33.21875381,-31.35416794,-43.50000095,-50.18750381,-52.21875381,-78.42968941,1.510140332,1.473274464,1.541397436,-88.62500763,-78.57304382
spiny,-36.3539238,147.7296448,34.4498558,147.2354584,-51.09156799,109.8837204,211.7643808,0.983284891,-52.96947055,20.6031971,-43.93822861,135.8255768,0.00135093,4.031308236,0.154196438,-46.25,-45.25000127,-51.92187881,163.894976,0.07411,38.00000381,42.14583333,41.25000191,173.124969,0.091422342,1.750654464,25.78794583,90,89.83333333,900,-37.78125381,-37.0208346,-46.96875191,-52.3125,-51.96875381,-78.15625381,4.165792246,4.061474323,3.371891139,-97.15625763,-77.81387329
aspiny,-34.62332153,273.137085,35.53192139,272.125,-52.86391068,219.026886,378.3695602,-0.243951619,-118.9260038,16.42977142,-50.17876434,263.8265991,0.000650753,3.18873986,0.191292145,-51.53125,-53.78125381,-56.30729421,240.611856,0.1794,32.375,33.09375127,38.25000254,162.499994,0.028063739,1.713017856,10.25102177,170,127.375,550,-33.37500381,-33.79166921,-39.43229357,-54.25,-56.68750381,-69.16145833,2.988171672,3.009405894,2.670074906,-86.125,-68.66431427
aspiny,-37.71683121,164.3190765,29.08963776,164.0723724,-63.69161224,160.4517517,312.9017557,2.023026228,-240.2717516,-4.831140518,-63.37966156,163.0296021,0.00046114,1.299944428,0.535335689,-64.875,-63.82291794,-65.5875,189.708464,0.027645,34.5,35.625,36.225,204.3749988,0.281629175,1.95550656,17.48845211,90,65.79166667,580,-38.53125,-36.76041921,-45.95625076,-65.00000763,-63.9375,-72.31875153,1.314489722,1.340180269,1.429670901,-96.21875,-72.14061737
spiny,-39.37321472,196.5142822,30.46294594,196.4785767,-54.07544708,160.6553497,279.2906558,-3.587053537,-81.52608046,14.00848198,-46.00714111,187.2946472,0.000875714,3.442691754,0.119642863,-49.0625,-49.56250127,-52.84375,112.104168,0.07263,31.00000191,33.18750254,32.15625191,113.2812575,0.080784895,2.096542464,22.45411604,110,136,1140,-37.71875,-38.68750254,-47.28125191,-57.34375,-57.15625254,-77.328125,3.660713243,3.345674553,3.478051844,-91.40625763,-77.24940491
spiny,-42.58958435,14.25,20.27291679,14.17500019,-62.99583435,10.99166679,185.5008525,-23.00416756,-56.3332127,-0.504166663,-53.13124847,13.55000019,0.001277333,3.293869265,0.369364162,-54.96875381,-51.26041921,-58.01250305,442.347744,0.05038,21.8125,34.00000127,25.41250191,487.9687726,0.216317743,3.097689088,36.63620105,10,21.54166667,186,-43.3125,-40.0833346,-41.45625076,-63.46875381,-57.14583715,-69.21250458,3.326278989,3.702525477,3.118949424,-90.9375,-67.83271027
aspiny,-39.59782791,67.32880402,18.79619598,66.98369598,-58.59850693,61.14673996,179.1948412,-10.53125,-96.26476676,-7.536005497,-58.00407791,64.58423615,0.000888696,1.860322967,0.52678571,-59.5,-58.23437786,-59.94097477,224.580336,0.01336,19.9375,35.90625191,24.38888952,287.5000536,0.156424448,3.689894912,18.31488324,30,38.21874905,230,-44.37500381,-43.60937691,-40.68750212,-60.0625,-58.57031441,-61.37153074,2.023761524,2.162877752,2.00640592,-93.37500763,-60.27732086
spiny,-41.69258881,228.712204,42.35174561,229.433136,-53.1736908,159.1453552,336.2526418,-0.956395328,-103.0791146,15.75944805,-48.8851738,224.9854584,0.000862791,3.286781504,0.201143809,-48.93750381,-49.83333715,-53.46094036,152.729088,0.048655,46.75,49.8333346,46.10156441,159.374997,0.05944708,4.24441088,18.37164878,110,90.75,640,-41.25,-41.87500127,-44.25781345,-54.78125381,-54.17708588,-73.20312691,3.446369822,3.670161553,3.325830174,-89.65625763,-72.31984711
aspiny,-42.75061417,107.3021622,15.62832165,107.0743103,-62.35137939,105.4188004,232.6683536,-5.048474312,-205.3693574,-8.139271736,-62.16793823,106.1796265,0.000519134,1.130901031,0.920419325,-63.71875,-65.02083333,-66.35156727,315.52608,0.0398,18.34375,19.62500064,22.2070322,197.1875727,0.129064918,1.611297536,9.816824385,70,63.45833333,350,-39.78125,-40.53125127,-46.20312691,-63.84375,-65.14583588,-71.95703125,1.053586223,1.084526359,1.161198085,-94.9375,-71.13240814
spiny,-32.33375168,246.5700073,19.91875076,244.625,-51.70624924,162.1049957,178.8397448,-6.585000038,-71.13749066,3.410000086,-40.54000092,236.5700073,0.0008332,2.496846277,0.028073639,-46.31250381,-42.33333588,-49.78125153,166.47664,0.02833,23,24.25,25.22500153,241.5623516,0.080710091,1.5841792,28.75723031,90,114.4166616,469.9999695,-36.46875,-31.17708524,-52.65000305,-52.15625,-51.21875381,-71.65625763,3.022347723,2.301411789,3.544586259,-96.28125,-70.0331955
aspiny,-35.15007401,148.7558136,27.5690403,148.4898224,-46.272892,130.2514496,321.3985178,-4.785247326,-153.1439112,1.50036335,-45.0127182,147.0843048,0.000504884,2.093760022,0.328653295,-49.96875381,-48.26041921,-50.21875191,217.642624,0.02564,32.43750381,32.02083397,33.39062595,206.6517621,0.009711734,1.06910432,24.28544454,70,63.45833206,499.9999695,-41.03125381,-38.86458333,-40.25781441,-50.78125381,-50.3645846,-65.35156441,2.289657956,2.340644622,2.33108489,-87.68750763,-64.25099182
aspiny,-41.36672974,219.0441132,30.49724197,218.9503632,-49.65073395,170.9044189,275.39501,3.141084671,-146.014931,4.295036793,-47.23299789,215.6709595,0.000564485,1.881994839,0.043526787,-50.21875381,-37.62500254,-51.44375229,221.14912,0.00899,36.09375381,17.65625095,37.28125153,165.4687971,0.025794197,1.727827968,10.86019246,130,300.875,380,-48.68750381,-21.55208397,-51.58750229,-50.40625,-37.79166794,-69.93750458,1.973528281,1.185304045,2.045958135,-88.03125763,-69.45964813
aspiny,-39.31142426,32.96551895,31.93857765,32.77586365,-54.95689774,24.46120644,364.0884252,-6.329741478,-113.9507707,8.344827652,-52.3771553,31.65517235,0.000683448,3.189071978,0.126744183,-52.68750381,-53.2395846,-53.73437595,269.503552,0.0113,34.65625381,29.28125191,33.95312595,274.2187977,0.060382631,1.152248832,14.83024446,20,25.75,150,-41.59375381,-39.10416921,-44.67969036,-54.90625381,-54.93750254,-61.57031536,3.30030496,3.154661133,3.323522937,-89.96875763,-61.03508759
spiny,-38.42750168,198.0249939,31.15812492,197.8549957,-52.08499908,151.5350037,237.2349847,-5.09375,-50.30454259,15.69437504,-44.76874924,184.5075073,0.0013472,4.730914786,0.159464585,-48.96875,-48.00000127,-53.79375305,178.96712,0.08268,37.06250381,40.5,33.56875076,130.7812929,0.047633592,1.508190976,18.32479783,120,114.625,979.999939,-39.5625,-39.90625254,-45.35625153,-54.18750381,-54.21875127,-77.70000305,4.647360995,4.980147515,4.367580076,-92.40625763,-77.33490753
aspiny,-39.08499908,221.9375,9.086250305,222.1475067,-55.49062347,202.1524963,126.9825577,-8.057499886,-115.768018,-15.00874996,-54.43375015,215.3025055,0.0007551,1.065861005,0.147501031,-59.62500381,-51.59375127,-62.83750305,184.970112,0.03428,22.84375,15.65625064,22.56250114,221.0714221,0.10474892,1.338932608,22.53014077,110,125.6249949,560,-46.00000381,-35.47917048,-48.60625076,-59.65625,-52.33333715,-72.78125458,1.595525784,1.376229952,1.620718356,-94.00000763,-72.03316498
aspiny,-40.06364441,81.24237823,24.55259132,80.96646118,-58.20617294,76.83841705,308.4172725,-7.135670662,-174.6689959,-6.860899448,-57.62881088,79.98018646,0.000532195,1.761916503,0.524553571,-61.59375381,-60.48437881,-59.89583715,337.48256,0.02184,29.40625191,33.70312881,33.81250254,230.4689437,0.080996551,2.198167296,18.12746803,50,36.99999905,499.9999695,-44.4375,-51.15625191,-42.8645846,-61.65625,-60.59375191,-72.47916921,1.945479128,1.991970474,2.032039695,-98.40625763,-71.96154022
aspiny,-33.01211548,120.158165,12.02869892,119.6045914,-51.90752411,107.4387741,165.8617619,-12.74744892,-95.57210571,-8.345025063,-50.44897842,117.2525482,0.000752347,1.728203474,0.035714286,-54,-56.94791794,-64.68125305,251.243264,0.044085,14.12500095,36.0833346,5.981250095,262.8125846,0.058522459,3.835550208,25.25781052,90,61.625,650,-38.375,-38.5625,-35.36250076,-54.15625,-57.05208333,-72.20625,2.051566443,2.240098228,1.559249023,-101.53125,-71.86257172
spiny,-38.91105652,123.7572098,33.81850815,123.7115402,-58.54266739,99.7379837,313.0901064,-8.872595787,-96.22222432,7.220552921,-49.21154022,121.4038467,0.000871538,3.255741208,0.20255102,-49.46875381,-49.75000127,-52.00625305,121.527552,0.04502,35.09375,37.41667048,38.48750305,146.0938603,0.029547144,1.418691968,14.97923771,70,103.125,528,-36.50000381,-36,-48.03125229,-58.59375381,-56.03125127,-78.86875305,2.996615815,3.122347667,3.929754424,-95.43750763,-78.69704437
aspiny,-35.51966095,363.1393738,11.58503819,364.1160583,-52.40808868,361.3011475,241.5591595,-11.5710516,-154.4025088,-9.183663368,-52.12715912,363.9437256,0.000490281,1.56339699,1.079761902,-56.3125,-50.71631041,-58.91667048,181.894304,0.00926,17.40625191,32.17722328,19.44791698,115.9375757,0.020860137,2.433071616,6.936946394,230,124.6283661,520,-37.09375,-36.06260131,-42.4739596,-56.50000381,-54.58113716,-75.05208715,1.583224935,2.86741523,1.682104644,-88.5,-74.73629761
aspiny,-37.75476837,222.6906738,28.48834801,221.6970367,-54.99258423,181.7966156,333.5730758,-1.553495765,-137.4890888,7.376588821,-52.28284073,217.4131317,0.000565678,2.393231542,0.068253971,-56.15625,-51.25000254,-54.43750229,180.518336,0.020795,40.59375,37.63541794,45.11250305,109.6874624,0.036167435,1.559654016,10.29103644,130,112.7083308,560,-41.90625381,-35.2395846,-47.02500229,-56.18750381,-52.83333588,-77.65625458,2.757888075,2.780249707,3.017394606,-90.59375763,-76.86457825
aspiny,-35.38111496,84.5896759,13.25883198,84.48912811,-55.55434799,77.26087189,227.5994921,-11.792799,-146.6836452,-7.716711998,-54.51222992,81.79619598,0.000550435,1.554018467,0.546721311,-57.78125381,-59.46875381,-58.93750381,510.781248,0.0209,25.71875,14.18750095,19.01041794,310.4686737,0.086641125,3.766585856,18.27359231,50,28.625,370,-38.87500381,-44.59375127,-40.46875254,-57.90625,-59.68750254,-73.52083588,1.670347221,1.915945091,1.717874264,-100.5,-71.56069946
spiny,-35.74707031,155.1757813,30.00976563,155.0664063,-53.17675781,113.4140625,249.4691535,-1.39453125,-90.61314414,11.40039063,-45.34082031,147.0625,0.000825937,2.76011484,0.194859813,-46.03125,-47.19791794,-50.31875,194.330576,0.03298,33.12500381,34.59375,38.02500153,256.5625608,0.020960646,2.35573504,26.33174056,70,60.95833588,600,-34.1875,-31.89583397,-44.94375,-50.34375,-52.69791667,-73.47500305,2.6330408,2.459401744,3.139611416,-100.1562576,-72.63360596
aspiny,-33.78304672,409.6043701,22.84539032,410.6759338,-62.62226486,409.035614,309.6506109,-4.388828278,-243.762356,-7.282734394,-62.43125153,411.1375122,0.00043095,1.269213358,0.542210145,-65.8125,-61.73437691,-67.67187881,226.31464,0.006735,27.40625191,17.53125095,32.984375,104.6878844,0.023317326,2.003204096,9.880049893,270,221.1874924,720,-32.53125,-26.53125,-40.65625095,-65.875,-61.828125,-73.71093941,1.263677322,1.095992069,1.348704028,-87.31250763,-72.13595581
spiny,-37.347332,536.234375,31.19303322,534.7825317,-50.51041794,419.3372498,252.3470611,-5.57063818,-80.30739074,12.85253906,-43.02929688,513.0950317,0.000915417,3.156225756,0.136001769,-47.71875381,-47.13542048,-55.01875229,136.196192,0.03266,34.71875,36.62500127,37.46250076,104.3749973,0.11286559,1.792688128,14.3525272,290,282.25,1140,-37.12500381,-34.21875254,-50.74375229,-51.62500381,-52.26042048,-81.61250458,3.122245449,2.626807556,3.26730818,-93.25000763,-80.71122742
spiny,-38.14236069,337.7995911,34.80853271,337.4702454,-55.42460251,278.8293762,335.4827965,-4.044147015,-76.04231178,13.42807579,-50.80902863,322.6984253,0.000994921,4.464964457,0.24998507,-50.40625,-51.62500127,-53.65625191,189.283568,0.03964,39.75000381,40.59375,43.5520846,163.5938585,0.029149586,1.515819264,31.30028135,170,82.58333333,949.999939,-36.9375,-35.0208346,-48.81771024,-54,-58.16666794,-80.16146215,3.916668006,3.701430309,4.300978549,-97.25000763,-79.18946838
aspiny,-39.32699203,392.9637756,25.85575104,394.2798767,-51.09103394,326.5018005,336.1688233,-2.956068754,-117.8330757,5.417119503,-49.10665894,388.1666565,0.000567536,2.869214929,0.042195161,-52.12500381,-48.43750254,-57.3645846,125.249248,0.00891,29.37500191,22.55208397,35.2447923,111.2500429,0.044888847,3.00982272,9.908583595,240,351.875,530,-42.1875,-33.70833588,-44.05729357,-53.34375381,-49.31250127,-70.82813009,2.498780644,2.725121949,2.488658619,-82.37500763,-69.99556732
spiny,-39.875,63.60606003,17.46401596,62.60227203,-53.44602203,48.92045593,215.7040545,-20.64772797,-64.70528409,-2.037878752,-47.77462006,56.60606003,0.001024848,3.335399576,0.287,-47.75000381,-49.98958715,-51.43750127,249.672928,0.02468,26.50000191,35.60416921,34.34375254,249.2187023,0.031733595,1.239710592,35.13473088,40,17.29166667,186.6666667,-39.90625381,-38.84375254,-43.41666921,-55.00000381,-55.72916667,-60.75000254,3.318945896,3.411773625,3.314975434,-87.28125763,-59.64444733
aspiny,-30.72716331,66.2692337,13.77403831,65.625,-44.82271576,51.39182663,160.6822726,-13.31610584,-55.46835523,-3.358773947,-42.64783478,62.69711685,0.001004231,2.904134194,0.176209683,-46.34375,-46.68750254,-50.45089504,283.386752,0.01496,12.93750095,18.6458346,11.54464313,366.5625453,0.04268809,1.37949248,22.93585311,30,28.8333327,249.9999847,-33.78125381,-34.68750127,-35.26785932,-47.625,-48.10417048,-61.32589558,2.822845836,3.00003893,2.261698165,-98.875,-59.98479843
aspiny,-37.68344116,114.7629852,24.4910717,114.2288971,-48.52272797,92.99025726,180.2536191,-9.089285851,-74.82426579,5.250811577,-46.77231979,110.4659119,0.001002078,2.399974278,0.2203125,-49.81250381,-48.57292048,-55.60416921,332.561728,0.01412,28.81250191,34.75,34.56250127,217.1873897,0.051298689,2.281642752,12.57192404,70,65.5,300,-40.78125381,-40.0520846,-47.54166921,-50.03125381,-48.78125254,-72.94792175,2.526893602,2.72675644,2.835310827,-96.93750763,-72.93928528
spiny,-34.25426102,156.0340881,37.36505508,155.3125,-56.390625,114.960228,362.4532882,0.338068187,-127.602491,8.755681992,-46.99147797,151.8125,0.000651136,2.835694704,0.224731192,-47.50000381,-46.85937691,-48.22500305,120.818576,0.022735,38.71875381,37.640625,39.04375229,197.1429586,0.073027819,1.642703744,20.67276757,90,107.6874962,670,-33.62500381,-32.18750286,-45.32500305,-51.6875,-52.60937691,-78.2437561,3.039968356,2.458815207,3.408074025,-96.31250763,-76.78958893
aspiny,-44.424263,376.6362915,30.66970444,376.506958,-52.40559769,304.543396,337.8512811,-0.65625,-88.88629575,17.16427994,-48.15885544,366.4835205,0.000745972,3.823534874,0.270074809,-49.65625381,-50.98958588,-51.07291921,176.750432,0.10032,36.03125,36.40625,34.81250254,103.2143831,0.01245899,1.602314624,8.667182879,230,164.6666667,640,-46.46875381,-48.0625,-50.12500254,-54.09375381,-56.15625381,-77.66666921,3.563477446,3.594037897,2.444852393,-89.03125763,-77.70589447
spiny,-42.13541794,185.8511963,43.58481979,186.4523773,-57.34226227,127.7857132,404.5648471,2.754464388,-111.2793024,18.73809433,-50.6696434,182.5,0.000774048,3.651525736,0.127029369,-48.90625,-46.65625254,-53.075,201.297152,0.03375,45.875,48.17708588,47.51250381,244.3750054,0.014341467,1.933450752,25.6939788,70,56.45833333,590,-38.31250381,-36.19791794,-46.31250381,-56,-53.48958588,-72.08750458,3.721753475,3.820033061,3.951796568,-96.40625,-70.59728241
spiny,-42.20292664,235.5316467,38.70095062,235.2658234,-56.09453964,178.5538025,464.4330396,1.364715219,-128.3488831,11.37341785,-51.35917664,232.4841766,0.000636139,3.673870668,0.226894747,-49.34375381,-47.72917048,-53.09375286,150.651904,0.0914,45.12500381,38.91666794,39.16406345,145.8928287,0.208530456,1.136433536,13.23669976,90,85.58333079,680,-39.03125381,-37.50000254,-47.10156441,-57.00000381,-54.31250381,-75.40625,3.718974007,3.3118087,3.45652309,-91.68750763,-75.6057663
aspiny,-41.96490479,47.62692261,23.01346207,47.42307663,-53.81682587,38.38269043,311.4622344,-16.61778831,-95.72303406,-1.897596121,-48.76442337,46.28269196,0.000738769,3.264647555,0.539961382,-49.90625381,-48.16666794,-51.10000229,253.89192,0.01114,26.78125191,32.8020846,30.10625153,272.3437846,0.079949223,1.494853376,11.50731136,29.99999809,39.66666667,200,-44.31250381,-40.70833588,-44.88750305,-53.65625381,-53.21875254,-66.14375305,3.348469747,3.786026601,3.331421476,-95.31250763,-65.7026062
aspiny,-40.42003632,30.1985302,14.97794151,30.0110302,-55.98069763,26.0110302,203.0029304,-17.0670948,-103.0246659,-8.879595757,-54.71231461,29.38970566,0.000776471,1.966635083,0.66666673,-56.84375381,-56.25000254,-58.37500095,306.335264,0.02244,15.18750095,28.91666794,24.33593845,302.3437858,0.086786442,1.92418304,28.52284787,20,23.29166667,350,-43.65625381,-42.18750127,-39.28125286,-57.06250381,-56.37500254,-65.79688072,2.17016713,2.3170129,2.158196524,-101.2812576,-64.84938812
spiny,-39.32968903,164.28125,32.26015472,164.5031281,-56.57890701,121.2562485,313.8707408,-8.514062881,-91.03820717,11.09609413,-46.30546951,160.8781281,0.0008245,3.448376511,0.16860237,-47.09375381,-50.5833346,-52.81250229,166.255824,0.05536,35.43750381,34.7083346,32.56875267,143.5938627,0.080862194,1.064818688,19.00409714,100,102.2083308,979.999939,-38.34375381,-39.91666921,-45.44375305,-57.56250381,-57.09375127,-77.84375305,3.411549724,3.260866037,3.405759272,-92.40625763,-77.31341553
spiny,-42.01499939,122.9000015,33.43624878,122.1549988,-56.89250183,90.86000061,290.6348685,-5.183750153,-63.74597035,14.02499962,-48.72375107,116.5950012,0.0011592,4.570081201,0.212423831,-53,-53.51041921,-57.20312786,244.943888,0.08588,41.15625,43.91666921,41.38281631,221.2501168,0.083389349,2.184225792,32.12194151,50,49.125,740,-43.3125,-44.21875381,-47.07812881,-61.37500381,-61.66667048,-74.97656441,4.689856973,4.60628123,4.346693996,-98.5625,-74.64925385
aspiny,-37.7711792,283.6847229,23.33888817,283.722229,-52.77534866,237.4430542,334.0730316,-8.884721756,-99.19455681,5.217013836,-50.71527863,277.2208252,0.000651278,3.422194719,0.268189112,-54.15625,-51.72917048,-58.57500229,140.456,0.02946,27.5625,29.62500191,29.24375153,139.3749565,0.047411215,2.625754624,14.60897321,150,197.8333333,730,-37.09375,-36.34375,-44.41875305,-54.40625,-54.37500381,-74.29375458,2.55582945,3.718925891,2.247321205,-88.5,-72.1893692
aspiny,-34.68237686,416.3555298,15.4339571,417.1212158,-56.85608673,416.1040039,290.3401425,-9.192307472,-236.1321961,-7.885817528,-56.74133301,417.4063721,0.000800714,1.222264911,1.339447236,-57.90625,-52.73437691,-61.22396215,149.722944,0.00504,17.53125191,9.234375,24.39583524,122.9687482,0.029524084,1.764415488,9.337603666,270,250.7500076,430,-29.71875191,-27.01562691,-42.1927096,-57.96875381,-52.81250191,-66.22917175,1.162288389,0.988522907,1.349200306,-80.03125,-65.12310791
aspiny,-38.66926956,32.5625,34.76301956,32.30208206,-58.73176956,26.94791603,271.0181804,3.393229246,-122.3914594,9.000000954,-58.12760544,31.47916603,0.000771667,2.209387176,0.24858407,-57.4375,-55.81250381,-61.01875381,266.870272,0.02944,36.9375,40.03125254,37.60000229,293.7501669,0.053807095,1.217833984,44.01366397,20,21.5833327,320,-40.1875,-38.71875381,-42.53125153,-57.46875381,-55.89583588,-62.36875229,2.437496401,2.485210091,2.525820374,-94.56250763,-60.81086349
aspiny,-33.6506424,169.1538391,8.243322372,167.768158,-50.72355652,155.3675232,127.176834,-9.243589401,-82.52630382,-11.77777767,-50.14209366,162.8739319,0.000938291,1.449930354,0.164467014,-60.50000381,-58.79166921,-62.46250229,312.810656,0.005875,32.75000381,32.03125127,37.50625153,257.6562464,0.099102698,1.562985984,14.55928392,90,51.70833333,200,-41.5625,-42.31250127,-47.50000229,-60.65625381,-58.91666921,-66.625,1.934570444,1.841103455,2.040582087,-93.87500763,-66.21903992
aspiny,-34.79614258,113.2539063,11.47119141,113.3867188,-59.8137207,111.0566406,213.0731362,-10.63720703,-159.29212,-10.25634766,-59.5144043,112.9736328,0.000564844,1.325592101,0.833166667,-61.25,-50.71631041,-62.51250381,294.491456,0.0144,16.75,32.17722328,20.54375076,254.2187572,0.08551386,1.11808256,11.53720415,70,124.6283661,390,-33.93750381,-36.06260131,-38.06875076,-61.5,-54.58113716,-67.61250305,1.43035757,2.86741523,1.591652176,-90.53125,-66.3669281
spiny,-34.23980331,352.3315735,19.12467194,349.2315674,-49.60427475,268.8078918,153.462572,-6.300000191,-55.03798231,4.23947382,-41.71940613,328.4644775,0.001123158,2.706392255,0.218132911,-44.65625,-41.08333588,-53.55208715,145.408496,0.03656,23.59375191,19.8854173,35.44271088,159.5311016,0.043673683,2.116084608,18.73280278,190,136.2916667,690,-32.90625381,-29.7395846,-48.21875254,-48.84375381,-49.95833588,-75.02604802,2.579469203,2.224667705,3.568559831,-92.53125763,-75.17105865
spiny,-34.84843826,413.0187378,18.92499924,402.2515564,-51.93164063,336.6156311,142.5086845,-4.533984184,-40.90867766,8.640233994,-49.94609451,369.5656128,0.001522875,3.443633813,0.073863633,-49.6875,-49.6875,-58.63750229,215.3216,0.037375,17.09375,24.328125,28.20000076,112.499997,0.020411765,1.41368576,16.04740402,210,86,590,-32.6875,-34.296875,-48.28125229,-50.8125,-54.671875,-67.11875153,2.854425661,3.239678102,3.517273116,-79.25,-66.93780518
spiny,-42.76964188,114.2357178,47.57053757,113.9678574,-59.55178452,87.19285583,493.1751838,2.617857218,-125.2655273,14.55892849,-51.81785583,111.228569,0.000733143,3.945333536,0.191312384,-52.59375381,-52.42708333,-53.42187881,295.160704,0.033285,50.40625,52.26041921,51.42187691,205.9376538,0.016697431,1.911861888,19.49912474,50,50.33333588,480.0000305,-41.12500381,-39.8645846,-46.84375191,-56.875,-57.22916794,-74.78125381,4.022758898,4.016848025,4.566057346,-95.21875763,-73.43750763
spiny,-35.85326004,205.8315277,30.49456596,204.4239197,-56.30842209,159.3532562,272.9204914,-7.13043499,-79.41452538,10.14809799,-47.95516205,194.75,0.000926957,3.435862103,0.114669422,-48.5,-48.47916921,-50.64583588,121.452544,0.05954,32,32.45833588,32.98958333,126.0268092,0.102782205,1.22952448,23.53261803,90,115.3333333,1180,-38.31250381,-37.25000254,-42.26041794,-56.93750381,-58.14583715,-72.65625509,3.47870746,3.143162369,3.42988981,-88.09375763,-72.2348938
aspiny,-35.90494919,163.6458282,30.92664909,163.234375,-53.60980988,131.5225677,339.7252679,-2.756944418,-78.20905271,0.943576396,-48.56206512,156.128479,0.000840833,4.360690673,0.2393531,-49.46875381,-51.06250381,-51.29687786,215.368112,0.04658,26.25000191,24.78125064,24.75000143,154.2856395,0.06428127,1.142823936,8.519900949,100,87.16666667,520,-34.90625381,-41.2708346,-38.3671875,-55.21875381,-55.64583588,-69.89844322,4.266712466,3.773166491,2.675006988,-87.65625,-70.10946655
spiny,-42.52804565,263.3205261,36.3693924,263.3397522,-62.37419891,184.1378174,391.6475542,-6.229166508,-107.3798045,3.711538553,-55.9559288,259.7820435,0.000807949,3.653173367,0.140144236,-55.46875381,-54.73958588,-56.12500191,206.452464,0.01915,41.03125381,43.26041921,45.9114596,195.3125,0.044200312,1.796514816,15.21726696,130,83.5,570,-40.87500381,-34.79166667,-47.87500191,-58.09375381,-57.34375127,-80.30729294,3.623667852,3.21781086,4.292056547,-101.5937576,-79.65885925
aspiny,-39.94255447,136.5753632,27.59650803,136.2316132,-57.36489105,130.9485321,329.5989231,-2.996783018,-187.648121,-5.535386086,-56.74126816,134.8106689,0.000495662,1.74703135,0.353027541,-59.12500381,-57.21875254,-59.09375076,356.36832,0.013745,36.59375,37.98958588,40.36250076,262.8905177,0.077836946,1.799855104,17.17763025,80,101.8333308,340,-45.34375381,-42.67708588,-48.50625381,-59.25000381,-57.35416921,-74.15,2.088322554,1.959104174,2.120910221,-98.875,-73.16152191
aspiny,-30.87611198,371.911377,14.22229195,372.7877808,-46.69590378,368.6708374,211.8857257,-3.95645833,-164.7007603,-3.334236145,-46.45694351,372.5888977,0.000469822,1.266232424,1.256024452,-51.18750381,-39.625,-54.40625305,187.133248,0.01206,22.59375191,-6.625000477,27.85000191,126.4063269,0.016756447,2.358067712,5.893216766,230,271.5,570,-31.21875191,-24.34375191,-39.21250305,-51.21875,-39.75000381,-75.8562561,1.373198751,1.060758973,1.387781429,-88.6875,-74.92670441
aspiny,-37.74851227,49.23511887,18.4776783,49.22023773,-56.71800613,46.95238113,196.8261159,-5.371279716,-143.8923846,-5.046875,-55.98735046,48.92856979,0.000631905,1.357240858,0.482142846,-59.06250381,-57.41666921,-60.68125153,418.062144,0.02048,26.93750191,26.83333524,26.54375114,369.2187071,0.126689032,1.54395584,32.45740149,30,29.04166667,380,-42.4375,-41.06250381,-43.98125305,-59.12500381,-57.47916921,-68.65000305,1.542609543,1.54898236,1.587629509,-100.5312576,-65.75532532
spiny,-41.93091965,211.5986786,42.37335587,211.858551,-58.64309311,151.796051,457.0254557,0.643092096,-123.1271104,12.68256569,-53.51726913,210.7861786,0.000719211,3.73660179,0.220637079,-54.40625,-53.16666921,-55.18125229,133.23188,0.04484,46.90625,49.12500254,49.11875381,164.2187089,0.02552758,1.27947584,16.401474,110,130.9583308,700,-42.25000381,-38.8958346,-48.93750153,-54.50000381,-55.28125381,-84.25625305,4.278886041,4.329810326,4.4375222,-98.78125763,-83.15454865
aspiny,-41.1272049,386.5261841,13.1919136,386.981781,-57.70956802,385.5284729,262.0018992,-8.502847672,-232.3818646,-9.470671654,-57.6180954,387.0842896,0.000413303,1.119101661,1.434874639,-59.96875381,-51.46875381,-60.28125286,152.796848,0.00308,17.96875191,5.531250238,16.96875095,88.90636265,0.029072033,1.119379328,9.216943888,230,277,270,-46.59375,-30.00000191,-45.89844036,-60.09375381,-51.54687691,-60.70703411,1.333828464,1.015641315,1.400909123,-72.59375763,-59.98368454
spiny,-31.86610413,747.6852417,23.5,744.6642456,-44.41537476,561.7226563,140.1384272,-0.026231779,-62.17191009,9.462135315,-38.91218185,701.446167,0.001032993,2.175666841,0.082871949,-45.15625,-46.60416921,-54.60625305,114.919744,0.02304,33.37500381,31.89583524,36.88125153,80.62499762,0.043341093,1.57069504,10.69639506,470,274.7083333,1070,-33.31250381,-32.76041985,-48.06875153,-45.43750381,-50.28125254,-77.225,2.388561923,2.098196234,2.46661386,-85.1875,-76.68682098
spiny,-45.08495331,146.2754822,24.89108086,145.9004822,-53.08798599,109.3203888,250.5930483,-16.30521774,-52.09654795,2.82736659,-47.56068039,134.733017,0.001260194,4.86986598,0.24035533,-48.5,-49.60937881,-54.88750305,406.757376,0.0461,29.59375,29.75000191,28.20625153,174.0625054,0.031327344,1.328775424,11.17522821,90,68.0625,540,-43.21875,-43.29687881,-43.62500153,-54.65625381,-55.20312881,-81.06875458,4.463881455,4.672247093,4.144330273,-100.6875,-80.64620209
spiny,-32.65460587,317.3256531,22.17927551,316.5,-51.85361862,233.1282959,173.3416001,-9.087993622,-47.82740453,8.629934311,-45.13322449,302.3815918,0.001292632,3.625596464,0.112480257,-47.21875,-48.65625,-52.18750381,168.865344,0.075,18.3125,27.40625191,26.40625,150.1562148,0.038210124,1.189603456,23.50116686,130,94.625,1070,-36.03125,-35.93750381,-44,-53.37500381,-57.4375,-76.18750763,3.345092379,3.246175604,3.401251534,-92.00000763,-76.00713348
aspiny,-35.57946396,44.50714111,16.7857151,44.61428452,-51.34642792,35.63928604,178.2980973,-13.40803528,-83.09447147,-8.100000381,-49.41875076,44.71785736,0.000887857,2.14417739,0.232499997,-51.59375,-51.62500381,-57.61875229,212.717072,0.016375,22.28125,29.87500095,21.04375038,357.1428657,0.071011476,3.462454272,88.67435774,29.99999809,27.75,312,-37.03125381,-35.78125191,-36.09375153,-51.9375,-52.9375,-61.08125076,2.443293488,2.551914919,2.298204425,-85.8125,-59.39712906
aspiny,-41.91838074,552.7956543,14.36295986,554.7694702,-62.10660172,556.2599487,380.1361842,-9.963112831,-351.5605036,-12.99530983,-62.01478958,557.3925171,0.000270274,1.080738029,1.307836218,-64.6875,-59.3645846,-64.56875153,100.862056,0.00212,21.31250191,11.83333333,22.5,69.06253844,0.033298381,1.077518336,6.519084683,370,301.7083333,400,-46.0625,-35.51041667,-46.67500153,-64.78125,-59.42708588,-64.65625229,1.127713237,0.958977654,1.129247169,-68.90625763,-60.53829956
aspiny,-38.20702362,279.2073975,19.08208656,279.4490356,-60.21780014,278.1290588,318.277999,-9.621893883,-226.2305256,-6.292342663,-60.07872772,279.0585632,0.0004286,1.405881549,1.14591855,-63.18750381,-57.94791921,-63.96875191,193.296752,0.0072,24.34375191,13.85416698,26.17187595,118.0357784,0.068716839,1.425691136,9.41288213,190,155.875,440,-41.65625381,-32.12500318,-43.85937691,-63.3125,-58.10417048,-70.87500381,1.499256905,1.321651435,1.658200723,-82.78125763,-70.18878174
aspiny,-34.61530304,242.6443939,20.53771591,241.1465454,-56.2365303,197.9353485,205.0686825,-7.214439869,-47.20042677,-13.17241383,-52.60183334,225.3642273,0.001346207,4.356282132,0.138036118,-57,-54.70833715,-59.22222477,142.38528,0.06514,19.71875191,23.1979173,25.95486281,120.7811311,0.075861603,1.389902592,9.431160436,150,153.5833333,660,-35.15625,-33.3125,-39.91666836,-59.40625381,-57.26041921,-72.37847646,4.679059046,4.960754967,3.143878101,-85.71875,-71.50636292
aspiny,-33.33223724,245.7836304,17.44791603,246.0935669,-51.41959,242.3881531,263.8340851,-8.670686722,-174.6257384,-4.024122715,-51.0893631,245.2288055,0.000465146,1.509768215,0.517410727,-54.46875,-54.58333715,-58.95625305,210.63512,0.06202,22.62500191,28.9270846,28.55000153,147.3437548,0.090646319,3.028413696,12.44718594,150,148.3749949,700,-35.5625,-31.65625254,-42.53125305,-54.53125381,-54.66667048,-72.41875458,1.549634134,1.419826604,1.6159805,-89.1875,-72.05416107
spiny,-36.37736893,210.4886322,38.49905396,210.2121277,-52.35558701,173.5984802,324.7315443,1.051136374,-81.30319105,16.890625,-46.15719604,194.3996277,0.000940909,4.029148428,0.194315253,-46.93750381,-47.47916794,-53.50000381,342.80576,0.03904,40.84375,41.94791921,43.57812595,175.1803905,0.069576919,1.573768832,37.6089718,130,53.04166667,820,-34.81250381,-35.09375,-44.95312786,-52.65625381,-57.95833588,-73.54687691,3.996868619,3.674216156,4.054556302,-92.71875763,-72.27597809
spiny,-41.3327713,131.1756744,40.44341278,131.3108063,-58.04560852,98.37162018,379.0374474,-1.570945978,-126.9443412,17.75253296,-48.95016861,130.1756744,0.000680811,2.988278968,0.163035216,-49.65625381,-48.07812691,-50.39732415,140.119056,0.0505,43.15625,47.34375381,47.43750381,158.203125,0.026663931,1.33107712,17.71643012,80,51.12499809,830,-41.09375,-36.29687691,-46.33036041,-57.21875381,-54.60937881,-74.89732579,2.954641934,3.071505551,3.308108344,-92.59375,-74.87179565
spiny,-38.82648087,168.078949,41.90789413,167.6315765,-53.25822449,121.2138138,336.7503191,-0.567434251,-75.70243506,13.453125,-47.03289413,161.1973724,0.001047895,4.437642759,0.173584906,-50.53125381,-51.46875381,-54.71875381,166.241216,0.04178,46.75,35.63541794,47.67187691,168.2813615,0.084047414,2.756861952,19.34311578,90,59.16666667,630,-40.87500381,-41.96875127,-44.06250191,-54.96875381,-57.375,-69.90625381,4.698836883,3.579754233,4.721391847,-88.5,-68.74842072
aspiny,-41.24187851,172.3352814,19.94257736,172.7788849,-61.23871994,171.774826,385.7889545,-7.33709383,-309.9123415,-9.293772697,-61.00575256,173.1556854,0.000311769,1.24540396,0.92445263,-63.59375381,-58.68750254,-62.35625153,214.070112,0.01049,22.71875191,15.12500095,20.97500076,162.5447124,0.074003793,2.666631936,10.10870404,110,130.4583308,340,-38.78125,-35.29167048,-46.04375229,-63.84375,-58.84375127,-70.84375458,1.184863343,1.085524458,1.355900372,-89.25000763,-70.60752869
spiny,-29.109375,408.1985168,35.85202026,405.6433716,-50.56893539,305.625,297.7600401,2.777573586,-91.45124536,17.43382263,-44.24448395,394.4154358,0.000789265,3.267253315,0.13637931,-43.25000381,-43.44791794,-48.07812595,237.4744,0.0501,36.25,36.65625,41.3046875,135.3124976,0.11409016,2.790733312,16.33833272,210,111.1249975,1180,-27.37500191,-26.28125191,-40.72656441,-48.90625,-52.16666921,-69.5234375,3.136395181,2.816160097,3.406289055,-82.03125,-69.08446503
aspiny,-36.92498398,276.4968262,17.56066704,277.1705933,-56.60786057,276.1441345,302.1721318,-9.126993179,-212.6182518,-5.806042671,-56.40202332,277.530304,0.000422092,1.420059199,1.199935359,-57.31250381,-57.65625,-60.02500229,248.945344,0.01122,20.03125191,16.1875,27.15000153,154.3750018,0.038095038,1.695644928,8.120364223,180,166.25,430,-32.50000381,-31.65625,-45.59375229,-57.5,-57.84375381,-72.99375458,1.375935092,1.293593248,1.542518743,-88.93750763,-72.8814621
spiny,-38.42448044,128.1458282,19.05338478,127.4583359,-54.0703125,82.33333588,143.0320752,-17.32682228,-54.95993457,-3.149739504,-44.76041794,123.2447891,0.001233958,2.605228642,0.177380952,-48.96875,-50.828125,-51.59375381,257.315936,0.037245,22.28125,30.609375,19.90625095,260.7813478,0.084223233,1.604902656,19.94083361,70,46.9375,509.9999695,-39.09375,-41.15625,-41.93750191,-54.3125,-53.70312881,-76,2.48716083,2.621217982,2.668154907,-98.81250763,-74.81250763
aspiny,-44.89601898,353.9856262,13.83228397,355.3601685,-65.9327774,354.7450562,348.143017,-14.13646603,-247.4341333,-13.33857918,-65.72988129,357.0854187,0.000371457,1.407637952,0.641293687,-67.40625,-59.13541794,-68.38750153,119.377832,0.027555,15.65625,13.72916667,17.77500038,105.1563248,0.037254214,2.763491328,6.936925934,220,276,570,-44.65625,-36.86458333,-48.18750076,-67.53125,-59.26041667,-77.85000153,1.377192905,1.407395904,1.405893127,-99.1875,-77.06097412
spiny,-46.98821259,286.7730408,32.5200119,287.1546021,-53.22066879,231.9923248,306.6454841,-5.557291508,-89.81979633,3.855811357,-48.01425552,279.2357483,0.000883465,3.478363164,0.171774195,-52.84375381,-52.29166667,-55.28125229,114.373968,0.026595,41.78125,46.22916921,43.50625305,90.31254053,0.223507836,3.1588096,13.7907471,170,155.4166667,920,-50.15625,-47.89583588,-54.32500153,-53.03125,-55.30208588,-76.88750305,3.720936031,4.04929991,3.868473257,-86.90625763,-75.82720947
spiny,-38.11538315,192.5817261,39.84375,192.4230804,-58.49158478,134.5336609,391.3672267,2.436298132,-122.1063978,16.06730843,-48.17067337,186.25,0.000667115,3.21336739,0.146420843,-47.4375,-47.57291667,-49.09375127,180.417056,0.032255,43.5625,32.81250127,26.23958333,195.703119,0.04326345,2.78737152,19.75439534,110,82.5,730,-31.28125191,-32.3645846,-40.15625,-52.50000381,-54.08333333,-78.54166921,3.267011974,2.837787877,2.810490921,-98.28125,-77.22776794
aspiny,-35.27881241,512.7449341,10.96765804,514.3843994,-55.4119606,513.5678711,270.8884298,-11.57375717,-201.2570697,-11.63466072,-55.22042847,515.977478,0.000388938,1.345075169,0.785629946,-58.12500381,-53.89583588,-60.59375381,118.711808,0.006415,13,10.80208397,18.57500114,95.78140825,0.060103059,2.344535552,6.53796117,320,409.9166667,570,-36.03125,-30.05208524,-41.93125229,-58.21875,-54.07291921,-69.91875458,1.360073372,1.175192072,1.432455356,-90.28125763,-68.7008667
spiny,-37.86391068,248.2137146,37.54133224,248.0725861,-55.24496078,178.1774139,333.581522,2.038306475,-107.8057119,13.6814518,-46.54838562,242.3507996,0.00074371,3.126420337,0.157034061,-47.75,-47.28125,-51.41666667,293.105056,0.05736,40.25,44.22916794,44.46875,170.312494,0.047388744,3.213724672,23.0778482,110,85.04166667,900,-34.40625381,-34.8125,-47.17708333,-54.90625381,-54.9375,-79.26041921,2.874550603,2.984295605,3.248583411,-97.21875,-78.72134399
spiny,-39.47946548,223.7535706,42.83392715,223.9857178,-55.51517868,162.1857147,362.0414051,2.181250095,-86.65266497,14.91607189,-44.22678757,216.7250061,0.000882857,4.178092765,0.117708336,-44.78125381,-45.16666921,-48.92500153,174.404064,0.03736,46.68750381,48.97916921,46.03750153,117.9687083,0.170743108,1.425935872,15.77940059,130,111.5416667,1100,-40.59375,-39.7083346,-45.80000305,-57.25000381,-51.38541794,-73.95000458,4.622953022,4.550886381,4.337798944,-85.96875763,-72.97252655
aspiny,-32.75038147,112.6082306,36.14519882,112.0792694,-52.33727264,95.95274353,342.677093,2.540015221,-102.9639715,15.81173801,-49.99847412,108.4923782,0.000741707,3.334269405,0.307575758,-50.18750381,-50.56250254,-54.68125305,278.122656,0.13962,32,35.94791921,41.88125153,191.7410344,0.035277091,2.608884224,11.76770631,70,81.79166667,300,-30.3125,-32.31250127,-38.22500229,-52.93750381,-52.43750381,-63.59375381,2.91611193,3.296074968,2.880893032,-82.03125763,-61.92764664
aspiny,-35.28437424,87.6875,28.31666756,87.59999847,-58.46979141,81.42500305,266.432245,-1.395833373,-168.3460816,1.276041627,-57.98958206,87.0708313,0.000585333,1.576871316,0.4016,-61.75000381,-58.00000381,-62.11718941,407.429664,0.0149,27.875,30.56250191,35.28125191,525.000453,0.030061554,2.34981632,37.99276903,50,86,280,-41,-32.03125381,-44.50000191,-61.84375381,-58.09375381,-62.24218941,1.698160558,1.42362281,1.767129805,-80.18750763,-63.05999756
aspiny,-36.69154358,197.6588287,21.94889641,196.3235321,-49.88418961,145.7544098,215.9321537,-15.91029453,-74.66345228,4.83860302,-44.35625076,189.0970612,0.000924941,2.865128961,0.182530612,-48.40625,-48.51041667,-60.20833588,213.203024,0.0142,28.84375191,27.67708524,32.36458588,169.531092,0.036977265,1.148872704,11.06049848,120,131.6666641,370,-39.8125,-41.22916794,-47.28125254,-49.03125381,-48.90625381,-75.17708842,3.18010362,2.826855605,3.381568358,-93.84375763,-74.33700562
spiny,-36.14349365,278.420929,31.33163261,278.079071,-52.50382614,204.8673401,303.0457027,-8.74362278,-87.19653429,10.74298477,-45.42602158,265.9974365,0.000863673,3.514519331,0.126190476,-46.09375,-47.0208346,-48.49219036,251.63056,0.04898,39.59375381,43.4270846,40.70312595,162.9688293,0.030404558,3.3877696,16.58341445,90,95.95833333,860,-35.875,-35.3645846,-42.05468845,-51.06250381,-52.34375381,-79.390625,3.541723281,3.710321285,3.378423808,-96.78125,-78.25927734
aspiny,-39.33187485,152.2375031,33.14500046,151.8899994,-50.86062622,125.6224976,361.0731771,1.723749995,-168.7699366,9.891875267,-48.65437317,149.8150024,0.000476,2.138962497,0.300697674,-50.71875,-51.04166794,-52.26562564,211.051296,0.036845,36.59375,38.07291794,38.9583346,211.8749917,0.259266615,1.904866048,23.51016651,90,92.83333333,720,-42.46875381,-41.2083346,-45.421875,-54.15625,-54.40625254,-71.34375127,2.205640364,2.148003272,2.15262037,-94.90625763,-70.39728546
aspiny,-40.30533981,100.140625,21.51497459,99.96614838,-55.88932419,86.3125,321.9985371,-7.604817867,-192.8882565,-7.867838383,-54.87565231,99.15103912,0.000444896,1.663453383,0.371627923,-58.46875,-56.79166921,-59.98125229,209.048544,0.028085,27.65625191,32.82291794,32.45625076,210.7812911,0.039730467,1.636306304,18.99363198,60.00000381,70.875,469.9999695,-43.59375381,-41.51042048,-44.11875381,-58.65625381,-56.87500254,-69.17500458,1.842653434,1.746986003,1.83929586,-91.96875,-68.21110535
aspiny,-30.28360176,164.8642426,8.324596405,163.4919281,-40.07795715,123.4986572,106.9332544,-17.43548393,-40.41325906,-5.169354916,-36.06855011,155.7392426,0.001198495,2.622849574,0.090027203,-41.43750381,-38.8125,-57.09375381,268.197056,0.0577,8,7.947917144,4.750000477,211.0936642,0.02113702,2.301942784,17.33529442,90,73.91666667,410,-35.5,-35.19791794,-39.09375,-42.53125,-40.44791794,-72.71875763,2.605901045,2.785737936,2.430472385,-95.50000763,-72.33971405
aspiny,-34.33304977,409.5459595,7.599470139,410.4898376,-50.79062653,408.8512573,188.7737274,-10.37166309,-154.8551796,-11.77065659,-50.67039108,410.0643921,0.000515254,1.191313732,1.17537037,-56.43750381,-45.75000381,-57.89375229,167.093056,0.00364,16.875,-6.86458381,24.38125114,127.3435503,0.014759771,1.973495808,13.58198602,280,253.75,370,-34.53125,-26.40625127,-47.57500153,-56.53125381,-45.97916667,-65.63750153,1.29908935,0.660427837,1.463385298,-76.25,-64.32668304
aspiny,-42.35500336,1270.935425,8.117217064,1274.050659,-61.24778366,1275.573242,249.7633987,-12.95764446,-213.4976308,-14.61227894,-61.15990067,1276.512817,0.000446762,1.147814523,0.63667114,-60.96875381,-63.1458346,-66.85625305,124.287976,0.49862,11.25,22.31250191,24.95000153,46.56242207,0.038824748,1.613983232,4.363200718,750,392.7083333,930,-32.28125,-47.34375127,-48.65000381,-61.03125381,-65.00000509,-79.62500305,0.987204482,1.191761967,1.294996369,-85.59375,-79.52004242
spiny,-42.82539749,276.2976074,35.29365158,275.2658691,-57.53323364,220.7142792,330.652288,-1.667162657,-83.48770847,13.09871006,-53.19940567,259.1388855,0.000941587,3.966911121,0.221829279,-53.40625,-53.97916667,-56.96484518,243.38256,0.04204,39.18750381,40.78125127,41.51562595,157.1875811,0.027402388,2.377987072,16.59074975,130,44.5,630,-41.53125,-42.10416794,-51.14843893,-56.90625381,-59.21875,-77.52734661,3.7451434,3.723595483,4.183292692,-95.59375,-78.22331238
aspiny,-35.66846085,190.1393738,26.3527298,187.7399445,-52.21264267,166.3132172,163.8744616,-0.235632181,-74.34680709,2.544540167,-51.17492676,178.6666718,0.001129655,2.124474285,0.071363409,-56.875,-53.82812691,-58.46875381,479.763648,0.01736,38.1875,42.71875191,43.45312691,190.9375042,0.061924227,2.188624128,10.32062725,100,49.8125,350,-41.875,-42.81250191,-45.92187691,-56.93750381,-53.90625191,-78.734375,2.726456295,2.801934322,2.966990164,-100.09375,-78.46760559
spiny,-36.98828125,269.3867188,37.77734375,269.0859375,-56.41113281,192.765625,364.9057515,-0.66406256,-114.245262,14.97167969,-49.09960938,263.5351563,0.000720937,3.20421739,0.159230776,-48.96875,-49.70833715,-49.703125,331.820608,0.046005,36.6875,34.88541794,32.68750191,187.0312095,0.080043852,1.20281024,20.49118646,110,70.29166667,770,-35.96875,-34.94791921,-45.45312691,-52.40625,-56.37500254,-78.67187881,3.16587949,2.748260576,3.054782177,-99.34375763,-77.47861481
aspiny,-43.87088776,154.9868469,17.99177551,154.8947296,-55.54523087,120.7730255,258.0751874,-8.264802933,-136.1240796,-5.399671078,-53.07072449,153.7368469,0.000569474,1.87750813,0.0375,-57.34375,-57.28125381,-59.83750153,255.33224,0.02186,25.03125191,25.97916857,25.19375114,208.906129,0.029213283,2.226098176,19.2475351,90,83.70833333,450,-49.15625381,-47.91666921,-49.59375153,-57.4375,-57.33333588,-72.26250458,2.127035056,2.153731142,2.085997149,-90,-71.25216675
aspiny,-32.9163475,153.7730713,15.46586514,153.125,-54.41875076,146.3923035,224.6086441,-6.93317318,-154.3926285,-8.310095787,-53.6350975,150.7653809,0.000522615,1.450486931,0.356932773,-55.71875,-54.8958346,-60.36718845,318.976576,0.051595,18.1875,19.77083397,25.21875095,203.906253,0.040834833,1.31124864,13.35469316,90,130.4583359,520,-36.1875,-31.3333346,-44.59375095,-55.90625,-55.03125254,-76.0625,1.598512456,1.285062227,1.646512375,-98.09375763,-75.63542175
spiny,-35.06756592,81.92567444,33.77787018,81.91216278,-54.72212982,60.98986435,258.5911309,2.557432413,-103.9220468,13.76351357,-44.31503296,80.8141861,0.000743784,2.483632778,0.236160714,-48.87500381,-47.66666921,-52.37500381,230.986368,0.03883,37.875,37.08333588,37.5625,320.6249774,0.114051633,2.74985216,25.55559376,50,67.37499873,600,-37.71875,-33.3333346,-44.37500381,-51.96875381,-53.44792048,-78.06250763,2.787344213,2.383473692,2.934958091,-99.21875763,-78.02154541
aspiny,-38.6467514,323.4609985,8.632249832,323.3139954,-51.30924988,258.2109985,177.9197074,-17.74024963,-50.84834996,-12.07499981,-46.69200134,302.7189941,0.0011104,3.53020777,0.28873403,-52.59375381,-51.50000381,-65.31875,115.860544,0.04466,10.3125,15.90625064,12.60000057,100.3124639,0.034559317,1.384459776,5.914136105,190,196.2083333,730,-38.125,-37.51041667,-41.27500076,-55.31250381,-55.32292048,-80.10000153,3.114441171,3.587293048,2.40031171,-91.09375763,-78.85063934
aspiny,-34.16953278,66.06874847,36.19374847,66.078125,-50.90000153,52.95000076,329.8406425,-5.175000191,-94.58652016,18.73046875,-46.81797028,65.55937195,0.000813,3.500005363,0.330730016,-48.06250381,-48.04166667,-50.4330368,351.34272,0.01372,37.62500381,40.58333588,40.57589395,261.1605823,0.037214458,1.774792448,16.79544073,40,53.70833333,230,-35.59375,-35.03125127,-41.52678953,-51.34375381,-51.93750381,-63.03125327,3.249447343,3.74865399,2.978985981,-94.53125,-63.37395096
aspiny,-41.48760223,210.7117767,30.52995872,211.2097168,-50.70945358,162.7262421,218.054287,-3.189049482,-106.9336562,9.861311913,-47.59504318,207.7055817,0.000820331,1.973043761,0.161611374,-53.28125,-49.76041794,-53.05000305,220.72056,0.00616,43.34375381,49.04166794,50.86875153,147.3438293,0.067417301,1.239081472,6.624721879,130,138.2916667,260,-49.84375,-42.97916794,-53.46250381,-53.31250381,-49.77083333,-76.93750458,2.907656092,2.562674276,2.864118583,-93.15625763,-76.09017944
spiny,-31.90964699,329.9184875,35.81114197,330.3423767,-47.63654709,245.467392,262.7954747,-3.331521749,-58.53013104,22.15896797,-39.52785492,315.5353394,0.001174783,4.522724047,0.092254605,-44.00000381,-44.82291921,-49.125,110.777152,0.09246,36.00000381,38.09375254,36.81250381,118.5937077,0.040582106,1.939275776,27.33392419,170,108.4166667,1450,-33.71875,-34.42708588,-40.90625,-53.21875381,-55.41666921,-75.34375,4.462391378,4.300450963,3.899662805,-88.5,-74.99610138
aspiny,-32.91220093,68.29166412,36.61011887,67.8392868,-53.29315567,58.7678566,257.8552787,3.464285612,-123.6536317,6.758928776,-52.09672546,66.55952454,0.000757143,2.07832253,0.166666688,-52.50000381,-51.41666921,-58.53125191,276.70976,0.0523,39.5625,31.08333397,24.0625,398.4371424,0.03914069,1.203548416,78.3898115,40,32.99999936,420,-34.65625381,-35.85416921,-34.56250191,-52.65625381,-51.52083715,-62.89062691,2.345188989,2.282960433,1.822622801,-75.65625,-61.60752487
spiny,-33.94059372,234.6670837,23.40160942,232.0581665,-49.8982048,185.6856384,160.8177216,-2.940593958,-58.70563739,6.610457897,-45.50123596,218.0544586,0.001157426,2.68372383,0.240909091,-44.03125,-50.71631041,-54.61458715,278.482944,0.02122,13.25000095,32.17722328,24.37500191,259.375006,0.027430862,1.122652416,21.56335684,90,124.6283661,400,-31.37500191,-36.06260131,-45.31250381,-48.84375381,-54.58113716,-64.51041921,2.45130856,2.86741523,3.277859762,-92.59375,-65.49472046
aspiny,-36.25261307,361.6190796,4.048977375,362.8986511,-55.28068161,359.6009216,202.9242184,-13.50863647,-165.7926927,-15.76204586,-54.99988556,363.298645,0.000800714,1.203381207,0.935044638,-57.37500381,-50.71631041,-60.07291921,125.408232,0.01101,11.93750095,32.17722328,16.72916667,125.781253,0.015138106,1.359971584,7.423937937,230,124.6283661,550,-34.96875381,-36.06260131,-44.21875381,-57.5,-54.58113716,-76.75000509,1.371237819,2.86741523,1.574362475,-89.21875,-76.17631531
aspiny,-37.66831207,298.8508911,26.93914413,298.6973572,-58.48355103,268.4057007,312.3351738,-4.797697544,-184.5804249,-6.132675648,-57.4775238,297.3157959,0.000529474,1.684710996,0.194525554,-64.96875,-59.26041921,-63.45312881,177.17712,0.03324,30.78125191,34.82291667,32.84375,132.6562464,0.184340373,2.488485888,19.52773646,170,129.4166667,890,-46.15625381,-39.82292048,-45.00000191,-65.00000763,-59.34375381,-74.25000381,1.921169,1.988312895,1.952277717,-89.46875763,-73.60150909
spiny,-32.0784874,276.3226624,36.3379364,275.5407104,-49.9505806,214.2093048,309.6816913,2.23328495,-72.66318604,17.59375,-40.9004364,263.5174561,0.000929302,4.267579826,0.117123291,-41,-42.53125254,-47.12500076,110.129312,0.06524,39.3125,37.62500127,36.62500076,84.21885967,0.05469327,1.895231232,13.707008,170,125.0416616,1150,-33.59375,-36.63541921,-43.75000076,-50.78125381,-53.77083588,-72.02500305,4.473398133,4.45136255,4.440095231,-81.21875763,-71.87890625
spiny,-35.76802826,210.9519196,18.62860489,210.9375,-56.08052826,155.5576935,194.0566635,-16.37740326,-72.97710907,-3.461538553,-49.07932663,189.6634674,0.000951923,2.66299593,0.154980441,-46.71875,-48.60416667,-48.85156345,175.531408,0.04331,26.75,41.46875254,29.95312595,166.2499607,0.021673648,8.00103,25.07066192,110,93.29166667,870,-33.96875,-35.125,-39.3984375,-51.03125,-53.81250127,-70,2.610696832,3.065455512,2.6824267,-92.84375,-76.98036194
spiny,-34.65029907,249.1726227,35.13095093,248.3601227,-54.015625,181.6517792,327.3580136,-2.255208254,-76.98953796,14.703125,-46.81770706,234.1339264,0.00092619,4.279004125,0.121361509,-46.59375,-44.73958333,-54.06250381,259.181008,0.05434,36.375,38.72916667,40.51562881,202.8125376,0.062282633,1.546400768,20.75747547,130,89.25,800,-32.21875,-32.44791985,-47.01562881,-51.375,-54.41667048,-78.07812881,4.264271454,3.795550478,4.136596177,-98.46875763,-77.23267365
aspiny,-34.83812332,290.5213928,7.667916775,291.457489,-50.35034561,290.105835,228.8485678,-12.03826427,-155.2127853,-9.959096909,-50.15250015,292.2325134,0.000421422,1.473685292,0.922795338,-54.0625,-52.63541667,-58.25000064,222.154768,0.012065,8,15.15625032,16.10416683,147.8125006,0.034841459,1.692378112,7.171169702,190,216.0833333,71.66666667,-33.12500381,-29.48958333,-39.7760423,-54.25,-52.77083333,-71.35417048,1.287027919,1.253600451,1.467442631,-101.125,-70.96172333
spiny,-39.94680786,58.85638428,40.79986572,58.77127838,-52.43218231,48.56914902,316.5944756,0.544547856,-75.29552448,16.91688919,-44.73869705,57.875,0.000980851,4.211342917,0.195468127,-45.6875,-45.81250254,-47.94531536,231.496256,0.0362,45.53125,47.60416921,42.53125191,229.0625423,0.059038658,1.168399104,25.7369392,40,44.45833333,469.9999695,-40.09375381,-39.95833333,-44.07031441,-54.84375381,-52.3958346,-65.984375,4.408439424,4.429734998,3.593585527,-91.46875,-65.98118591
spiny,-37.56036758,141.25,31.48579597,141.3948822,-56.82883453,118.852272,339.9157014,-3.379261255,-105.5578297,12.76491451,-46.83096695,137.1022797,0.000675114,3.221247222,0.175892864,-48.03125,-49.05208333,-51.84375381,150.047936,0.06008,33.31250381,30.37500127,32.859375,129.7768652,0.138412699,2.30501888,18.6729107,90,92.04166667,999.999939,-35.34375,-35.23958333,-48.09375191,-59.78125381,-59.13542048,-79.4375,3.124707606,2.909539259,3.128337837,-91.50000763,-78.44650269
aspiny,-59.2338295,301.4141846,16.64695549,301.6527405,-75.83082581,301.1181641,434.3833127,-12.64819431,-358.6469289,-14.1454792,-75.67127228,301.7874146,0.00030382,1.215457709,1.167213405,-76.84375,-65.69791921,-71.70833588,181.62328,0.005695,17,14.51041667,15.83333365,99.06238317,0.030751294,1.92078976,6.144263337,220,188.6666667,400,-53.15625381,-40.21875,-54.11458588,-76.96875,-65.82291921,-76.95833333,1.053065738,1.127331265,1.174175658,-100.28125,-76.77050018
aspiny,-34.34293365,383.7545776,8.353949547,384.3120117,-51.77015305,380.6654663,196.1122572,-10.71817875,-155.0790265,-10.86349583,-51.54063416,382.9794312,0.000517963,1.236796395,1.134374871,-53.96875381,-50.71631041,-57.71250076,215.414448,0.0081,14.84375095,32.17722328,22.00000153,142.4999237,0.020945966,1.307749248,7.626641775,249.9999847,124.6283661,600,-32.46875,-36.06260131,-46.15000229,-54.03125381,-54.58113716,-73.62500458,1.305054966,2.86741523,1.499590619,-87.65625,-72.80056
aspiny,-33.37903214,100.5121002,35.16532135,100.2338715,-54.49394989,89.68951416,227.4156864,3.03125,-114.7751952,7.113911152,-53.09475708,98.8306427,0.000824516,1.958704587,0.104303707,-55.40625381,-55.8958346,-65.4453125,440.545472,0.0584,40.09375381,45.28125254,31.04687691,293.7499881,0.06807375,1.331219328,25.45459468,60,35.375,520,-38.0625,-36.88541921,-42.64843845,-55.50000381,-55.96875381,-73.53125381,2.499719342,2.489418553,1.819710834,-99.71875763,-72.54456329
aspiny,-38.81884003,291.8926697,9.167777061,292.7051697,-59.09445572,292.2200317,233.2836846,-11.66623974,-187.3129751,-13.76466465,-58.91482925,293.1239624,0.000452941,1.239720064,1.291262112,-61.625,-55.16666921,-63.9375,214.650048,0.00718,12.75000095,2.40625,22.23437532,158.9062065,0.028748374,1.083565312,7.823013665,190,226.875,450,-34.84375,-29.34375064,-45.2604173,-61.75000381,-55.38541667,-76.88541794,1.226654072,0.83348115,1.290680461,-93.09375,-75.90616608
aspiny,-31.4521122,527.4250488,18.8357811,528.6375732,-47.02831268,523.9186401,275.6110851,-6.026636124,-172.2522961,-1.287052631,-46.77083206,529.2077637,0.000439284,1.601156049,0.781922645,-51.4375,-52.15625254,-57.98579684,134.291328,0.052,18.625,19.56250191,21.6051145,80.62511683,0.011316911,1.142862592,5.011057542,340,341.875,750,-30.09375191,-29.7708346,-38.83806922,-51.65625381,-52.71875254,-75.09375347,1.447540305,1.38678294,1.53211111,-84.00000763,-74.26557922
spiny,-38.828125,97.3380661,44.72727203,96.97727203,-53.25639343,72.55113983,348.2924669,1.1328125,-90.04685542,10.10227299,-47.36008453,94.07102203,0.000998182,3.855928962,0.220665993,-49.28125,-50.51041794,-54.11250229,253.258816,0.0323,54.21875381,53.87500254,51.45000229,210.9375298,0.182516217,1.644856064,18.42615035,50,52.33333333,460,-39.96875,-39.90625127,-44.96250305,-55.15625381,-54.05208715,-68.39375305,5.078122517,4.835936934,4.885932967,-91.40625763,-67.31044006
spiny,-41.97499847,272.3923035,34.45576859,270.6596069,-56.2509613,210.0634613,321.8967528,-8.667788506,-56.6318362,15.18124962,-49.54471207,247.5192261,0.001273231,5.708360523,0.142385058,-52.06250381,-51.42708715,-59.8645846,140.543696,0.04234,39.84375381,43.09375127,40.96875,80.00007272,0.038814977,2.12712192,10.2752765,170,185.75,890,-43.53125,-42.96875,-48.64583588,-58.12500381,-57.73958715,-80.20833588,5.254200997,5.495364734,5.48869836,-89.15625763,-79.32674408
aspiny,-31.78125,83.31104279,15.35247135,82.69767761,-53.90552139,71.71511841,140.1143806,-8.708575249,-95.02278438,-8.636628151,-52.5966568,80.81686401,0.000871628,1.4626961,0.075892857,-56.3125,-55.08333715,-61.73125076,359.87936,0.05972,16.21875191,21.25000127,12.52500019,371.5625107,0.048451245,1.387547392,32.81441579,50,37.58333333,499.9999695,-36.75,-37.30208588,-36.26875153,-56.37500381,-55.21875381,-73.31875153,1.74111072,1.806045555,1.688788348,-102.0937576,-72.4482193
spiny,-31.85532379,329.4861145,31.48842621,327.2314758,-50.21875,217.4490814,188.4299691,-4.430555344,-47.11583139,16.47685242,-40.12268448,309.472229,0.001423704,4.021095141,0.065572627,-43.28125381,-43,-51.67187691,171.510848,0.0571,35.90625,39.01562881,31.18750191,143.7500715,0.130809754,1.553713408,21.30709848,150,105.9375,1160,-35.62500381,-35.79687691,-36.96875381,-52.46875381,-52.93750191,-72.68750381,4.151774056,4.072220949,3.110218659,-89.34375763,-72.7064743
spiny,-37.2129364,90.2674408,30.4818306,89.875,-54.0799408,72.79650879,266.6200289,-10.5050869,-87.08702866,6.977470875,-46.1148262,88.03197479,0.00087814,3.074673244,0.213515309,-48.375,-48.55208333,-50.90625191,181.261088,0.055965,33.3125,37.68750127,33.34375,226.8749923,0.037864748,2.83055232,29.91444574,50,50.625,660,-36.78125,-36.6145846,-41.9375,-57.53125381,-56.04166667,-73.28125,3.038636214,3.087126839,3.118298209,-96.59375,-72.01635742
aspiny,-43.71590805,134.5925293,25.61810112,134.1574707,-51.44723892,105.102272,215.0950699,-2.226866961,-76.23833721,5.758522511,-48.2232132,129.7905884,0.000902597,2.835251504,0.309798958,-51.125,-50.27083588,-53.25781631,221.24208,0.01106,28.34375191,29.72916794,30.60156393,197.656244,0.197623894,1.448649088,16.5679648,80,104.9166667,440,-53.125,-39.47916921,-43.83594131,-54.25,-55.63542048,-66.16406822,2.417881569,2.533213769,2.284880805,-85.56250763,-65.66378021
aspiny,-31.56935883,352.3079224,25.68216515,352.1112671,-50.79382706,263.9893188,282.7978451,-5.671875,-86.57064784,-4.221036434,-44.69664764,340.8216553,0.00075439,3.284696421,0.165401766,-49,-52.1145846,-62.51250076,162.217536,0.089955,25.6875,30.56250127,23.93750191,119.3749607,0.041876987,1.053503232,5.874774099,209.9999847,177,810.000061,-31.62500191,-32.35416921,-34.56875153,-52.37500381,-55.82292048,-77.13125153,3.346890699,3.529067179,2.061820972,-89.71875,-76.11595917
spiny,-36.35085297,133.8371277,20.60369301,133.344696,-50.28929901,117.280304,183.2498235,-8.847537994,-109.241948,-3.609375,-48.84090805,131.1268921,0.000764848,1.676655991,0.371990233,-50.09375,-49.84375,-53.07031536,191.200416,0.08418,24.125,30.7604173,23.71875143,171.875,0.031956479,1.311444736,14.53761381,80,92.45833333,620,-37.15625,-37.09375,-37.67968941,-50.25,-49.9270846,-73.91406441,1.811858817,1.964281055,1.899044859,-91.40625763,-73.19693756
spiny,-38.13249969,178.9450073,18.98500061,178.9250031,-55.79375076,113.7050018,207.8512989,-14.69750023,-73.3105311,-2.460000038,-42.93875122,170.1300049,0.0008522,2.83837492,0.190044256,-44.28125,-42.75000381,-50.9895846,243.125056,0.054805,18.78125,32.51041794,21.36979262,187.3438358,0.089483142,2.54146816,20.69806783,90,110.2083333,758.3333842,-36.46875,-34.05208333,-41.85937754,-55.78125381,-53.23958715,-79.25521215,2.678995935,2.759434011,2.677321047,-96.53125763,-78.43948364
aspiny,-38.47256851,592.8877563,14.49958324,593.9380493,-61.41986084,591.8933105,298.5769119,-9.450833321,-235.5859445,-11.63534737,-61.28013992,594.291687,0.000387889,1.265794118,0.837913802,-63.625,-58.22916921,-63.21250381,97.97776,0.006745,20.59375191,13.37500095,20.25000076,65.62481076,0.053471163,1.895528832,6.02284072,380,324.875,670,-39.5625,-32.94792048,-46.91250153,-63.75000763,-58.37500254,-70.36250305,1.336360559,1.20272341,1.482764421,-87.28125763,-69.89470673
spiny,-37.85468674,348.625,33.24531174,348.1312561,-57.0859375,218.5687561,308.6162091,-5.234375,-83.38538151,13.38906288,-48.24531174,336.2687378,0.00088425,3.709578098,0.052676056,-46.03125,-46.51041667,-48.57031441,200.678192,0.035925,37.0625,44.4583346,41.50781441,148.4373659,0.046664298,2.306341888,16.48434203,150,162.125,900,-35.03125,-32.1145846,-43.828125,-50.09375,-51.7708346,-77.48437691,3.630823103,3.690681341,4.175850525,-96.375,-76.76602173
aspiny,-33.54428101,304.4978638,18.81768608,303.9898987,-52.39135742,298.0170288,292.4594886,-7.544548035,-183.3593767,-2.999866962,-52.11555862,301.171814,0.000447319,1.595496084,0.618587895,-52.50000381,-51.59375254,-56.58854357,117.330344,0.06102,16.37500191,17.36458333,26.15104294,87.96878904,0.021606773,1.888467328,11.58647617,190,178.7916667,509.9999695,-30.12500191,-30.4166673,-40.26041667,-52.71875,-51.69791794,-60.82812754,1.451904251,1.457439743,1.620221677,-71.53125,-60.84196091
aspiny,-36.95971298,95.82680511,29.34262085,95.37801361,-54.29856873,80.47740936,352.7251691,-4.60353899,-137.8524979,6.457078457,-50.85805893,93.30271149,0.00056506,2.565118385,0.332890065,-51,-50.89583588,-55.4427096,243.159088,0.0137,23.18750191,29.65625127,30.79687627,198.7499595,0.029963825,1.289223424,11.49171467,60,67.41666667,330,-33.5,-33.2395846,-40.25521088,-54.65625381,-55.83333588,-65.66666794,2.312078264,2.540547794,2.324033928,-86.59375763,-64.78303528
spiny,-40.359375,157.6736145,32.58854294,158.3680573,-58.36979294,103.4722214,261.1102722,-2.873263836,-104.656437,9.552083015,-46.70659637,159.2708282,0.000768889,2.484896602,0.070738636,-48.5,-44.85416667,-50.90625191,193.15464,0.03072,36.15625381,31.0416673,37.89062564,220.1562524,0.19364965,1.729981184,24.71528641,70,121.6666616,650,-40.96875381,-32.1770846,-47.85416921,-56.21875381,-53.95833715,-76.13542302,2.81780609,1.869229168,3.243882582,-95.81250763,-75.25482178
aspiny,-35.88523483,365.4630737,6.53682375,367.1158752,-54.52375793,365.9429932,220.5865046,-13.91109276,-152.6913934,-13.32977009,-54.29641724,368.7218628,0.000470424,1.440232806,0.726562493,-57.21875381,-52.3958346,-58.73125153,177.3468,0.00983,12.25000095,7.5625,16.61250114,118.4374988,0.025285287,1.247869312,6.36040935,230,285.2916565,560,-34.875,-29.01041794,-42.45625305,-57.34375,-52.51042048,-74.56875458,1.488835595,1.286014273,1.696733341,-100.7812576,-74.41637421
spiny,-42.76106644,79.91666412,23.92382813,79.9140625,-53.66276169,60.44270706,188.5360568,-13.85091114,-55.70146551,6.385416508,-45.44205856,77.0078125,0.001233333,3.37971359,0.228333333,-52.06250381,-52.08333333,-55.36719036,202.98656,0.05622,31.46875191,42.96875127,36.0078125,268.4150338,0.12236011,1.724427008,28.82961207,50,74.20833333,630,-43.40625,-46.02083588,-43.96875095,-57.46875381,-56.96875254,-75.75000191,3.622040941,4.105196095,3.503021864,-101.75,-75.58745575
aspiny,-36.5546875,85.96250153,9.265104294,85.81666565,-48.20208359,72.59999847,226.1301004,-17.28750038,-95.11968274,-8.175000191,-46.5546875,82.4145813,0.000626667,2.384433613,0.0608742,-52.46875381,-48.76041794,-55.60000381,327.91904,0.01564,24,23.45833397,32.01875114,232.4107289,0.135499269,1.921701504,12.28515085,50,65.83333333,300,-42.31250381,-37.28125381,-45.35625076,-52.65625381,-49.00000254,-74.41250458,2.464135828,2.404350691,2.475583813,-97.65625763,-72.47555542
spiny,-36.17315674,248.5450745,35.35399628,246.5881195,-49.75307465,189.9692688,263.6141993,-1.897540927,-96.55761919,15.05942631,-44.2423172,232.3053284,0.000848525,2.731349831,0.156034486,-48.43750381,-47.45833333,-52.98750229,151.2372,0.03582,42.46875381,44.1770846,43.86875,134.5312446,0.171867117,1.978408832,15.5945701,150,140.2083333,740,-37,-33.73958333,-44.71250153,-50.84375381,-50.2083346,-72.03125305,3.263239731,2.882187775,3.071314065,-87.93750763,-71.14664459
spiny,-36.23020935,232.8333282,34.13854218,232.6000061,-54.56145859,158.3416595,294.4169445,-2.04895854,-69.68857499,18.01666641,-45.55625153,219.0958405,0.001032,4.242255631,0.16445243,-46.90625,-48.6875,-53.02500381,248.507136,0.06244,37.03125381,40.12500381,41.08125229,141.093716,0.071729004,1.395263232,15.58613218,110,87.625,880,-36.125,-37.21875,-45.01250229,-55.56250381,-56.59375,-81.90000153,4.33062297,4.365958885,4.407278873,-96.59375,-82.12059021
aspiny,-37.76466751,615.019104,16.15688705,616.7921143,-46.47560501,509.9011536,193.2000799,-10.05548477,-61.75495469,-4.150669575,-42.66677475,592.6721802,0.000923061,3.163208648,0.25577992,-46.87500381,-48.73958333,-65.33125305,95.661408,0.07454,20.90625,18.91666857,21.80000076,80.62514663,0.018194763,1.393943552,7.046231344,370,319.375,989.999939,-40.25000381,-38.59375254,-43.55625229,-49.78125,-51.37500254,-79.68125305,3.163211649,3.570434413,2.32143583,-89,-79.08475494
aspiny,-35.70842743,456.6082458,4.494977474,457.7723083,-54.28041458,451.0212097,183.5532782,-11.8521204,-154.2379818,-15.10016727,-53.88113785,457.2991028,0.000493661,1.163268447,1.084452076,-59.90625,-52.18750381,-61.0625,208.253616,0.00529,17,4.062500477,19.90625095,126.3391525,0.053046092,1.29068928,11.0827221,270,212.375,420,-42.71875,-28.46875,-46.42187691,-59.96875,-52.28125,-69.93750381,1.426980641,1.075569158,1.535627808,-80.28125,-68.31563568
spiny,-33.67375183,183.1875,31.15625,181.5325012,-48.28749847,141.7550049,186.8965375,-2.415625095,-76.66697251,8.076250076,-40.75374985,174.7299957,0.0009888,2.420298607,0.203861264,-46.68750381,-45.78125,-52.09375229,188.39744,0.02812,37.25,37.88541921,39.10000153,248.1250465,0.178474471,1.370194176,22.11167083,90,88.04166667,530,-37,-36.5520846,-48.75625229,-48.46875381,-50.51041921,-72.9187561,2.754261032,2.6133344,3.192426556,-99.84375763,-72.47425079
aspiny,-39.17993164,517.5979614,2.169337511,520.1385498,-57.15892029,518.8735962,173.8092454,-14.11200142,-161.6222188,-16.87277412,-56.99279022,521.2022705,0.000517892,1.045819898,0.823277843,-62.40625381,-50.71631041,-62.50625381,198.981952,0.0134,11.71875095,32.17722328,20.13125114,126.4062524,0.01635042,1.878035328,8.147571398,290,124.6283661,509.9999695,-42.71875381,-36.06260131,-50.08125229,-62.53125381,-54.58113716,-74.8500061,1.278136584,2.86741523,1.344162142,-87.50000763,-73.62872314
spiny,-39.36767578,173.40625,35.05175781,173.0859375,-54.49121094,149.4550781,322.3961713,-6.155273438,-115.2321089,4.681640625,-48.15234375,170.1933594,0.000757188,2.795805855,0.206250011,-50.46875381,-52.09375127,-54.39843941,199.163616,0.03832,36.75,37.37500127,35.23437691,128.7861317,0.10357964,1.132617984,15.28964405,110,75.375,810,-41.09375,-43.3958346,-50.10156536,-59.12500381,-57.89583715,-75.00781822,2.955757002,3.03412282,3.175604125,-86.56250763,-74.23421478
aspiny,-38.38835526,169.6581268,22.99599266,169.8557739,-55.25293732,147.6495667,250.1044914,-6.455395222,-79.08292029,-6.227564335,-52.08600616,166.0737152,0.000892479,3.18125778,0.265948291,-54.75000381,-53.63541794,-58.17187691,235.581728,0.04186,23.62500191,27.44791857,27.91406345,164.9999917,0.072849303,1.378110208,9.230862005,110,92.08333333,600,-35.8125,-35.78125254,-42.16406345,-56.84375381,-57.17708588,-74.79687691,3.087324063,3.345972093,2.547755817,-93.37500763,-74.42404175
aspiny,-37.49762344,311.6657715,22.754076,312.4456482,-49.76120758,230.3641357,199.793986,-4.287024498,-100.9892574,4.209578991,-46.59273148,307.8491821,0.000780435,1.881808251,0.016121113,-51.6875,-41.96875,-53.68125153,178.95928,0.0085,37.34375,16.09375191,38.88125229,133.2141906,0.037502035,2.219353344,7.83915056,190,253.3749847,390,-41.65625381,-29.90625,-50.26875305,-51.78125381,-75.625,-76.20625305,2.43467359,1.330839568,2.406554054,-89.84375763,-75.37005615
spiny,-36.73359299,78.87812805,28.13046837,78.73750305,-52.41875076,61.40937424,247.2624688,-10.9296875,-99.03675829,1.293750048,-47.23046875,77.85624695,0.000836875,2.498361633,0.229100529,-49.00000381,-49.01041794,-53.88125153,124.466544,0.03667,34.6875,37.8020846,33.30625343,233.7500006,0.130449638,1.594060032,22.1629152,50,46.375,352,-35.53125381,-35.3125,-43.10625153,-53.15625381,-52.35416794,-67.78125305,2.443328512,2.633596524,2.795458656,-93.40625,-67.09544373
spiny,-37.81747055,194.4119263,37.56108093,193.9176178,-52.90056992,147.3096619,370.3453121,0.725142062,-119.0017873,12.671875,-44.85724258,188.1534119,0.000669659,3.117579948,0.202884624,-42.93750381,-43.46875381,-50.90104548,227.508608,0.055515,40.62500381,42.76562691,42.21875191,197.3437071,0.071781531,1.13284096,34.82813148,90,68.75000191,575,-33.1875,-35.03125191,-45.20312754,-54.15625,-52.67187691,-73.45313009,2.967689049,3.110764758,3.45025456,-91.03125,-72.42500305
aspiny,-35.83152008,469.1630554,2.417119503,470.4864197,-52.73641205,445.2907715,134.1033971,-12.00815201,-112.554277,-16.63790703,-51.671875,468.3369446,0.000655761,1.132224473,0.02583862,-56.65625381,-51.1875,-62.49375,184.798592,0.020235,14.4375,6.000000596,18.67500038,113.9063239,0.011026321,2.072378752,15.5142888,240,222.2500076,770,-40.71875,-31.70312595,-50.50000076,-56.78125,-51.234375,-74.36875305,1.491285862,1.171464849,1.609552846,-88.34375763,-73.92211914
spiny,-34.15039063,317.6171875,34.22070313,317.0625,-52.15820313,224.1875,304.0308334,-0.946289063,-83.08217194,16.72949219,-44.27636719,300.3476563,0.000877187,3.722591654,0.094216422,-46.71875381,-46.0833346,-50.70000229,143.48216,0.054255,38.31250381,41.98958588,41.55000305,141.4732188,0.026593648,1.581260288,21.80115009,130,94.54166667,960.000061,-34.56250381,-33.22916794,-46.60625229,-52.50000381,-53.30208588,-77.99375458,3.520890026,3.3933297,3.855185191,-93.46875763,-77.39997864
aspiny,-33.31620026,157.4736786,36.34457397,157.0953979,-55.03371811,133.0444031,393.8291399,-3.933799267,-102.1736915,13.9543581,-51.00534439,152.1990204,0.000734737,3.865360812,0.234892554,-52,-54.96875381,-55.59375153,249.884064,0.03686,37.12500381,41.08333333,39.83750381,210.9374255,0.043548569,1.135499648,10.32040926,100,91.20833079,460,-33.03125,-34.31250127,-37.70625229,-56.625,-59.13542048,-67.30625305,3.950100144,3.890471116,2.900970097,-82.90625,-67.02471161
spiny,-35.76388931,115.1666641,32.19097137,115.2916641,-52.07118225,80.0625,303.4171303,-0.782986104,-86.84427587,13.13020897,-38.109375,111.2916641,0.001025833,3.755877075,0.118261921,-42.09375381,-43.57291921,-47.30625305,148.17216,0.04158,37.8125,41.92708588,40.04375305,154.2188227,0.174613908,1.600326528,22.5543012,70,69.08333333,568,-40.15625381,-41.00000254,-43.20625076,-42.28125,-43.7083346,-67.43125153,3.345482063,3.346273976,3.442533493,-83.53125,-66.19934845
aspiny,-38.1841507,525.2589111,22.70848274,524.6473389,-49.02812576,405.4196472,250.8667629,-13.41897297,-54.95620266,9.70357132,-45.94486618,487.34375,0.001052571,4.603188065,0.217021259,-50.5,-50.45833715,-53.77083715,176.40944,0.00838,28.15625,32.96875127,32.1145846,111.0937074,0.108885497,1.2764384,9.160502879,250,219.375,560,-44.71875381,-41.12500127,-48.11979357,-51.96875381,-53.51042048,-71.97916794,3.724552975,4.549612024,3.441716803,-84.375,-71.43652344
aspiny,-40.95422363,79.38204193,22.59815216,79.11795807,-57.54269409,70.35034943,241.5698358,-3.641285181,-82.10111864,-4.959947109,-54.50924301,73.94013977,0.000865775,2.957052469,0.376626759,-57.46875381,-52.2395846,-56.33750229,220.019152,0.02555,26.62500191,25.28125127,28.93750076,179.6875,0.013915436,2.346169856,10.48812927,50,68.41666667,62,-43.25000381,-38.20833333,-42.80625076,-59.71875381,-55.88542048,-65.58125305,3.096083587,3.199702995,2.957222774,-87.96875,-65.23199463
spiny,-37.6171875,46.61875153,36.77187347,46.33750153,-56.34375,37.00624847,340.443351,-6.104687691,-105.2663908,12.99687481,-46.23281097,45.0625,0.000784,3.23717577,0.219902908,-48.28125381,-47.7708346,-53.19375153,180.761088,0.0725,39.46875,44.47916921,40.22500153,215.4688239,0.086204477,1.180733696,28.77157823,30,41,509.9999695,-38.15625381,-36.85416921,-43.95000076,-58.96875381,-55.83333715,-65.71250458,3.476283175,3.783883648,3.357887385,-84.93750763,-64.02469635
aspiny,-36.42517853,143.7584076,33.08443451,143.6069641,-49.22145462,114.3149033,291.9864811,-6.162860394,-93.96762323,9.021333694,-47.17848587,139.4182739,0.000837692,3.101441147,0.233333333,-53.21875381,-51.37500381,-56.37500127,385.048672,0.00532,36.75,41.40625,39.61458588,288.8392806,0.092712685,1.596522752,12.25846305,90,64.5625,210,-42.37500381,-38.50000191,-45.94791921,-53.37500381,-51.56250381,-70.87500509,3.133467565,3.229264528,3.453252233,-99.90625763,-70.53800201
spiny,-42.62687683,138.7825012,34.29375076,138.1974945,-53.234375,100.0774994,287.172808,-8.059374809,-62.6926817,14.15124989,-46.51499939,128.6575012,0.0011392,4.623436239,0.270809249,-48.53125381,-47.66667048,-53.39843845,130.044544,0.11774,39.3125,40.47916794,37.2421875,165.6249911,0.020677898,1.153729664,16.52732259,70,127.8333333,540,-43.25000381,-43.70833588,-46.63281441,-52.96875,-53.08333715,-75.08594131,4.34758682,4.869977802,4.306675071,-91.46875,-74.60475159
spiny,-40.86505508,30.17045403,34.29545593,30.04356003,-52.19791794,24.27651596,267.4717481,-6.194602489,-88.02347229,8.914772987,-48.20549393,29.21212196,0.000952424,3.03357649,0.269980314,-52.15625,-52.29166921,-56.93750229,462.096832,0.01402,38.25000381,45.22916794,42.61875076,413.4374559,0.09006229,1.846605952,25.34651202,20,17.54166667,239.9999847,-42.93750381,-43.07291921,-45.66875305,-54.93750381,-53.88542048,-69.93750305,3.208556521,3.64671277,3.472140178,-103.0000076,-68.58332062
aspiny,-39.83062363,914.9707031,-0.554843724,916.5805054,-53.53489685,915.5866699,216.3323318,-17.31111908,-172.2625933,-17.61533928,-53.37955856,917.9807129,0.000386683,1.247113884,0.588056811,-56.37500381,-54.53125381,-60.20000381,90.507632,0.006485,1.40625,5.916666905,12.70000057,60.00003964,0.053804819,3.6777664,4.750937512,590,508.9999695,979.999939,-35.5625,-31.73958397,-47.06875229,-56.50000381,-55.32292048,-80.21250305,1.110727914,1.130204245,1.336871759,-85.93750763,-78.9480896
spiny,-37.36422348,209.4353485,34.19504166,208.9396515,-58.37607574,159.0991364,294.2931392,-7.92456913,-83.8630576,12.84806061,-48.90086365,205.5603485,0.000953103,3.516511233,0.146149144,-49.18750381,-50.16666921,-52.88750229,204.26136,0.07182,39.09375,42.43750254,41.51250076,133.5937083,0.048485775,1.083555072,14.02677444,90,115.7916667,939.999939,-36.09375381,-34.6458346,-46.63125229,-59.31250381,-57.50000127,-82.03125458,3.345226704,3.41598355,3.530901047,-96.12500763,-81.43971252
aspiny,-34.57950211,48.42647171,16.76930237,48.19668961,-50.57077026,43.5,223.4297683,-11.24908066,-103.7550037,-2.7109375,-49.83088303,47.37867737,0.000662353,2.150606821,0.686934148,-53.06250381,-53.67708588,-54.35937881,366.964288,0.00874,25.65625191,31.8854173,30.25000191,305.4687381,0.031492509,1.967114112,11.64686935,30,23,150,-36.28125,-38.16666794,-39.76562691,-53.09375381,-53.75000127,-60.42187691,2.238073972,2.309104417,2.361036092,-93.12500763,-59.58162689
aspiny,-34.04196548,276.2053528,25.19910622,275.530365,-55.40357208,222.5357208,340.4661854,-6.060267925,-87.69319445,-0.495089293,-50.70357132,268.5803528,0.000716071,3.901767735,0.179411765,-52.46875,-50.69791667,-55.13125153,155.947872,0.037135,27.25000191,31.41666603,29.61875114,119.5312515,0.012012978,1.744716544,12.85425662,170,174.9583333,780,-35.46875,-34.14583333,-36.52500153,-56.84375,-55.8333346,-76.08125153,3.86012949,4.110744594,2.589109894,-87.25,-75.80147552
aspiny,-37.03210449,107.5513687,13.72131824,106.8887024,-55.66952133,89.01541138,190.509092,-13.2170372,-65.72213358,-11.95248318,-51.6943512,101.4743118,0.001039178,2.906146448,0.227418745,-52.96875,-52.84375381,-55.18750286,197.161648,0.0515,16.34375,27.62500127,27.82812595,122.0535412,0.034157362,1.365007232,5.739468195,70,77.66666667,430,-34.78125,-34.1145846,-38.06250095,-55.90625,-55.62500254,-65.14844131,2.772934144,3.96831522,2.489537216,-79.625,-64.29391479
aspiny,-37.3878212,233.4775696,14.25961494,233.7291718,-52.23197174,187.5240326,200.4936588,-9.590144157,-50.47004527,-8.350961685,-48.3778038,223.4551239,0.001055385,4.010524526,0.234481891,-52.06250381,-48.89583588,-55.49375305,104.8628,0.07322,17.81250191,20.77083524,24.12500114,109.6874997,0.001257842,1.191955968,10.76532644,140,148.7916667,700,-37.68750381,-34.98958588,-44.16875153,-54.28125381,-51.50000254,-73.76250305,3.998409328,3.800902126,2.442988577,-85.25000763,-72.82518005
spiny,-31.14941406,522.3737183,16.42317772,518.1432495,-47.27832031,410.8984375,146.1173599,-4.665039063,-91.14897908,-2.720052004,-45.25292969,507.3828125,0.000780417,1.557294489,0.049621216,-47.84375,-49.16667048,-54.87500153,128.46648,0.03928,29.25000191,30.03125191,37.76875153,85.46874672,0.018293461,3.034952448,23.35293164,330,231.3750051,740,-30.1875,-28.21875191,-42.65,-47.90625381,-49.23958588,-68.25625153,2.022417732,1.669686778,2.408903349,-78.46875763,-67.74221802
spiny,-30.54183388,392.7600708,33.87752151,390.9939575,-47.02167511,301.5161438,203.3468526,-1.494959712,-69.62337005,14.21068573,-39.88508224,375.1592712,0.001055484,2.91687067,0.125,-44.62500381,-45.28125254,-55.20833588,148.879424,0.0295,32.84375,36.34375,35.65625127,160.468787,0.124172069,1.777776384,15.90918408,210,179,900,-31.43750191,-29.83333524,-40.26562754,-45,-50.09375127,-78.15625254,2.93658814,2.608782363,3.005316354,-94.28125763,-77.10668945
spiny,-34.70350647,163.3811035,43.86433029,163.3048706,-55.25152588,129.6524353,431.1922741,2.465701103,-93.82349053,22.93521309,-47.84070206,161.4756165,0.00085561,4.605909167,0.218723404,-47.09375381,-49.23958588,-48.76562691,159.2224,0.04764,46.21875381,44.87500127,49.65625381,163.7499928,0.074166223,1.826969472,19.94010832,90,89.41666412,810,-35.84375381,-35.71875381,-45.96875191,-55.03125,-57.38541921,-75.51562881,4.653095424,4.377583804,4.966597206,-93.5,-75.66134644
aspiny,-42.69791794,382.777771,7.545138836,383.284729,-61.83854294,343.875,339.3857308,-14.30034733,-300.2427557,-14.61458302,-59.90104294,384.0625,0.000270556,1.128085655,1.85718522,-62.59375,-50.71631041,-62.94271088,193.685232,0.00516,12.625,32.17722328,16.72395913,161.0937566,0.075399309,1.984823168,7.898440918,240.0000153,124.6283661,440,-44.09375,-36.06260131,-46.93750191,-62.6875,-54.58113716,-75.88542175,1.16197089,2.86741523,1.201171467,-91.5625,-74.73808289
spiny,-39.58625031,142.8800049,35.35687637,142.8175049,-53.15468597,112.7350006,341.9205858,2.035000086,-126.475858,11.10687542,-48.23125076,140.5525055,0.0006554,2.714173804,0.32,-47.0625,-45.96875191,-54.35937881,269.900832,0.01688,39.12500381,39.95312691,41.21875191,299.1965413,0.06773188,1.960044288,20.97661557,70,54.75000191,190,-35.84375381,-34.59375191,-45.82812881,-51.96875381,-53.15625,-73.875,2.931989156,2.812710509,3.078047741,-99.31250763,-72.3506012
aspiny,-35.85374832,311.4590149,7.875,311.3609924,-45.46775055,246.0390015,148.6799508,-12.57699966,-34.06528012,-7.421999931,-41.97124863,286.8569946,0.00132976,4.457745885,0.274471086,-44.37500381,-46.03125381,-54.95312786,203.735872,0.06026,7.500000477,15.00000064,12.75781298,108.9544296,0.038778514,1.34551552,11.57359463,170,140.8333333,660,-33,-33.4895846,-39.17968941,-46.53125381,-48.53125127,-72.00000191,3.29573102,3.334185083,2.374569127,-86.53125,-71.39722443
aspiny,-35.48530579,451.8474731,12.89453125,452.6458435,-45.0200882,361.0483704,192.261615,-13.3660717,-55.01260063,-5.099888325,-41.13002396,427.0967407,0.000945119,3.541348236,0.253838583,-45.43750381,-49.35416794,-61.65000305,158.503232,0.03296,15.87500095,20.03125127,18.47500153,107.3436737,0.006694205,1.445748224,7.621574553,280,229.25,690,-36.50000381,-39.23958588,-43.27500305,-47.28125381,-52.29166794,-74.78125305,3.17369498,3.507834332,2.417088236,-86.8125,-74.76057434
aspiny,-41.29794312,541.0563354,17.48835564,542.7062988,-59.24465179,542.4172974,310.6012169,-6.319272995,-228.1928286,-10.62149525,-59.07152939,544.4564819,0.00040097,1.362737267,1.108849673,-63.75,-56.6458346,-62.65625381,125.898584,0.007085,24.46875,11.34375,22.71875,66.87511504,0.049895506,1.185055488,6.360901179,330,356.5,650,-42.03125,-30.61458333,-47.28125,-63.87500381,-56.76041794,-77.78125,1.400014652,1.159052464,1.481736245,-85.96875763,-76.58113861
spiny,-32.32207489,301.6451721,33.90372849,298.8709717,-51.84223938,250.7237854,262.3290714,-0.484375,-55.25362267,18.39566612,-47.26612854,284.6169434,0.00126,4.801691703,0.138167939,-47.15625381,-43.53125127,-53.74375305,221.215056,0.05384,33.71875,29.48958397,42.34375305,167.0312136,0.076146878,1.532370304,26.63061032,190,141.3333333,800,-29.00000191,-25.79166667,-48.69375229,-50.71875,-49.29167048,-71.96250305,3.863707298,2.944132335,4.511830576,-90.56250763,-71.68011475
aspiny,-33.8258934,421.240387,3.855082512,422.5879211,-53.43235016,411.6318665,206.1276078,-14.22149754,-181.5954052,-14.28846169,-52.93132019,422.4299316,0.000431648,1.108055143,0.199978912,-57.03125,-50.18750191,-57.99375229,189.399088,0.00738,13.87500095,9.562500954,21.16875076,114.5536825,0.07573124,1.014534848,8.802597382,260,222.9375,499.9999695,-33.96875,-28.20312595,-41.38125381,-57.03125,-50.26562691,-69.71875,1.280707419,1.133770064,1.435021582,-83.875,-70.02110291
aspiny,-33.60346222,236.4070892,31.74408722,235.5641937,-49.31038666,198.6148682,278.5442645,-6.71030426,-102.6654716,10.3969593,-47.25,231.5574341,0.000785135,2.690220186,0.192480085,-51.75000381,-45.93750381,-53.25000191,165.538592,0.01268,39.15625,31.12500191,29.20312691,148.2811719,0.04970134,1.318383488,9.937719253,140,146.3124924,420,-40.4375,-35.62500191,-41.0625,-51.9375,-46.10937881,-73.578125,3.238056265,3.021111009,3.068499465,-90.78125763,-73.50350189
aspiny,-33.44632339,90.83087921,14.26066208,90.08970642,-50.90772247,80.74411774,177.9453735,-8.404779434,-103.849167,-9.648529053,-49.07904434,88.04558563,0.000705471,1.67515982,0.383654869,-53.96875,-53.81250127,-59.55625076,463.686336,0.039315,27.90625,28.42708397,26.36875,331.0936987,0.007173051,3.93760768,23.89354651,50,50.08333333,630,-36.87500381,-37.28125254,-43.825,-54.65625381,-53.96875,-77.30000153,2.198767379,2.143787733,2.11402197,-100.34375,-76.3174057
spiny,-39.01905441,296.5243835,38.21189117,294.6798706,-57.60441971,218.146347,371.8679566,-2.410061121,-86.36019166,13.23628044,-52.40701294,274.1859741,0.000933659,4.332028661,0.040419162,-54.40625,-57.2083346,-57.75000305,309.563808,0.03548,41.84375381,37.33333588,36.94375229,174.999997,0.059799172,1.545785984,23.8389264,70,51.99999873,620,-36.9375,-43.32291921,-50.83125229,-59.31250381,-63.91666921,-79.27500458,4.140237312,4.034418562,4.027741269,-102.5000076,-77.47489166
spiny,-34.27960587,85.42105103,46.38651276,85.35526276,-54.40953827,63.61184311,363.2844725,2.659539461,-93.79155141,24.33552551,-43.81908035,80.78947449,0.000866316,3.875161943,0.139333333,-46.15625381,-47.71875254,-49.5625,163.10928,0.06252,47.87500381,49.80208588,48.43750254,187.6562536,0.149057642,1.09177984,30.18776021,50,48.125,850,-34.78125,-36.23958588,-41.6458346,-53.71875381,-56.96875381,-65.75000254,3.896821045,4.125313929,3.967376419,-86.09375,-65.58430481
spiny,-32.15885544,144.1640625,34.98698044,144.5546875,-47.01367188,107.9791641,255.3072692,-3.695963621,-62.6712515,17.95638084,-38.70507813,135.421875,0.001091354,4.097600752,0.17254465,-41.59375381,-43.22916921,-49.41406441,173.020224,0.06211,35.71875,46.25000127,49.23437691,158.1250429,0.03639495,3.024148992,18.71314895,90,87.45833333,760,-32.46875,-33.35416794,-41.96093845,-47.9375,-49.63541921,-73.21094322,4.150009569,4.222357255,4.004229267,-89.28125,-72.29560852
aspiny,-37.28868866,129.4136963,20.17447853,129.0491028,-52.78273773,104.4925613,217.5971363,-5.593378067,-73.05390842,-3.384300709,-49.2712059,124.2782745,0.000874524,2.999057045,0.346889401,-52.18750381,-50.47917048,-53.77083715,189.116288,0.03218,22.9375,25.02083524,26.80208397,185.9373897,0.131265104,1.276100096,9.680092138,80,93.83333333,440,-37.59375381,-36.43750254,-41.10416921,-55.71875381,-53.17708588,-69.21875254,2.866436687,3.069963659,2.529017536,-88.62500763,-68.26287842
aspiny,-30.1774044,89.48942566,27.27379799,89.08942413,-43.50216293,76.54904175,226.8416677,-7.708413601,-52.66309036,10.75961494,-41.0550499,84.6701889,0.001128154,4.386904941,0.398581713,-46.65625,-45.54166794,-49.47917048,487.725632,0.0091,38.28125,43.4583346,42.69791921,265.6248212,0.037250452,1.191909376,15.74572639,60,47.91666667,210,-33.90625,-33.56250127,-40.79166794,-46.78125381,-49.16667048,-61.64583715,3.051047553,4.058362397,2.9530603,-99.25,-59.92427063
aspiny,-31.50152397,117.8201218,17.95274353,117.2286606,-44.21341324,83.90853882,154.0351449,-11.39481735,-64.73108169,-1.078506112,-40.33841324,114.2865829,0.000966341,2.359955886,0.025,-43.34375381,-42.88542048,-50.21875381,305.122368,0.01374,22.87500191,22.94791794,22.37500191,294.9775457,0.090518549,1.145816576,16.55885977,70,72.54166667,290,-34.3125,-29.58333524,-40.93750191,-43.50000381,-43.02083588,-66.85937881,2.799375446,2.05747221,3.045693096,-87.5625,-66.40088654
spiny,-42.72480011,190.1209717,40.63709641,190.5040283,-62.88306427,135.1975861,478.2456285,0.679435492,-113.3485045,12.44758034,-52.59980011,190.0362854,0.000695968,4.228376134,0.182500009,-53.40625381,-51.05208588,-53.61250229,119.94748,0.041235,43.65625381,47.85416921,48.30625153,148.7499624,0.018988552,1.570791936,20.14324564,110,75.20833079,880,-43.12500381,-38.78125254,-51.35000229,-59.84375381,-59.89583588,-84.13750763,4.412293481,4.330757636,4.913151028,-100.2187576,-83.56320953
spiny,-38.01202011,86.16025543,33.39262772,86.13461304,-59.70192337,63.64102554,352.743517,-6.426281929,-118.5485792,7.256410122,-50.31410217,85.11859131,0.000697308,2.976406549,0.27195122,-49.87500381,-51.28125381,-55.83125229,354.501888,0.047835,32.0625,35.12500127,32.49375,248.5714257,0.103792816,1.827482624,25.58045507,50,53.50000127,224,-36.46875,-35.20833588,-45.95000076,-59.84375381,-60.66666794,-77.09375458,3.001797956,3.012086421,2.883239448,-99.34375763,-75.83546448
aspiny,-40.89988327,48.70370483,36.95196915,48.62963104,-56.61169052,40.37731552,438.0396614,-4.332175732,-123.4302805,15.61226845,-52.69907379,48.04861069,0.000661481,3.564264336,0.590019371,-54.46875,-52.45312881,-52.91875305,494.61056,0.0171,42.40625381,36.73437881,35.94375076,278.7861526,0.06802652,3.757427712,12.74232523,30,29.37499905,280,-41.96875,-41.59375191,-42.23750153,-58.28125381,-56.109375,-73.21250458,3.407754541,3.639240313,3.359133576,-99.90625763,-72.58602142
aspiny,-39.31708145,65.38666534,34.00249863,64.95333099,-52.56416702,53.58666611,259.3228854,-4.744999886,-98.10749378,8.826666832,-50.59500122,63.12166595,0.000864,2.637069662,0.495173882,-53.31250381,-50.96875,-54.03125095,580.91392,0.01172,37.5,37.28125,40.41406441,246.875003,0.091431744,1.36738048,9.076096283,40,38.125,200,-42.5,-38.37500381,-46.80468845,-54.03125381,-51.56250381,-71.34375381,2.824105894,2.937149693,3.074600402,-98.96875,-70.71720886
aspiny,-34.48041534,370.4583435,36.26083374,370.1516724,-51.98333359,274.7216797,350.1792056,-0.113333337,-80.30545336,16.51208305,-45.76208496,356.7333374,0.0008336,4.386219854,0.15730482,-49.00000381,-49.91666794,-60.17500229,122.057408,0.06118,37.28125381,40.04166921,38.50000153,89.84375,0.036071308,2.775493376,17.88359168,220,174.4166667,710,-33.59375,-43.71875127,-39.78750305,-54.46875,-57.00000127,-72.40625305,4.327095883,4.080480841,3.130386438,-82.28125763,-71.98435974
spiny,-41.14713669,84.08333588,20.16275978,83.96353912,-59.20833206,58.33854294,197.3670195,-13.53255177,-74.79378977,-5.786458492,-51.30208206,81.578125,0.000930417,2.636702753,0.264285714,-53.34375381,-50.36458588,-53.92708588,161.91344,0.0294,23.00000191,35.125,28.23958524,348.4373391,0.15209204,1.511369088,35.4837584,50,54.5,530,-42.03125,-37.91666667,-47.93750254,-57.56250381,-57.88542048,-73.36458588,2.743716666,2.601708397,2.869434122,-95.15625,-71.22705841
spiny,-32.15953827,235.1381531,36.8544426,233.9243469,-45.58922577,183.514801,215.352258,6.209292889,-60.52332826,15.80509853,-41.86801147,208.3733521,0.001150658,3.567239603,0.083333339,-42.56250381,-41.87500254,-47.13281441,330.564992,0.03237,38.87500381,41.5520846,40.76562786,203.5715133,0.026670441,1.645207552,17.23043288,70,48.4583346,265,-33.87500381,-30.23958524,-39.57812595,-46.96875,-48.79166921,-68.39062691,3.390986151,3.292593919,3.721389728,-88.53125763,-66.64891052
aspiny,-34.44807816,204.7269287,28.12980843,203.1403809,-47.22163391,145.0038452,190.4070029,-11.47403812,-67.99080899,4.49567318,-40.8134613,195.4288483,0.001065846,2.762416565,0.156395347,-46.1875,-43.87500381,-49.80625229,227.954624,0.0126,39,40.31250381,43.84375229,175.7810563,0.104386546,1.14688064,9.462648271,120,120.7499949,360,-39.0625,-35.22916794,-45.15000229,-47.75000381,-44.41666794,-73.15000458,3.443987983,3.137627698,3.574320916,-86.53125,-73.01116943
aspiny,-38.42564392,841.7432861,11.80426788,843.2428589,-57.30397034,843.5814209,243.9826671,-9.773807526,-217.580988,-10.70785046,-57.22296524,843.1895142,0.000429589,1.118927511,0.943692178,-62.62500763,-57.55208715,-63.60625076,122.554448,0.00924,19,18.6770846,24.91875114,60.09615213,0.027717017,1.710367744,5.673807744,570,320.4166667,870,-36.50000381,-39.31250127,-46.98750153,-62.71875763,-57.63542048,-69.41250458,1.118429153,1.152816341,1.266992377,-76.71875763,-69.09333801
aspiny,-36.3125,163.71875,32.8125,164.5729218,-56.79166794,136.2708282,257.309646,5.973958492,-160.4585537,8.752604485,-54.07551956,165.46875,0.000592917,1.588683461,0.03997379,-55.50000381,-50.77083588,-58.10937786,209.710544,0.046795,36.125,27.5104173,36.25000286,267.8124607,0.059615683,1.871810048,41.01745209,70,164.4583333,780,-41,-30.19791794,-45.92968941,-55.59375,-50.81250381,-72.10937691,1.849285475,1.422308687,1.853844907,-97.68750763,-70.22198486
aspiny,-41.17656326,140.5,24.58906174,140.5687561,-61.84843826,123.6187515,327.510738,-6.150000572,-234.3128252,-7.243750095,-60.42812347,140.3812561,0.000448,1.390702493,0.054447723,-62.53125381,-60.63542048,-64.47656822,184.239136,0.0275,29.59375,26.48958524,32.015625,167.0088619,0.121829212,2.112418816,19.11204937,80,155.0833282,590,-45.3125,-39.63541921,-47.16406441,-62.59375,-60.68750127,-73.64844131,1.560395454,1.359275719,1.551356049,-92.31250763,-72.66383362
spiny,-50.68198395,205.0735321,28.80882263,205.4595642,-66.02941132,148.25,309.9221577,-11.5992651,-77.6906047,10.80330849,-58.13878632,200.1838226,0.001021765,3.998726378,0.11477273,-60.96875381,-58.58333588,-62.38021088,132.560408,0.08718,31.62500191,35.36458588,36.57812564,127.8125793,0.062222064,1.68336704,30.04188131,110,87.54166667,1300,-48.75000381,-50.25000127,-59.25000254,-67.625,-68.69792175,-84.82813009,4.147172707,4.145268301,4.167060703,-98.40625763,-84.48754883
aspiny,-37.96006775,107.3133698,19.55121613,107.0902786,-49.35894012,90.0173645,169.9347171,-3.498914957,-54.94552927,1.665147543,-46.78016663,101.7118073,0.001113472,3.134409279,0.512837838,-50.90625381,-50.15625381,-54.01339449,459.247552,0.01542,23.34375191,27.4479173,29.13392993,332.1875334,0.067378908,2.610550016,15.62111289,70,69.25,330,-39,-37.0208346,-41.51785878,-51.90625381,-51.82291921,-71.75446538,2.703335237,2.699014049,2.016851812,-100.0625076,-69.14510345
spiny,-41.47899628,203.9590149,34.79149628,203.3729553,-51.14241791,146.4077911,284.9521152,-1.101434469,-72.2339287,12.50870895,-44.56967163,181.1229553,0.000999344,3.95535726,0.152747249,-51.18750381,-52.76041921,-55.22916794,249.948128,0.05462,46.5,47.07291794,44.77083588,203.9063275,0.094743282,1.5534592,21.54413955,90,61.50000254,600,-42.93750381,-43.25000127,-47.375,-56.90625381,-58.76042048,-71.87500254,4.982884558,4.823874759,4.410160205,-93.625,-71.27861023
aspiny,-30.12970924,258.3630066,33.78253555,257.3544617,-47.11172867,199.5565033,265.7895163,1.832619905,-86.47469113,16.1579628,-44.37371445,247.0410919,0.000829041,3.119829193,0.279481137,-47.28125381,-47.88541921,-49.62500305,272.45328,0.01544,38.4375,39.98958588,41.17500305,176.5626073,0.17075187,1.309542656,9.559850068,150,180.1666616,530,-32.53125,-32.94791921,-40.22500229,-47.375,-50.07291794,-71.10000458,2.544416029,2.925050686,2.147103908,-88.65625763,-69.71954346
aspiny,-39.60357285,49.69643021,18.70267868,49.2321434,-53.55535889,40.15000153,201.7079202,-3.462500095,-110.8997709,-6.931250095,-51.0892868,47.85357285,0.000679714,1.805791907,0.272144673,-56.0625,-54.85937691,-57.61458588,594.601088,0.023255,24.18750191,26.203125,24.13541794,476.5624404,0.015090343,3.336546304,38.7466496,30.00000191,16.75000048,380,-44.71875381,-43.56250191,-45.63541921,-56.25000381,-55.04687691,-70.12500509,2.087631245,2.205331665,2.036319901,-101.3437576,-66.95246887
spiny,-27.90862274,246.875,28.02492142,245.4730988,-43.04667664,183.7547455,211.4157846,-4.390031815,-84.2217949,4.134493828,-37.72310257,238.9683533,0.000795443,2.506829518,0.201461044,-41.8125,-41.79166667,-51.10625,149.070016,0.03914,29.3125,32.75000127,31.65000153,191.4061755,0.064362869,2.30550272,15.44005323,150,141.0416667,570,-28.46875191,-28.08333524,-39.65625229,-43.96875381,-45.77083715,-72.01250458,2.714338354,2.315674632,2.557034118,-93.56250763,-71.14360809
aspiny,-39.54502869,764.1875,7.55546999,765.5731812,-54.56065369,765.1332397,216.6663876,-11.47929478,-171.6480566,-12.72726822,-54.46171951,765.6773682,0.000441486,1.26034331,2.144852737,-63.96875381,-64.68750254,-69.11458588,123.878368,0.004265,12.71875,14.95833429,24.11458333,92.52218902,0.01635991,1.291616384,5.048592005,509.9999695,253.9166565,480.0000305,-46.03125,-38.4375,-51.75000381,-64.03125,-64.80208588,-77.55208842,1.216799442,1.036941416,1.085392107,-87.0625,-77.20410919
aspiny,-35.79442596,64.47740936,28.87951851,64.20481873,-48.53539276,51.28012085,313.8836005,-4.337349415,-75.91484282,14.68147564,-44.06777191,61.54518127,0.000839518,4.182453999,0.275485961,-45.15625,-41.58333333,-46.12500286,324.991232,0.01214,32.25000381,36.36458333,39.53125,273.2812166,0.098321155,2.463468288,16.39313368,30,55.75,230,-37.28125381,-31.86458651,-41.82031345,-50.65625,-44.98958588,-64.82031822,3.80782717,4.04364754,3.106678526,-92.96875763,-64.79066467
aspiny,-33.11562347,68.03437805,5.590624809,67.69687653,-46.41640472,55.83124924,92.8026056,-8.579687119,-71.25988678,-8.6328125,-44.51718903,65.75312805,0.000861625,1.292478399,0.290424432,-47.21875,-48.59375254,-52.87500229,317.859968,0.031455,6.875000477,16.41666794,7.512500477,392.4999237,0.123851076,2.3824576,29.78555396,30.00000191,39.75,340,-38.21875,-36.80208715,-37.825,-47.90625381,-48.70833588,-64.51875229,1.560664855,1.427969475,1.429838329,-98.75,-63.31825638
spiny,-30.18348122,446.655365,29.25803566,443.4803467,-46.63214111,345.4107056,193.9754753,-3.08571434,-48.99073926,10.85401821,-41.34955215,412.407135,0.001304857,3.988137154,0.066176468,-42.28125,-41.94791794,-44.85937881,215.441424,0.04428,36.28125,40.92708588,43.12500381,237.031281,0.024376336,1.12133184,26.4210964,230,161.875,830,-30.40625191,-32.05208397,-39.96875191,-46.09375,-50.38542048,-67.40625,3.913028073,4.088246457,4.611910284,-92.15625,-67.34832764
aspiny,-33.12008667,146.2822266,12.73152542,145.870285,-45.21953583,126.754715,194.236069,-13.71187115,-78.99435319,-5.272405624,-43.53144836,141.7783051,0.000740377,2.448124211,0.436830357,-49.625,-47.01041667,-53.87500191,290.759008,0.01316,18.56250191,20.8333346,15.828125,258.5937977,0.146825418,1.182872576,12.87842983,90,72.95832825,290,-40.1875,-36.8125,-47.23437691,-49.6875,-47.34375381,-75.89063263,2.642182666,2.66657147,2.516570074,-98.28125763,-75.18585968
spiny,-39.14104843,116.1385117,37.22888565,116.3006744,-52.99071121,87.57094574,332.9073209,-2.369087934,-97.04346522,17.21114922,-44.82854843,114.7060776,0.000788243,3.432520586,0.175628625,-46.5,-46.82291794,-50.1458346,182.226272,0.060385,41.40625,32.69791667,42.0260423,150.6249905,0.050345909,2.472780032,22.81662022,59.99999619,79.83333333,790,-38.59375,-37.8020846,-46.72916857,-58.09375381,-54.56250127,-72.87500127,3.502668627,3.396832669,3.804846708,-87.84375,-72.60475922
spiny,-40.28800583,110.3851318,42.15625,110.2263489,-57.57685852,92,442.1589806,-4.118243217,-110.4986911,11.77871609,-47.94932556,108.5810776,0.000739459,4.003409034,0.191949153,-49.96875381,-50.88541921,-52.62500381,157.871936,0.05544,43.75000381,40.44791794,41.89583588,152.4999738,0.079347119,2.064505728,26.81799125,70,85,870,-39.8125,-39.53125254,-47.05208715,-61.93750381,-59.69791921,-76.08333842,3.807438091,3.642956706,4.091511847,-91.78125,-75.59310913
spiny,-42.26826859,219.2019196,27.68413544,219.6480713,-54.85625076,184.2480774,285.5947634,-14.51201916,-99.37866488,1.095673084,-47.90240479,217.8134613,0.000843077,2.870664539,0.17057087,-48.46875381,-49.85417048,-52.75000191,126.105232,0.05194,31.34375,42.63541794,38.32031441,108.5936353,0.155113935,2.706604288,17.5729807,140,157.4166667,1240,-42.46875381,-43.57291921,-51.90625381,-57.56250381,-55.31250381,-76.21094322,3.128037125,3.816760984,3.508279543,-86.46875763,-75.12489319
aspiny,-41.02025604,120.2662048,4.285879612,119.7824097,-55.79803085,103.2638855,225.1583413,-20.99884224,-119.1781826,-12.3182869,-54.62036896,117.3495407,0.000547037,1.887401354,0.416944444,-57.00000381,-59.19791921,-62.03125381,367.372608,0.02132,9.53125,19.0520846,15.56250095,251.8749833,0.066926263,1.213883392,16.29041935,70,60.66666921,410,-45.25000381,-45.63541794,-45.375,-57.56250381,-59.62500381,-71.15625763,2.019476922,1.940817536,1.914639447,-96.90625,-69.68566132
spiny,-40.01674271,61.8080368,44.90625,61.85268021,-53.3716507,45.91518021,319.8955976,1.475446463,-80.2993666,18.3660717,-42.7935257,61.89731979,0.001,3.976075489,0.20177305,-46.28125381,-47.09375254,-49.08750305,156.835296,0.04848,49.75000381,50.50000381,48.13750076,205.1562816,0.105839252,1.102808192,31.84058068,40,41.66666667,700,-41.34375381,-40.72917048,-41.66875305,-54.65625381,-55.15625127,-66.02500458,4.41473359,4.557697709,3.872916025,-90.03125,-65.99524689
aspiny,-31.43327713,134.4864807,25.33868217,134.3074341,-47.90033722,116.6030426,200.5624242,2.105996609,-64.18352575,-5.21875,-46.22803879,130.3429108,0.001041892,3.139869511,0.384072327,-50.03125381,-49.87500381,-53.88125229,277.137472,0.03878,23.43750191,25.93750191,30.91875114,263.3928955,0.057687655,1.35202752,10.70290333,70,57,350,-31.93750191,-32.40625191,-36.73125153,-51.65625381,-52.71875,-62.97500305,3.073530259,3.294902699,2.384063673,-89.03125763,-62.26888275
spiny,-31.28846169,318.1754761,36.51202011,318.0673218,-47.89783478,231.271637,274.3433638,-0.3046875,-92.72415467,14.32692337,-39.77824402,311.9879761,0.000809808,2.96374757,0.12345416,-38.1875,-41.87500254,-44.51562595,96.449552,0.060525,44.03125,46.38542048,49.62500191,162.4999195,0.104034506,1.672243072,18.37405709,150,84.58333333,1030,-26.90625191,-29.2083346,-41.14843941,-45.03125381,-52.16666921,-72.89843941,3.302439646,3.312376539,3.644305099,-88.31250763,-71.94487
spiny,-36.12351227,166.5476227,35.81919479,166.2529755,-50.4375,124.5505981,331.458404,-4.886904716,-115.0257972,9.568452835,-41.53050613,163.3898773,0.000694762,2.879355869,0.207532397,-41.40625,-44.1875,-49.17500076,201.383328,0.04688,42.31250381,44.125,42.38125153,128.515631,0.136610806,1.312061952,14.86856874,90,63.68749809,770,-36.78125,-38.78125191,-44.26250153,-53.46875381,-50.87500381,-66.62500458,3.225886023,3.498666499,3.391594146,-80.4375,-65.89704132
spiny,-37.875,270.5570984,37.51736069,269.8009338,-52.0879631,218.7901306,341.5420886,-4.823302269,-82.62293928,17.46334839,-45.67515564,257.0030823,0.000927901,4.209853978,0.163157898,-47.71875381,-49.30208715,-52.62500381,141.496464,0.08728,36.6875,42.34375254,39.90625381,76.8750757,0.004633436,1.117115904,13.23954864,150,156.125,1160,-39.03125381,-39.15625254,-45.03125381,-55.65625381,-54.34375254,-83.25,3.703047897,3.912307699,3.943836469,-93.46875763,-83.51786804
spiny,-36.13418961,76.34926605,38.01470566,76.01837921,-59.95496368,67,352.5280679,-2.410845518,-93.01560616,12.34099293,-50.91543961,73.06617737,0.000875882,3.790572208,0.195202952,-50.03125381,-47.85416921,-52.16667048,134.760864,0.04422,41.37500381,44.01041794,40.98958715,170.1562107,0.055936977,1.372067456,46.92318235,50,106.4999975,890,-36.18750381,-33.0208346,-46.01041794,-58.0625,-55.05208715,-74.70833842,3.834631932,3.706436415,4.041106773,-90.71875,-72.99732971
spiny,-21.78376961,449.0221863,34.63810349,446.4617004,-38.88054276,309.9737854,134.760447,-4.931955814,-38.21698687,8.223790169,-32.45766068,399.0705566,0.001847823,3.543807356,0.117904755,-38.6875,-45.453125,-52.00000076,138.224288,0.02232,29.5,35.09375191,30.39375,151.093781,0.034500029,3.387150336,15.04206713,249.9999847,64.4375,840,-30.84375191,-34.546875,-20.96250038,-41.59375,-50.68750191,-71.1,3.398680726,3.606478048,2.699353543,-87.53125,-69.45157623
spiny,-34.53352356,279.0340881,33.70568085,277.0386353,-54.24431992,231.7840881,305.9447343,-2.06704545,-70.47667106,16.53579521,-49.65283966,263.0727234,0.001036364,4.37342913,0.182860779,-48.5,-49.22916921,-53.22656536,175.840528,0.10696,36.375,40.1875,40.41406345,127.1427423,0.039776992,1.500175872,18.2617507,130,94.70833333,1040,-33.09375,-34.15625127,-46.31250191,-54.46875,-55.91666794,-78.45312691,3.987324496,3.744334523,4.027185593,-93.90625,-78.29279327
aspiny,-31.98132133,227.727005,21.1964798,226.870697,-48.76688385,183.2068939,200.8186832,-2.656609297,-54.12962334,-4.691092014,-45.55711365,215.1264343,0.001071494,3.757454116,0.229166677,-50.62500381,-48.23958715,-55.63750229,179.216928,0.11094,21.90625191,22,22.80000076,139.8438215,0.015617409,1.107541504,9.205499207,130,126.8333333,700,-32.90625381,-31.4583346,-40.85,-52.53125381,-50.70833715,-73.0750061,3.50895382,3.391103536,2.238028687,-86.65625763,-72.26215363
spiny,-40.01367188,249.78125,33.02539063,250.3046875,-54.52636719,163.890625,246.6529185,-5.412109375,-76.19444538,7.577148438,-46.48925781,240.8242188,0.001028125,3.23498803,0.099348534,-47,-43.80208588,-51.20625076,142.759456,0.069205,38.1875,43.26041667,38.58125,122.3437116,0.059771433,1.468712448,23.33545272,110,76.5,840,-40.03125,-36.26041667,-42.90625076,-55.03125,-51.16666667,-72.8875,3.454355791,3.817829659,3.794998608,-88,-71.6550293
aspiny,-37.81613541,108.168602,18.3343029,107.7761612,-60.086483,86.65697479,216.5487213,-13.4941864,-46.45198417,-8.0007267,-54.7376442,101.6133728,0.001310698,4.674142649,0.12191358,-56.03125381,-46.46875254,-49.05625153,127.308264,0.06136,19.00000191,37.22916921,23.47500076,149.6874988,0.025155352,1.410940928,13.15922184,70,101.875,650,-38.03125,-35.02083333,-33.73750229,-61.03125381,-54.36458715,-64.92500153,4.49609151,4.414573535,2.915899835,-80.875,-64.6341629
spiny,-39.25168991,252.0168915,38.00084305,251.6199341,-54.86317444,196.9695892,360.5179708,-0.299831063,-83.50834553,11.69425678,-49.39949417,240.1706085,0.000904054,4.329665873,0.257843149,-50.40625,-51.02083588,-52.73750305,225.165888,0.02762,42.25000381,43.17708588,46.4875,162.6562029,0.008515546,1.383085952,17.96684937,130,54.83333333,610,-39.59375381,-37.25000127,-48.50625229,-54.59375381,-58.59375381,-76.06250305,4.14659622,3.950186614,4.298971251,-93.5,-75.23552704
spiny,-40.58911896,279.4629517,39.25810242,279.8148193,-56.81713104,191.8287048,373.9753014,3.083333254,-109.5859129,11.60069466,-49.89120483,276.3101807,0.000737778,3.447270691,0.112648815,-50.03125381,-50.91666921,-53.11875153,290.013408,0.036305,42.4375,44.85416794,45.62500229,197.8124529,0.026004799,1.380983808,29.13573664,110,79.58333333,690,-37.9375,-35.5,-48.05000076,-53.93750381,-55.96875,-75.775,3.293241181,3.175558738,3.606930296,-97.06250763,-75.01185608
spiny,-35.41427231,370.033783,35.20903778,368.8682556,-49.21368408,288.8344727,291.0928543,1.962837815,-87.75684759,15.48690891,-43.55954361,354.0388489,0.000841486,3.348173711,0.168939386,-43.50000381,-46.60417048,-52.61250153,138.625328,0.04128,41.40625,42.8125,40.90000076,113.2813245,0.164126828,2.89088384,13.4291785,209.9999847,103.25,969.999939,-36.03125,-38.06250381,-45.40000305,-52.62500381,-56.26042048,-70.41875458,3.941549305,3.61017106,3.342980673,-81.65625763,-69.30534363
aspiny,-34.12044907,205.9612274,19.08109093,205.6977844,-45.29252243,166.2484131,226.2981593,-8.366495132,-68.76679425,-1.011669278,-43.03006363,196.6463623,0.00084443,3.315950367,0.23997749,-45.40625381,-44.53125254,-53.01953363,171.228576,0.59416,16,13.28125,26.83203173,142.4999982,0.00815309,1.190244352,6.718026496,130,124.2916616,270,-34.28125,-32.9895846,-39.07422113,-46.56250381,-46.09375127,-60.31250334,2.616774809,2.422053211,2.777897411,-75.34375,-59.75691605
aspiny,-48.12034988,687.2432861,4.900533676,688.4001465,-64.08422089,687.5748291,275.7328534,-16.82961082,-223.2170217,-17.90964127,-63.95701218,688.2524414,0.000374689,1.237446741,1.221731165,-65.81250763,-62.03125254,-68.77500153,104.088008,0.00972,4.625,9.718750318,16.10625057,56.71875179,0.093613498,1.480717568,4.878489194,440,452.2499797,810.000061,-46.15625381,-38.46875254,-54.21875305,-65.93750763,-62.13542048,-83.53125763,1.120507599,1.187632683,1.252613964,-90.46875763,-83.22766113
aspiny,-30.35617447,212.4307251,21.48908043,211.1400604,-43.51430893,156.0150604,172.6547698,-7.532002926,-60.26704579,4.610316277,-39.19051361,201.2650604,0.001028916,2.787674006,0.00770548,-49.34375381,-41.7395846,-54.04687881,207.158352,0.01248,38.03125,24.67708397,40.86718893,167.3438251,0.031657651,1.403666944,13.00202865,130,155.8333333,390,-37.28125381,-27.25000127,-41.67578268,-50.84375381,-41.9270846,-68.79687691,3.363449118,1.90671585,3.26674447,-85.375,-68.01154327
aspiny,-40.45949173,177.9444427,10.5879631,177.5740814,-55.11458206,136.3240814,196.43056,-7.363425732,-162.7671664,-11.28240776,-52.37036896,175.9583282,0.000497037,1.185601591,0.065997437,-55.5,-53.90625,-59.92708397,190.409872,0.02923,18.75,22.01041794,25.69270865,143.749997,0.083047777,1.163702144,17.67478487,90,146.4166667,550,-43.65625381,-37.45833333,-47.64062564,-55.65625,-54.03125127,-71.50520833,1.396525059,1.202033898,1.338504059,-91.375,-70.99865723
aspiny,-38.91165924,131.5812531,29.51622581,131.8413391,-59.03064728,131.1187439,437.242547,-3.435096264,-346.3578248,2.709374905,-58.87668228,131.9673004,0.000321769,1.262544338,1.352736404,-59.40625381,-53.59375381,-60.06250286,287.490688,0.01206,31.34375,18.56250159,37.26562691,199.687615,0.012247547,1.95359744,9.224536155,80,129.0000025,280,-36.18750381,-31.08333588,-44.57031536,-59.40625381,-53.67708588,-68.23437881,1.22934307,1.087007434,1.278137201,-86.46875763,-67.52693939
aspiny,-41.26834488,705.9713745,7.233971596,706.949585,-60.13059616,705.0169067,220.7672436,-10.81925392,-202.4542418,-15.50090694,-60.00776291,706.8284302,0.00043475,1.085957841,0.522965277,-66.43750763,-55.84375191,-66.63125153,115.558864,0.006585,17.875,1.843750179,20.54375038,86.56238765,0.027223431,2.032526848,5.770985656,410,377.4375,460,-47.28125381,-32.50000191,-48.63125153,-66.5625,-55.90625191,-70.89375153,1.223586531,0.90305675,1.255724405,-80.09375763,-70.41893005
aspiny,-33.37703705,298.8206482,19.48658371,298.3627625,-45.42272568,252.5876312,217.6596807,-8.854449272,-65.34969339,-1.544157624,-42.87652969,287.7798767,0.000936848,3.416605215,0.480000013,-47.43750381,-46.39583588,-56.98125305,191.749056,0.01428,25,23.31250064,27.56250114,134.8438263,0.029412949,1.16779456,9.042324495,190,165.5,700,-31.59375191,-33.03125,-35.48125229,-48.06250381,-48.10416794,-73.2375,2.780687674,3.089430459,2.601046166,-88.53125763,-72.88573456
spiny,-35.65509415,246.8009186,36.47106552,246.0416718,-52.57754517,171.652771,334.7315937,-2.336805582,-124.7095153,9.674768448,-46.59027863,241.277771,0.000664444,2.681381905,0.221153846,-46.15625,-48.25000381,-53.25000127,165.873248,0.034375,38.56250381,41.95833333,39.7083346,158.0358148,0.06839224,1.025325696,17.82731804,130,130.4166641,690,-33.37500381,-36.3125,-46.0833346,-52.43750381,-53.89583333,-72.02083588,2.722549065,2.655196534,3.020342832,-87.40625763,-71.47735596
aspiny,-36.99795151,176.6178284,19.12909889,176.5266418,-50.01152802,144.5686493,225.8827335,-8.406762123,-72.6810263,-1.066854477,-46.91547012,168.9979553,0.000864262,3.157989227,0.340848234,-48.96875,-49.15625254,-51.34375153,291.213024,0.01168,21.5,23.94791667,26.95625153,250.4687011,0.076309815,1.459531136,10.63055745,110,130.7500025,390,-36.6875,-36.35416794,-42.13750229,-52.34375381,-52.47916921,-72.43125458,2.717109141,2.526602226,2.358212527,-96.78125,-71.8065567
spiny,-36.13214111,117.5321426,35.65000153,117.1357117,-53.16607285,96.25357056,291.8114283,1.433035731,-92.38508479,14.55089283,-48.28125,112.2642822,0.000849429,3.154220767,0.252310924,-49,-47.03125,-53.33333524,437.222848,0.029715,35.84375381,36.14583333,42.70312564,144.6875334,0.010155126,3.37957376,16.59312222,70,79.70833333,380,-34.6875,-33.625,-46.8697923,-53.28125,-52.59375127,-62.140625,3.09143554,3.067999855,3.928893949,-78.96875,-61.42612076
aspiny,-35.49196243,139.4452362,28.15833282,139.2440491,-54.82172775,116.4916687,335.6609519,-1.498214245,-117.4428515,11.50982189,-50.66696548,135.5381012,0.000602095,2.863781224,0.289172241,-50.71875,-48.29166921,-55.27344084,271.721536,0.0757,27.50000191,23.58333397,36.64453316,179.9999923,0.035242643,2.839329792,14.68517687,90,95.16666667,489.9999695,-31.8125,-29.53125064,-40.00390673,-55.09375381,-52.94791794,-73.20312595,2.614850474,2.369513889,2.178927995,-92.65625763,-72.43212128
spiny,-41.71875,136.1614532,36.45442581,135.9947968,-62.33073044,90.83853912,365.6770151,-8.171875,-95.69052862,12.33072948,-52.27734375,131.9895782,0.000845833,3.82362722,0.13589404,-52.46875381,-52.16667048,-55.87500153,184.994368,0.05102,37.875,34.58333333,35.46875153,184.8438233,0.137442619,2.096248576,22.95216819,70,79.375,780,-41.46875,-40.12500254,-47.43125076,-63.3125,-60.16667048,-77.07500153,4.039118339,3.506210885,3.540051328,-94.50000763,-76.53623962
spiny,-41.4017868,92.05357361,42.61606979,91.73213959,-59.6919632,66.4732132,405.7683531,0.879464269,-116.9683349,15.18303585,-50.0758934,89.44642639,0.000761786,3.468046682,0.233664021,-48.87500381,-47.41666921,-50.14843941,296.814144,0.06385,46.37500381,45.82292048,43.81250381,241.406247,0.01524764,2.310891008,27.53307814,50,50.79166667,750,-41.09375,-38.46875381,-47.85937691,-55.87500381,-53.71875127,-79.74219131,4.027633222,4.000392598,3.99639218,-98.37500763,-78.1602478
spiny,-32.72966385,75.75595093,24.62797546,75.46230316,-46.30605316,62.25992203,192.3007763,-4.179067612,-81.63834727,6.437004089,-40.71627045,74.57539368,0.000802381,2.352885641,0.269510582,-45.12500381,-45.94791667,-54.32031536,144.937296,0.042005,28.28125191,30.9270846,33.75000191,206.7186683,0.215651631,2.329866752,22.64241927,50,39,360,-31.96875,-34.93750254,-43.31250381,-48.25,-50.14583588,-62.15625191,2.318318112,2.352338542,2.622991299,-86.46875763,-61.26511383
spiny,-39.0982132,80.94642639,41.52083206,80.29762268,-53.74851227,63.86606979,294.1494077,3.100446463,-101.302416,12.83556557,-46.96800613,75.08036041,0.000895714,2.902774883,0.185,-51.90625381,-51.91666921,-56.08750381,181.728032,0.0274,45.875,48.98958588,45.64375153,210.9375745,0.095608257,1.017460608,25.90218737,50,36.83333206,370,-41.03125381,-41.21875127,-46.38750076,-56.40625381,-56.62500254,-63.96250305,3.330129937,3.343393109,3.095415565,-86.96875763,-61.85059357
spiny,-38.73252106,126.4088974,40.46981049,125.9131393,-51.76377106,103.1355896,351.1858216,0.010593224,-109.5164863,9.882945061,-46.20762634,123.3347473,0.000771271,3.212036779,0.244488198,-49.03125381,-49.1458346,-52.46875286,190.287488,0.035225,44.62500381,48.12500381,45.28125381,144.0625042,0.268266767,2.027027328,15.33901029,80,74.04166412,610,-40.28125,-38.9895846,-45.60937786,-56.0625,-52.83333715,-70.67187691,3.487962939,3.66351348,3.471412728,-84.96875,-68.83670807
aspiny,-44.61991501,477.2569885,12.37280273,478.5242615,-59.81502151,478.6777344,298.2819973,-12.72485352,-233.6364248,-9.515706062,-59.71337891,479.6209412,0.000387214,1.275848353,1.330946432,-61.59375381,-61.12500286,-63.74653117,130.674352,0.007,13.12500095,21.33593893,17.27777841,90.78121185,0.010696698,1.691679232,8.133135611,310,234.8124886,469.9999695,-38.87500381,-41.55468941,-50.84722434,-61.65625,-61.24219036,-72.82291667,1.164883786,1.247565542,1.351357412,-82.90625,-72.32462311
aspiny,-35.95471573,421.519928,17.31753922,422.1832886,-56.1846199,421.0537415,298.9555138,-8.056681633,-232.5561114,-6.098548412,-56.05314255,422.3210144,0.000397812,1.285630633,0.71711152,-55.03125,-56.02083588,-60.51562881,178.971472,0.0157,10.3125,18.5208346,26.89843893,103.1251103,0.061128642,1.536728704,8.126993333,280,233.8750051,560,-29.65625191,-30.69791857,-44.11718941,-55.15625381,-56.10416921,-71.13281441,1.043229858,1.134588256,1.3100279,-79.78125763,-69.51996613
spiny,-40.828125,74.76041412,49.05208206,74.19791412,-56.10676956,48.36458206,368.9183741,1.828125,-85.98986872,20.58072853,-48.03645706,71.29166412,0.000996667,4.29156033,0.228571429,-47.50000381,-47.06250381,-50.61250229,229.339408,0.03192,51.06250381,51.14583715,49.71250153,214.8437053,0.101807989,1.287378432,22.79152182,50,41.125,479.9999695,-40.25000381,-38.63541667,-44.89375076,-53.37500381,-53.96875381,-66.61875458,5.16082726,4.874392477,4.845400568,-89.40625,-66.26879883
aspiny,-48.18968201,128.3165894,22.13496208,128.3089447,-53.15897751,105.255455,254.6257736,-8.814546585,-69.79301524,1.814274073,-48.93340683,121.4317703,0.000919825,3.744916205,0.364122682,-49.125,-47.27083588,-51.68750381,250.302896,0.03112,26.4375,28.71875191,27.59375064,222.7679938,0.010201514,1.046494912,12.37153165,90,79.95833333,400,-40.21875,-39.68750254,-40.85417048,-50.78125381,-50.61458715,-67.38541921,3.075036976,3.447728388,2.557019682,-89.3125,-66.33461761
aspiny,-42.71154022,10.58653831,22.63461494,10.47115421,-57.00240326,8.403845787,310.2036423,-11.44471169,-130.9228731,-13.47596169,-55.50480652,10.125,0.000625,2.368149475,0.494262304,-58.75000381,-58.31250381,-59.04687691,299.770752,0.012765,26.93750191,22.83333397,20.25,570.3124404,0.07333602,1.126724096,43.14559134,15.00000095,18.91666667,270,-45.50000381,-45.78125254,-44.109375,-58.87500381,-58.92708715,-62.65625572,2.477737982,2.445493332,2.402829978,-80.4375,-61.28596497
aspiny,-39.37665939,390.9026489,17.73451233,390.754425,-53.28069687,321.7356262,244.0998609,-9.370298386,-57.18447058,-6.649336338,-49.90293121,367.6194763,0.000944956,4.321220533,0.257084544,-52.40625,-49.7395846,-58.56250381,153.942848,0.10944,13.87500095,17.87500191,28.96875191,103.7499979,0.064311139,1.137006592,8.572176388,239.9999847,209.75,780,-35.78125381,-36.69791667,-44.1875,-54,-53.05208715,-76.40625763,3.78736398,3.863806499,2.875603614,-88.15625,-75.74038696
aspiny,-36.72682571,183.1095581,22.89712143,182.5856781,-51.82057571,152.6151733,312.5752826,-9.596910477,-97.21363271,-0.8820225,-48.99543381,177.030899,0.000674382,3.225642149,0.331679408,-53.125,-53.07291921,-62.75390863,181.899008,0.06694,26.50000191,29.45833524,27.90625143,169.5312411,0.060282569,2.041700608,10.46467909,110,100.5,460,-37.09375,-35.93750127,-40.45312643,-55.59375,-56.06250254,-70.17968941,3.006852844,3.061309337,2.276716541,-87.59375763,-68.87374878
spiny,-39.40816498,568.1989746,26.37372398,568.4974365,-55.1294632,426.8877563,336.8795259,-7.390305996,-86.15407028,9.444515228,-51.25637817,544.3571167,0.000791531,3.956375747,0.094530431,-50.18750381,-51.15625254,-55.35156631,165.662592,0.03129,30.03125,33.43750127,35.65625286,144.5313245,0.04236858,1.596113024,20.75806255,290,142.5833359,207.5,-34.65625381,-34.01041667,-50.19531631,-51.62500381,-55.32291921,-75.19531441,3.758079438,3.30842489,3.694207017,-89.96875763,-74.23156738
aspiny,-32.34369278,470.9235229,9.609984398,471.4698486,-49.44957733,467.7287292,280.5342298,-10.55252647,-198.9617591,-8.388519287,-49.21902847,471.4831543,0.000331312,1.410210364,0.683258877,-54.81250381,-56.70833715,-60.85156536,110.670464,0.01356,11.81250095,20.96875127,24.28125191,78.43746245,0.017971577,2.08652928,5.404290431,310,280.1666667,585,-31.5,-30.5520846,-43.68750191,-54.90625381,-56.81250381,-78.71875381,1.278461604,1.191747458,1.38475791,-87.37500763,-78.48374939
aspiny,-42.42811966,605.1730347,17.32520294,606.0563965,-63.13218307,604.5705566,356.7991952,-8.873552322,-278.1676605,-11.3392477,-62.97024918,606.6138306,0.000348233,1.284725249,0.903794795,-62.375,-60.72916794,-65.50625458,115.145696,0.07127,8.125000954,19.21875191,26.67500153,71.87511772,0.023293292,1.992538112,5.573684652,390,364.958313,880,-34.75000381,-34.87500381,-48.73750229,-62.5,-60.84375254,-82.05625305,1.055817992,1.220771089,1.316258824,-88.96875,-80.80732727
spiny,-38.72000122,182.0574951,41.31937408,182.0650024,-53.18875122,139.5449982,381.243362,-3.017499924,-124.4785398,8.256250381,-43.16687393,180.2899933,0.0006936,3.062153234,0.164200007,-44.15625381,-46.94791921,-51.296875,112.789688,0.04832,46.53125381,49.9583346,50.03125191,121.0936755,0.122903131,1.794590848,17.05964393,110,114.8333308,880,-39.71875,-38.98958715,-45.92187691,-55.03125,-55.46875254,-71.015625,3.831966785,3.832754856,3.610056747,-82.625,-69.48493195
spiny,-32.46969604,187.6628723,26.73484802,186.8863678,-52.22348404,136.515152,233.6026785,-2.82007575,-98.30307113,8.084280014,-38.84659195,181.2234802,0.00064697,2.376516552,0.153571435,-39,-42.33333588,-44.91875305,139.138,0.046585,22.0625,31.04166667,20.90625114,189.6875352,0.146253288,1.908806272,17.77378559,110,135.8333333,939.999939,-30.90625,-33.26041667,-31.06875114,-50.90625381,-52.19791794,-75.74375305,2.517406966,2.059022918,2.201327863,-95.65625,-75.40810394
aspiny,-32.58198547,77.19117737,22.04669189,76.13970947,-46.700737,59.89706039,138.9037825,-9.736764908,-48.63771691,4.402205944,-43.21029282,72.68382263,0.001337412,2.773198765,0.116949153,-51.56250381,-45.81250127,-56.16875229,465.916928,0.01592,32.125,27.4270846,35.38750153,299.531281,0.104878627,1.231910144,20.72360324,50,40,300,-40.81250381,-34.10417048,-43.40000381,-52.21875381,-46.87500127,-68.84375458,4.221440732,2.856950002,3.961055462,-99.75000763,-69.84970093
spiny,-34.52734375,79.77734375,43.20996094,79.3671875,-56.25390625,65.40625,376.6357281,0.919921935,-95.86199933,19.37207031,-48.92480469,74.8671875,0.00086625,3.930172365,0.223913043,-48.5625,-50.25000254,-55.53750305,321.108416,0.04022,44.125,45.29166921,43.56250305,217.1876878,0.052309755,1.260003584,25.8783158,50,37.95833333,600,-33.68750381,-35.84375254,-44.68125153,-56.46875,-58.15625127,-69.51250458,3.804789532,3.964111484,4.17296804,-90.46875763,-70.78517151
spiny,-43.17282104,76.55492401,30.97916603,76.1193161,-52.30965805,62.01515198,223.6243967,-5.590435505,-61.86854391,8.726799011,-47.19412994,71.77651215,0.001249394,3.643824467,0.278333333,-51.50000381,-50.37500127,-51.73958588,190.132208,0.02666,42.56250381,46.4583346,41.1458346,150.1563638,0.08699277,1.135337728,10.19860559,50,50.33333333,300,-46.00000381,-45.46875254,-47.0208346,-55.84375,-54.29166921,-66.31250254,4.04313819,4.365223181,4.138719924,-83.9375,-66.09661865
aspiny,-35.11478424,236.4711609,12.76622581,235.9399109,-51.08774185,188.5048065,196.0443421,-13.77523994,-54.55327945,-4.501202106,-47.59314728,219.8990326,0.001006538,3.615494136,0.204037273,-51.125,-51.19791921,-63.46875381,178.153936,0.19982,11.31250095,16.51041667,14.87500119,150.6250054,0.020873465,1.533030656,8.413394444,150,130.4166667,570,-33.59375,-35.46875127,-38.41406345,-54.12500381,-54.83333715,-74.35937881,2.955254706,3.086898707,2.427816527,-90.15625763,-73.65138245
spiny,-42.44240189,203.0490265,39.78615189,203.1372528,-56.28799057,156.7451019,393.7226134,0.645833313,-117.8673782,13.89338207,-48.65992737,200.9044189,0.000705294,3.343986464,0.250221268,-50.03125381,-49.23958588,-51.84896088,215.524288,0.045005,42.90625,45.26041794,44.11458524,135.4688704,0.020898554,1.936261376,19.84079239,110,76.41666667,790,-41.65625381,-39.28125127,-48.31771088,-55.1875,-55.60416794,-80.76562881,3.591544022,3.695673503,3.897174005,-95.53125763,-80.2579422
aspiny,-41.17797852,170.7900391,7.6328125,170.2314453,-53.81225586,135.3085938,168.960682,-23.3828125,-56.84006845,-9.988525391,-50.81591797,160.1542969,0.001066563,2.998300352,0.320212766,-55.65625381,-53.25000254,-57.40625254,264.563584,0.01298,22.75000191,22.79166857,29.5520846,205.1561773,0.085873388,2.309867008,12.22593922,90,125.0833359,400,-39.5,-34.16666921,-42.78125127,-56.81250381,-54.86458588,-71.67708588,2.568432825,2.218180898,2.640357278,-93.03125763,-70.99887848
spiny,-43.82859802,249.4734802,36.28125,249.7613678,-61.33901596,174.1818237,358.4479974,-3.229166746,-106.1963532,8.5,-53.30965805,246.1628723,0.00083303,3.396581879,0.144956789,-53.65625381,-52.28125381,-57.57812691,154.351296,0.034855,40.06250381,43.90625191,38.34375191,158.5937887,0.030647852,1.475351808,17.86333706,110,102.1875,720,-40.78125381,-38.890625,-54.14062691,-58.28125381,-56.90625,-82.14062881,3.328956985,3.495825514,3.866521699,-96.71875,-81.68371582
aspiny,-39.86827469,409.607605,16.54232597,409.2689819,-56.50435257,304.0506287,227.0273988,-12.1036396,-51.97835022,-13.34651852,-52.69936752,372.2626648,0.00115462,4.426958947,0.139999983,-57.5,-58.98437881,-70.25000191,152.97048,0.041045,17.3125,26.359375,18.28125095,104.3749973,0.012180146,1.8563936,8.061905966,249.9999847,200.3125076,740,-41.18750381,-39.23437881,-43.69531345,-59.00000381,-61.70312881,-79.515625,4.183802992,4.659411485,2.174585702,-91.03125,-79.16917419
aspiny,-35.30208206,102.1979141,19.91145897,101.46875,-53.765625,80.20833588,182.6613707,-5.8203125,-92.02267738,-3.622395754,-52.18229294,99.14583588,0.00084,1.958513203,0.009469697,-53.46875381,-50.82291921,-55.53125095,178.211888,0.02176,28.68750191,24.3020846,29.17968941,208.5937411,0.007611831,1.00900608,35.7508762,50,93.66666667,380,-36.9375,-30.3854173,-43.70312595,-53.65625381,-50.89583588,-59.74219036,2.294782312,1.718814431,2.40987279,-83.28125763,-59.34474945
spiny,-30.32102203,326.536377,34.52897644,324.6318054,-49.14374924,251.6522675,221.147771,0.055681795,-90.42952637,14.50681782,-41.36875153,314.6749878,0.000852,2.431762175,0.087617559,-44.68750381,-45.19791921,-50.2455368,192.462944,0.02178,41.84375381,41.61458588,45.96875109,137.1874958,0.110296249,1.957001856,12.23092018,170,168.8333333,820,-30.43750191,-29.68750191,-45.34375218,-48.59375381,-51.34375127,-75.80804007,3.000849995,2.64061554,3.693608025,-90.28125763,-75.49853516
aspiny,-39.69017792,48.13571548,29.01607132,47.81071472,-52.77589417,38.72142792,284.7916514,1.847321391,-157.392104,6.057142735,-50.98928452,46.96071243,0.000533143,1.80650572,0.52572815,-53.59375,-54.7395846,-60.53125,387.07952,0.027635,34.90625,37.8958346,34.625,468.4151709,0.041105542,3.489666304,54.68152812,20,18.25,430,-42.875,-43.25000254,-44.625,-56.6875,-55.66666667,-67.625,1.876785595,1.861170479,1.95877312,-96.3125,-67.419487
spiny,-45.12433624,207.3643646,38.75199509,207.1728668,-60.31649017,153.9920197,308.7008087,-1.624335051,-91.75925904,14.46276569,-54.47938919,197.0611725,0.000971915,3.375311046,0.223297733,-55.59375,-54.39583333,-57.1927096,208.03192,0.022925,42.25000381,43.64583588,44.54166921,143.749997,0.014492135,1.69298496,13.03708183,110,47.70833333,560,-43.28125381,-40.95833333,-50.1197923,-58.59375381,-58.02083588,-82.85416921,3.352112726,3.539270914,4.104519545,-99.40625763,-81.57537842
aspiny,-30.68981552,132.2407379,17.99768448,132.0185242,-46.24884415,93.00926208,152.6367624,-5.94560194,-78.59879882,-0.186342537,-41.86805725,129.8935242,0.00086,1.868371019,0.031179549,-44.25,-42.29166794,-53.86979485,404.969664,0.0272,24.6875,15.84375095,30.5208346,281.8750739,0.17591016,1.097981952,18.12690929,70,96.62499873,249.9999847,-31.25,-28.75000127,-41.08854421,-44.31250381,-42.63541794,-62.52604485,2.129252793,1.682413334,2.522515047,-95.43750763,-61.81156158
spiny,-33.2421875,170.875,35.26171875,170.6796875,-51.515625,116.5390625,267.2361403,1.703125,-93.88147591,16.0078125,-40.85742188,168.6875,0.00078625,2.842013862,0.125284091,-44.21875381,-43.46875,-49.25625153,214.247792,0.03384,39.0625,37.04166794,40.88750229,258.2813501,0.088392526,1.322751104,30.7516701,70,89.875,590,-34.34375381,-31.52083524,-44.24375153,-50.96875,-50.83333588,-68.4187561,2.97633931,2.51003271,3.407371856,-94.9375,-67.62136078
spiny,-43.56613541,215.6133728,31.8008728,216.2383728,-57.00799561,150.3430176,357.3287645,-10.07921505,-105.303842,5.752180099,-50.4476738,210.8866272,0.000754535,3.413714272,0.219167873,-52.18750381,-49.51041921,-56.36979421,170.937824,0.03169,33.53125381,44.00000381,37.43229357,126.7187446,0.024609137,2.675066368,15.78143974,110,98.125,590,-44.78125381,-39.66666921,-43.91666985,-57.93750381,-55.51042048,-76.84375254,3.460470932,3.695826382,3.293640393,-88.65625763,-76.2288208
spiny,-35.72225952,148.0730286,32.69171524,147.608139,-52.82268143,126.6727524,277.8807233,-8.872893333,-100.6489603,6.428370953,-45.74649048,144.0730286,0.000822697,2.765501444,0.201399116,-47.56250381,-49.29166921,-49.43750229,185.442624,0.04592,32.6875,32.4583346,30.51875153,142.1875358,0.036274046,1.194672128,14.1134506,90,95.54166667,180,-36.15625381,-36.13541921,-40.60000305,-53.06250381,-55.18750127,-80.0875061,2.671177889,2.553403761,2.606754276,-95.46875,-79.63397217
spiny,-47.11236572,196.6170197,37.82048035,196.7765961,-56.65159607,143.023941,338.7856689,-3.586436272,-76.82374111,11.5259304,-50.60704803,187.7367096,0.001054468,4.441481237,0.271875018,-52.53125381,-49.29166921,-54.67969036,199.343808,0.048075,44.25,45.59375254,44.47656345,198.906213,0.009079354,1.50487424,20.04739483,70,68.5,580,-49.78125,-44.5,-47.12500286,-56.75000381,-53.0208346,-78.17188072,4.575732453,4.729645302,4.656182621,-99.15625,-77.29013824
aspiny,-44.59525681,467.3157959,0.469572365,468.1123962,-60.95764923,465.3623962,181.6984496,-15.57867336,-164.6066338,-19.60567474,-60.73971939,468.1962585,0.000491842,1.090321654,0.7824817,-68.9375,-50.71631041,-67.08125305,145.62888,0.006805,9.75,32.17722328,14.33125038,118.4822395,0.033175778,2.491605504,7.10752053,230,124.6283661,419.9999695,-50.43750381,-36.06260131,-51.16875153,-68.96875,-54.58113716,-74.05625458,1.296427409,2.86741523,1.326749093,-86.87500763,-73.88054657
aspiny,-36.68328476,179.8202209,23.24543571,179.2612305,-52.88061905,145.1587067,272.725596,-6.203651905,-70.11904077,-5.591994286,-49.05231857,170.5519714,0.000906629,3.95790181,0.30039685,-50.8125,-52.29166794,-53.57031536,228.97656,0.01954,20.28125191,23.79166857,29.70312643,213.2811695,0.027111163,2.207950336,13.19949243,110,111.5416565,509.9999695,-35.68750381,-35.17708333,-40.39062595,-54.59375381,-55.45833588,-73.57812691,3.62133849,4.163839183,2.857358166,-95.875,-72.38474274
spiny,-35.85140228,162.4464264,38.82334137,161.7627563,-55.53380203,128.8622437,318.379394,-1.495535731,-70.62774488,18.80229568,-49.72257614,152.7372437,0.001111837,4.522572403,0.254555809,-50.59375381,-50.70833715,-54.22500305,273.56368,0.02846,41.5625,37.48958588,41.49375153,256.7708194,0.03196732,3.25691776,24.08006089,90,46.91666667,700,-36.90625381,-36.46875127,-42.50625153,-53.71875381,-56.18750254,-77.6250061,4.321829677,4.138103927,4.413348699,-102.7812576,-77.51449585
aspiny,-35.91494751,298.299469,11.10801601,299.1896667,-54.89021683,297.1239014,216.422976,-9.681249619,-164.8333102,-9.565353394,-54.74592209,299.450531,0.000800714,1.2945905,1.147540989,-59.53125381,-50.71631041,-60.65104421,207.820928,0.00538,19.25000191,32.17722328,22.25000127,113.0208299,-0.015926678,1.420934656,8.687471276,170,124.6283661,340,-39.15625,-36.06260131,-42.66146088,-59.75,-54.58113716,-61.22916857,1.536045918,2.86741523,1.610461669,-74.71875,-60.06976318
spiny,-45.42979431,186.2842407,45.18878555,185.9880066,-54.08133698,139.8578796,383.8169983,-3.086472511,-101.3563677,14.0607872,-50.47131729,180.0325317,0.00091589,3.812944613,0.285845296,-51.50000381,-51.65625381,-53.19375153,156.455232,0.07432,47.6875,51.31250254,47.40625153,162.9687548,0.065794349,1.321455872,13.68461376,70,61.25,380,-44.125,-42.81250254,-44.90625153,-55.00000381,-54.82292048,-66.43125305,3.428592667,3.703307661,3.713026725,-84.09375763,-66.12202454
aspiny,-34.04957962,418.0336609,12.62890625,421.3389282,-47.84635544,406.6846924,200.8865895,-6.785256386,-130.8348361,-5.280749321,-47.37630081,422.7784424,0.000585128,1.474406715,0.828686636,-52.28125381,-48.03125191,-57.10547066,186.584704,0.00992,25.40625,12.43750048,35.55859566,124.4792864,0.005069782,2.318887168,6.909510339,270,214.3749924,540,-33.09375,-29.45312691,-47.42187738,-52.46875381,-48.82812691,-76.55078697,1.566557133,1.51059481,1.713518314,-89.9375,-76.3922348
aspiny,-31.47165108,312.615509,-0.516943574,313.2252197,-47.15546036,309.8502197,166.8123683,-15.99894524,-95.9874327,-11.57970715,-46.93941116,311.7413025,0.000505939,1.738385882,0.692857121,-54.125,-56.08333588,-62.9375,177.478832,0.021245,4.750000477,9.229166667,5.375,137.500003,0.025245056,2.64156928,7.59910991,210,181,570,-27.65625,-29.12500064,-44.93750381,-54.21875,-56.2083346,-76.96875,1.327943663,1.288163475,1.652330188,-92,-76.2554245
spiny,-36.15091324,318.7438965,35.27820206,317.8475647,-53.42606735,228.1280518,346.2734804,-1.213414669,-79.69650104,15.57088375,-45.19512177,296.0640259,0.000876829,4.369743495,0.124416426,-46.87500381,-47.11458715,-51.61250229,146.736672,0.064515,33.31250381,34.84375127,36.55000305,125.7812083,0.059697814,1.767785984,17.17973067,160,133.0416667,260,-37.3125,-35.28125254,-45.80625381,-54.34375381,-57.06250254,-80.36250458,4.071715272,3.709596541,4.271010764,-93.03125763,-80.31943512
aspiny,-36.97104645,49.25367737,30.5735302,48.98713303,-55.94255447,46.04411697,284.0349709,-2.397058725,-125.1751878,6.205422878,-55.34145355,48.02022171,0.000709706,2.260331032,0.60870535,-55.87500381,-54.89583715,-60.45000381,499.266592,0.02108,35.90625,36.6875,37.29375229,273.750037,0.038183685,1.495463808,13.26796034,30,30.1666654,400,-37.5,-38.96875127,-42.28125076,-56,-54.96875127,-70.56250305,2.494495249,2.644407615,2.751784206,-99.25,-69.6831665
spiny,-48.9375,121.0540543,45.98648834,120.6554031,-61.52280426,87.75,452.0450537,-0.775337815,-73.08833893,11.71283817,-54.86908722,113.5979767,0.00106973,6.193450018,0.256476938,-57.4375,-55.42708588,-58.15000305,181.365824,0.05304,49.15625381,49.97916921,47.01875153,180.4687381,0.044094026,1.246107264,17.13551701,70,71.79166412,499.9999695,-49.00000381,-47.96875254,-52.84375305,-61.96875,-60.56250254,-80.10625305,6.011654808,6.296707408,5.109706986,-97.34375763,-79.64185333
spiny,-37.77083206,405.8822327,32.86231995,403.0344238,-49.84918594,300.4456482,248.1777049,0.1852355,-36.52216909,19.56431198,-43.61096191,366.9003601,0.001695652,6.83633336,0.077605628,-47.03125381,-47.0520846,-53.95833588,82.59952,0.0846,40.5,42.45833333,43.14583524,112.8124967,0.040181175,2.089231104,15.36150555,230,189.1666667,1030,-39.78125,-38.86458588,-46.51562627,-49.59375381,-51.73958588,-78.00000509,6.145019396,5.888518292,5.041415633,-90.34375,-77.86229706
spiny,-34.17769623,168.9509735,28.50183868,168.6053925,-52.25428772,132.8946075,266.5142066,0.975490212,-101.9335071,10.09007359,-44.2469368,157.0833282,0.000682255,2.613657717,0.215904946,-41.43750381,-41.17708588,-47.06250229,177.283872,0.03673,33.90625,37.88541921,35.71875305,137.3437941,0.029222859,2.60806912,15.56582926,90,73.91666667,850,-31.15625191,-29.18750127,-43.70000229,-49.4375,-49.47916921,-77.77500153,2.668981276,2.843660399,2.801342742,-94.34375,-76.83314514
spiny,-34.23761749,144.5683899,28.48584938,144.1226349,-50.20695877,110.33255,211.6018905,-12.37323093,-58.11963745,9.860259056,-44.18160248,135.320755,0.001186038,3.65487808,0.171153846,-47.00000381,-48.04166667,-50.03125381,169.900192,0.04274,32.53125,35.62500127,34.875,196.0335821,0.073988609,1.041872832,28.03559498,70,57.99999746,660,-37.34375,-37.41666921,-44.40625381,-51.53125,-54.79166921,-68.03125,3.553486956,3.673750482,3.826508489,-86.625,-68.1588974
aspiny,-36.04124832,143.7466736,23.61583328,143.0833282,-48.22124863,110.2833328,154.5696416,-11.44666672,-82.00437488,0.33583343,-45.88249969,138.4933319,0.0009608,1.837498184,0.022431507,-50.96875,-49.00000381,-53.74479421,312.111456,0.01152,31.46875191,28.7083346,31.05729262,195.6249624,0.07246013,1.8798368,10.11079494,90,84.29166667,280,-41.625,-36.6145846,-46.69271151,-51.125,-49.08333715,-74.79687881,2.797268582,2.376857831,3.131281284,-98.18750763,-74.19271088
spiny,-45.34461975,93.5798645,28.33246613,93.37152863,-60.65278625,75.3576355,295.4209484,-15.45052052,-70.27762915,8.689235687,-53.35503387,86.1701355,0.001057222,4.205475482,0.197579525,-54.3125,-53.5833346,-56.60625229,198.265632,0.05122,28.3125,29.19791794,26.08750114,191.0937428,0.131337389,1.418751744,29.75361425,50,65.5,800,-45.40625381,-44.62500254,-45.53750305,-62.56250381,-60.39583715,-76.1250061,4.073982391,3.954214985,3.492158078,-96.59375,-76.03790283
spiny,-33.10385895,189.2022095,36.37591934,188.2904358,-50.24540329,140.5367584,266.3071735,2.330882311,-55.8750187,18.11488914,-43.00551605,177.0772095,0.001215294,4.817037517,0.169019608,-44.93750381,-46.6145846,-50.03125381,175.190816,0.0614,40.90625,45.43750127,45.84375381,155.9374928,0.142006993,2.360618496,21.72114493,90,88.33333333,590,-34.50000381,-37.67708333,-50.71875,-50.06250381,-52.0833346,-70.03125763,4.474328604,4.787890767,4.17482508,-87.71875763,-70.31516266
aspiny,-36.28958511,130.7416687,31.28333282,129.9666595,-57.0625,89.32499695,222.1791996,4.222916603,-134.5865127,7.387499809,-54.13333511,126.6833344,0.000708,1.638676252,0.098786504,-56.28125381,-56.96875127,-58.23125305,242.501344,0.03828,35.75,34.1875,40.51875076,216.7188227,0.13621822,1.187583872,23.38359529,60,95.91666667,630,-40.03125,-34.32291667,-45.94375153,-56.34375381,-57.02083333,-73.83125458,1.774538633,1.604027654,1.949017916,-97.40625,-73.67416382
aspiny,-34.56324387,164.4851227,23.93340683,163.7485046,-52.77715683,130.03125,217.7891693,-7.319568634,-72.80515635,-8.529390335,-49.8180809,157.84375,0.001050476,3.013819373,0.296261682,-52.68750381,-53.06250254,-58.46875,305.993184,0.03546,26,30.22916857,27.61458524,178.5938293,0.042646281,1.439003648,7.363151551,100,89.125,440,-34.53125,-34.66666667,-37.25000254,-55.00000381,-55.50000127,-73.77084096,3.057677846,3.376654517,1.988731744,-90.90625763,-73.73453522
spiny,-35.28977203,583.2348633,35.76799393,580.2879028,-56.16287994,423.7007446,336.836251,1.805871248,-69.37217481,19.62878799,-48.82765198,538.7462158,0.001055909,4.959152143,0.05297619,-48.03125,-47.78125127,-51.82500153,228.866336,0.09052,38.87500381,44.62500254,45.53750153,76.56250149,0.014029804,2.2467072,17.25138958,290,116.625,1690,-32.40625,-34.02083333,-46.35625076,-55.3125,-59.4583346,-82.5,4.093780675,4.28255077,4.1769813,-92.53125,-82.48335266
spiny,-34.41264343,183.0795441,31.18110847,182.0170441,-50.17613602,140.5284119,207.202649,-1.965198874,-91.27564186,11.29332352,-45.42116547,179.1392059,0.000869091,2.262754902,0.169703104,-50.68750381,-49.09375127,-54.88125305,235.72216,0.00978,35.28125381,35.47916794,40.26875305,176.6518056,0.034278523,1.123548416,17.87433416,110,117.7499975,310,-34.46875,-32.94791921,-44.53125229,-50.875,-49.3125,-61.54375305,2.407658345,2.04438473,2.660816343,-80.5625,-60.44378662
aspiny,-40.75041199,106.28125,26.11430931,106.0879898,-50.16508865,81.32977295,258.1559208,-12.36883259,-68.14046782,1.624177575,-46.22800064,99.22039795,0.000981842,3.833593976,0.088422819,-49.50000381,-48.85416794,-51.15000076,394.985824,0.00664,31.62500191,31.1354173,31.79375038,256.5624118,0.105324022,1.35652544,10.59107749,70,55.45833333,210,-46.53125381,-40.87500254,-45.88750153,-49.78125,-50.59375,-68.83750153,3.378901903,4.034691492,3.318147773,-92.90625,-67.96465302
spiny,-33.27916718,587.2071533,20.42440414,580.9976196,-47.96041489,456.269043,117.8377463,-2.34017849,-60.02221076,5.842261791,-43.67886734,552.7964478,0.001155429,1.893088438,0.095075773,-48.12500381,-47.13541794,-56.74219131,165.045216,0.03786,29.59375,30.87500064,37.58593941,120.6249595,0.117600136,2.555280128,12.64490609,350,252.7499898,989.999939,-31.40625,-30.3645846,-50.40625286,-48.31250381,-49.5208346,-80.87500572,2.121034555,1.797870863,2.397005358,-93.90625,-80.40293121
spiny,-37.75904465,155.7828979,39.42434311,155.8618469,-54.29523087,132.3157959,368.2517669,0.530427635,-94.25899196,19.3125,-43.56332397,153.6973724,0.000790921,3.908084073,0.14722223,-45.3125,-45.89583333,-48.56875305,91.85272,0.073575,42,36.25000254,37.25000153,124.9554306,0.080104545,2.72057472,25.58328072,100,106.0416667,1400,-38.46875381,-38.25000127,-47.62500153,-58.84375,-56.53125,-76.13750305,3.934661108,3.846331604,3.679020048,-88.90625,-75.44850922
spiny,-33.45800781,418.8105469,36.78466797,418.6992188,-51.78320313,332.6230469,321.8708417,2.307128906,-86.1636579,15.15087891,-46.37158203,403.2792969,0.00087125,3.7697491,0.086718775,-46.28125381,-45.04166667,-47.56875305,188.335168,0.03,41.37500381,42.19791921,45.98125229,138.906166,0.048504826,1.010422016,17.65872699,170,98.25,900,-32.6875,-27.76041857,-45.38125305,-48.90625,-52.65625381,-74.54375458,3.535950233,3.117268031,4.211358901,-91.90625763,-75.12820435
aspiny,-40.33768845,309.9346924,4.072761059,310.7476807,-61.82707596,309.47995,252.7096158,-15.30457115,-220.6326982,-17.71327019,-61.57661057,311.5694885,0.000383414,1.130215926,1.060267867,-63.59375381,-46.31250381,-63.95000229,197.321888,0.00961,9.062500954,-6.5,3.312500143,133.9285523,0.015922094,1.982262528,70.68628452,190,290.5,530,-38.56250381,-27.18750191,-42.60000076,-63.68750381,-46.45312881,-79.42500153,1.226111928,0.896876526,1.516610949,-99.90625763,-78.8563385
aspiny,-39.93861771,137.9799042,19.83537865,137.2723236,-56.24386215,123.109375,226.8899472,-5.303013325,-134.9285736,-8.650111198,-55.13336945,132.4352722,0.000625982,1.665630844,0.411812672,-61.25,-59.29687691,-63.6875,228.920896,0.030115,31.8125,34.5,31.01562595,273.4375,0.069783606,1.192322176,22.72801394,70,79.875,540,-47.34375381,-43.71875191,-48.46875191,-61.37500381,-59.40625191,-78.671875,2.155255007,2.061793793,2.159548451,-99.34375763,-78.43209076
aspiny,-41.995327,334.8489685,13.90011024,336.0124512,-59.125,335.6510315,337.885053,-10.87472534,-251.4849661,-10.17054653,-58.94299698,337.2698059,0.000332493,1.344045415,0.723165232,-60.0625,-59.01041794,-61.96250305,110.886216,0.01531,14.40625095,17.09375191,20.80000153,100.4688293,0.051836301,3.040214528,6.634725669,200,240.1250051,460,-40.96875381,-35.48958588,-46.90625076,-60.15625381,-59.17708715,-71.05625153,1.321080333,1.108408167,1.356492677,-81.34375763,-70.40834045
aspiny,-36.78752899,210.2386322,9.729515076,209.6865997,-57.7362442,204.1483307,233.220021,-14.92867851,-149.9509168,-11.70663834,-57.4493103,206.8941345,0.000534928,1.548754333,0.789902167,-61.18750381,-50.71631041,-64.23264058,209.514112,0.01038,14.59375,32.17722328,23.51736259,169.2188233,0.042236038,1.255519232,9.001822588,130,124.6283661,390,-36.65625381,-36.06260131,-43.98611408,-61.28125381,-54.58113716,-71.76042006,1.623452313,2.86741523,1.763685851,-90.21875,-71.02094269
aspiny,-40.08415222,755.1850586,13.21975422,756.3765869,-58.96221924,754.9385986,287.921437,-10.83063602,-244.1581576,-9.686495781,-58.83565903,757.0622559,0.000388964,1.172682404,0.525920508,-63.46875381,-59.44792048,-64.421875,138.210624,0.00548,18.59375,17.88541762,25.83593798,107.1876138,0.007974974,1.27070656,7.021597706,480,308.7083333,660,-44.59375,-34.68750127,-47.73437786,-63.50000381,-59.53125381,-73.97656631,1.218162621,1.150737507,1.220676815,-83.96875,-72.98190308
aspiny,-36.32386398,65.22727203,17.77800369,64.91396332,-49.36647797,53.34253311,229.3256394,-13.85470772,-77.48572074,-3.193993568,-46.96915436,62.29383087,0.00082987,2.960412276,0.19505814,-48.62500381,-49.08333588,-50.85416794,368.47584,0.01242,17.25000191,26.71875,23.06250064,329.374969,0.055369835,1.346159616,17.51722234,40,43.58333333,239.9999847,-37.84375381,-37.33333588,-39.92187691,-49.53125,-49.97916921,-64.55208842,2.88194564,3.117491417,2.9196713,-99.00000763,-63.66862488
spiny,-39.26704407,177.970459,40.03863525,177.4250031,-52.97499847,134.2022705,369.139197,-5.567613602,-61.19433011,17.66988564,-45.62215805,169.0840912,0.001137818,6.050144499,0.18750001,-48.93750381,-48.37500381,-53.52500229,109.788608,0.05976,45.65625381,41.79687691,40.86875229,129.5312941,0.070939131,1.19406528,13.79184666,110,137.8125,730,-40.375,-42.40625,-44.73750229,-56.46875,-55.70312691,-75.21250458,6.018715753,5.620693022,4.97600033,-86.8125,-74.6324234
aspiny,-31.56322098,221.0817261,4.53557682,220.5278778,-45.99158478,174.6615448,130.5504006,-17.69110489,-44.84392814,-8.000480652,-42.83485413,201.1019287,0.001069538,2.918578846,0.273640674,-48.03125,-48.85416794,-60.78125191,173.043456,0.18522,10.00000095,14.77083397,10.828125,183.7500334,0.029331621,1.102732288,13.79416525,130,119.7083333,509.9999695,-34.59375,-34.26042048,-37.14062881,-51.03125381,-52.30208715,-70.96875381,2.837169704,2.84441921,2.290642433,-89.09375,-70.03365326
aspiny,-39.94208145,320.6011047,5.236502171,320.2640686,-59.46441269,319.3995361,253.948907,-16.88882446,-177.3978146,-15.51398849,-59.30931091,320.11026,0.000422696,1.430921281,1.091467495,-63.9375,-59.21875381,-65.86719131,178.907136,0.00732,13.18750095,10.1875,22,130.6250691,0.023578458,1.190801408,7.578143126,190,228.125,370,-38.125,-31.62499809,-46.57812786,-64.15625,-59.40625,-70.53906441,1.336180374,1.120736645,1.445535865,-100.53125,-69.900383
spiny,-38.79871368,219.6875,38.35385895,214.7794189,-54.82168961,160.4227905,340.8598374,-2.897977829,-99.74615366,16.55055237,-46.70588303,204.7610321,0.000799412,3.422823161,0.116055051,-46.65625,-48.13541794,-52.48750229,211.03472,0.03264,39.65625,43.4375,39.66875153,155.468747,0.182173163,2.115695104,22.89485327,120,85.83333333,820,-36.96875381,-38.17708715,-44.85000305,-55.25000381,-57.33333588,-71.7312561,3.331074383,3.254455595,3.354569783,-88.12500763,-71.2328186
aspiny,-40.50727463,432.7008972,14.78561497,433.3691711,-60.16801453,431.1401672,259.1880631,-9.751265526,-175.4749444,-8.555920601,-59.99740601,432.6391602,0.0005117,1.475313251,0.717619371,-60.28125381,-57.76041921,-63.87500477,140.868736,0.06822,13.65625,14.1979173,26.66406393,83.16963911,0.018047571,1.317710848,6.664648278,240,254.7916616,700,-34.46875,-31.31250064,-48.60156536,-60.375,-57.8958346,-78.28125572,1.31725904,1.197745383,1.489002659,-87.15625,-77.00286865
aspiny,-37.89904022,113.3040848,14.22325706,112.796875,-49.49729538,95.28245544,168.4038551,-20.34555244,-61.46673022,-3.495492697,-48.01081848,108.3665848,0.001048654,2.750250845,0.184340659,-50.75000381,-49.98437691,-60.28125381,332.315904,0.01136,16.78125,23.73437595,29.98437595,170.312494,0.080090784,1.093077632,11.17335828,70,44.1875,320,-39.34375381,-38.890625,-46.18750381,-51.09375381,-50.43750191,-74.296875,2.555152195,2.625649589,2.980521937,-99.46875,-73.29692078
aspiny,-37.96955872,210.4482727,16.10560417,210.926178,-52.89870834,208.9240265,347.2238493,-10.82570076,-241.1212123,-2.723464489,-52.6421051,211.098053,0.000329569,1.440589817,0.704265891,-53.71875381,-52.40625254,-56.22500305,176.351296,0.0201,14.9375,19.97916794,18.78750038,163.2812172,0.041377265,2.027889408,8.609380593,130,133.5833333,420,-38.1875,-37.2083346,-39.93125229,-53.87500381,-52.50000254,-69.51250458,1.41537177,1.362476646,1.410197907,-86.50000763,-68.46780396
spiny,-35.51713562,156.6088715,36.75705719,155.2217712,-54.32459641,129.4072571,295.9667626,-0.97177428,-71.56563293,20.45262146,-45.97883224,152.8225861,0.00103871,4.137671106,0.104832109,-47,-44.84375127,-51.921875,130.886096,0.09622,37.46875,44.81250381,42.89062691,123.3929545,0.15180096,2.084941824,29.5828545,90,88.74999746,1200,-34.03125381,-36.43750127,-47.65625381,-57.12500381,-56.11458588,-75.796875,3.979734139,4.435766241,4.515839272,-85.87500763,-73.83969116
aspiny,-39.55047989,34.36538315,22.75721169,33.92307663,-56.88461685,28.00961494,204.8540814,-2.8125,-140.1976458,-6.307692528,-54.88220978,32.79807663,0.000640769,1.456022991,0.272386059,-56.90625381,-56.5520846,-60.75000095,371.07264,0.02106,26.03125,34.50000127,33.5390625,430.4688573,0.132928401,2.017659648,35.99757578,20,25.70833333,360,-41.96875,-39.1770846,-42.9375,-56.9375,-56.65625127,-66.4921875,1.600714523,1.514849431,1.606849924,-98.62500763,-65.17359924
aspiny,-37.78199005,194.967453,28.43620491,194.4829865,-51.17640686,166.6508942,332.2646086,-3.921967506,-105.2986743,7.747226238,-49.41253662,189.2100525,0.000675503,3.172268417,0.66679294,-52.03125381,-51.90625254,-54.91250381,239.187776,0.01514,33.8125,29.19791794,41.70000153,152.3439437,0.069130689,1.069003328,8.425376795,110,101.5833333,390,-38.28125,-34.42708333,-44.475,-52.25,-53.09375254,-74.44375153,2.842449993,3.091603352,2.619547425,-91.90625763,-73.84954834
aspiny,-37.21929932,154.6995544,25.3974781,154.3640289,-59.47861862,135.0723724,285.0951619,-6.543311596,-55.02568255,-4.5279603,-54.81633759,153.0964966,0.00115193,5.196633285,0.224014337,-55.09375381,-54.95312881,-56.60000153,264.559152,0.05026,27.09375191,29.31250191,31.30625114,134.8438561,0.004113243,2.28347648,8.441650275,90,92.18749619,670,-36.40625381,-36.71875381,-42.91250229,-60.18750381,-60.25000381,-79.41250305,5.035215326,5.208571234,3.423680497,-95.09375763,-78.54533386
aspiny,-39.2288475,100.5384598,27.52307701,100.1653824,-56.84375,92.26345825,277.8842781,-4.825480938,-144.7515854,2.642307758,-56.10865402,98.55577087,0.000630154,1.912027891,0.547383707,-61.53125381,-56.625,-61.93750381,410.250304,0.0182,32.0625,30.6145846,28.09375191,411.718756,0.026249787,1.124825984,40.34299525,60,31.41666667,499.9999695,-45.03125381,-42.50000127,-43.21875,-61.62500381,-57.26041921,-70.53125763,2.149398736,2.319014816,2.171332966,-93,-71.88323212
spiny,-40.14829636,307.5499878,41.31363678,306.720459,-55.65966034,233.5795441,350.7757035,6.6028409,-76.60111514,16.86193275,-50.75454712,286.440918,0.001027182,4.635848991,0.167357914,-52,-50.37500381,-52.26041794,256.575312,0.018035,47.03125381,47.31250381,52.05208588,181.2501252,0.031475555,2.093405952,15.65549742,180,87.1875,720,-40.125,-32.578125,-45.85417048,-53.78125381,-54.70312691,-76.04167175,4.435970622,4.223294537,5.234712943,-92.71875763,-75.17740631
spiny,-37.55664063,185.6495514,39.85909653,185.6015625,-46.87807083,157.4910736,346.0627168,5.717075825,-120.3921735,9.148716927,-43.91322708,182.7544708,0.000686964,2.910263996,0.200632929,-46.40625,-47.08333715,-51.05000229,98.831296,0.04909,47.59375381,49.89583715,44.50625229,119.5535734,0.168598279,4.167758336,18.69657885,90,128.4166692,810.000061,-39.625,-39.48958588,-43.23750153,-53.21875381,-51.17708588,-69.27500153,3.374929973,3.370704233,3.016887811,-82.09375,-68.14337158
spiny,-35.34722137,163.2546234,29.50887299,161.8672791,-51.65702057,136.3503113,208.2345597,0.543595672,-73.95567872,13.87268543,-46.05439758,153.0030823,0.00099679,2.813064266,0.281578947,-51.28125,-49.05208715,-56.17500229,155.213776,0.05168,38.21875,40.4583346,40.50000076,204.999879,0.215154022,1.372292992,17.55883227,90,101.625,740,-34.46875,-33.37500127,-44.68125153,-53.34375381,-53.67708588,-77.94375458,3.007976242,2.928873136,2.969042394,-97,-77.07164764
aspiny,-35.30973816,534.670166,4.0625,537.2660522,-55.24485397,535.1636353,200.0933775,-12.65988922,-184.8727547,-16.584589,-55.00087738,539.1505737,0.00042498,1.068766695,0.117980614,-59.37500381,-50.71631041,-60.12500381,152.94592,0.008955,9.125000954,32.17722328,17.39062595,105.4018214,0.070144586,1.994215936,6.983807431,340,124.6283661,650,-39.65625,-36.06260131,-46.19791921,-59.46875381,-54.58113716,-75.86458715,1.324081156,2.86741523,1.357424503,-86.90625763,-74.5553894
aspiny,-37.27206039,84.01470947,12.24080849,83.54412079,-51.81433868,70.05514526,170.9571659,-12.88327217,-102.6480587,-9.193015099,-49.84191132,81.76837921,0.0007125,1.660039206,0.480027174,-52.40625,-50.33333588,-55.46875153,232.153328,0.03709,15.12500095,20.77083397,19.65625114,422.0313132,0.074834414,2.300794368,45.88894082,50,48.375,600,-39.43750381,-38.37500254,-36.84375229,-52.46875381,-50.40625381,-67.31250458,1.805307326,1.94100063,1.747028077,-98.96875,-66.75813293
spiny,-39.29315567,179.3839264,43.02157593,179.4315491,-59.70981979,133.2380981,416.149746,2.627232075,-108.8126417,14.97693443,-49.54389954,172.9523773,0.000790952,3.827241892,0.185227281,-51.18750381,-51.44791921,-52.40625381,137.685472,0.065985,46.31250381,47.69791921,49.08594036,135.9374225,0.017065732,1.811929856,18.18791945,90,95.625,949.999939,-39.12500381,-38.81250127,-51.66406536,-59.68750381,-57.22917048,-83.90625191,4.143069398,4.1570636,4.749286683,-98.15625,-83.62197113
spiny,-35.83506775,287.5231628,32.3848381,287.5717468,-52.64699173,232.8819427,296.9076266,3.001736164,-85.06024627,11.31076431,-43.30613327,283.2523193,0.000805648,3.488004269,0.143478264,-43.28125381,-44.8958346,-49.90000153,127.874288,0.043015,39.18750381,42.78125127,41.89375153,98.75007719,0.133022398,1.212761856,16.20772836,170,130.4166692,1300,-38.87500381,-36.71875254,-45.46875229,-58.03125381,-55.26041794,-72.38125153,4.228150239,3.914964088,4.220136618,-82.4375,-71.6469574
spiny,-37.84090805,227.5037842,32.09659195,226.8825684,-54.73106003,164.2916718,296.18661,-4.369318008,-71.86155416,14.69412899,-47.78693008,212.8219757,0.000998182,4.127614783,0.160416667,-49.50000381,-52.1458346,-54.70312786,192.487728,0.0742,31.65625,30.32291794,31.98437643,178.437531,0.093472928,1.839372288,24.41053862,90,68.08333333,920,-39.3125,-41.90625,-47.97656441,-57.84375381,-58.85417048,-78.35156631,4.059277097,3.735031441,3.955491428,-95.93750763,-77.04734039
aspiny,-38.81676865,486.1122742,14.43504047,487.8483887,-58.31937027,486.425354,221.1238036,-8.13216114,-163.3374473,-10.59997082,-58.16630554,488.5758057,0.000532755,1.35306656,0.536838976,-64.59375763,-58.75000381,-67.22396088,168.662048,0.00687,19.46875,12.32812548,22.75000127,126.562506,0.036030952,1.502106112,10.35518659,290,239.0625076,530,-45.84375381,-31.79687595,-47.91146088,-64.71875,-58.82812881,-72.38021215,1.427929683,1.137437365,1.483516545,-85.12500763,-71.4529953
spiny,-35.98011398,214.9545441,31.15397644,214.479538,-54.65966034,168.0431824,303.030897,-6.554545403,-95.92460364,2.659090996,-48.70000076,207.9818115,0.000796818,3.16084359,0.200630261,-47.40625381,-50.72917048,-49.39285714,182.229104,0.02215,31.84375191,35.09375127,33.02232143,189.0624911,0.051283076,3.048839936,15.841726,130,117.5000025,630,-35.96875,-34.05208588,-46.33035769,-51.78125381,-56.7083346,-76.0223247,3.1326653,2.865240198,3.466478612,-97,-75.57073975
spiny,-47.43055725,169.7138824,43.54236221,169.6194458,-58.57152939,126.875,419.8696637,-1.172222257,-108.8781593,16.22013855,-55.14097214,164.8361053,0.000836222,3.87099232,0.242635659,-51.65625381,-49.1875,-55.06771088,171.60632,0.047025,46.5,48.92708715,47.85416857,190.9375042,0.047976289,2.147981568,26.85008807,50,47.41666667,520,-43.40625,-42.30208588,-48.5677096,-56.0625,-54.54167048,-72.60937881,3.890979003,4.269436082,4.208229142,-90.28125763,-71.72515869
spiny,-32.13169479,208.9285736,28.2723217,208.6964264,-53.9732132,152.6964264,239.8862811,-1.964285731,-76.77430017,10.48883915,-46.8872757,206.8035736,0.0009,3.118067953,0.19302588,-47.03125,-46.734375,-51.90000076,539.005312,0.025665,30.5,30.01562595,33.98750076,211.8749917,0.024707474,1.861476736,24.85647053,110,58.99999809,750,-32.15625,-31.734375,-44.83125076,-51.00000381,-56.09375,-73.39375153,3.191512372,2.800284097,3.770830859,-94.53125,-72.24079132
spiny,-38.1171875,521.1495361,34.78515625,520.5089111,-52.02511215,404.9598083,307.1115973,-3.145089388,-77.96450538,15.9520092,-46.39788055,494.5357056,0.000972857,4.094320632,0.075945005,-46.96875,-49.29166921,-52.11250229,182.628896,0.045735,38.65625381,41.04166921,37.66875305,118.9062521,0.006813534,3.291744768,14.58636245,209.9999847,94.58332825,1010.000061,-34.90625381,-36.28125127,-44.85000153,-52.65625381,-54.89583715,-82.16875458,3.26062288,3.160261117,3.244006361,-94.84375,-81.74201202
spiny,-31.34313202,365.3440552,32.21720123,363.357666,-44.53991318,268.7103882,178.1477712,-0.494430721,-72.97551141,12.68688107,-38.19585419,348.2772217,0.000986139,2.415048267,0.120921985,-46,-43.23958715,-52.62500305,211.474736,0.01792,41.5625,38.66666794,42.58125305,162.8124565,0.114322603,1.389952384,19.12717036,210,154.5416616,600,-35.34375,-32.2083346,-47.63750229,-46.25,-45.84375127,-76.0687561,2.831044117,2.317712605,3.164408635,-91.5625,-75.44876862
aspiny,-39.5819397,365.3001709,16.09734535,366.5795288,-60.13930511,366.8345032,312.9423121,-7.94307518,-251.8944121,-11.70070457,-59.95569229,368.0481262,0.000373862,1.241122978,0.892365787,-62.62500763,-57.23958715,-62.80625534,184.436208,0.008735,22.18750191,18.07291667,27.69375153,114.5312563,0.072696261,1.52703424,6.26897168,220,251.5000051,101.9999939,-38.78125,-31.4270846,-45.68750076,-62.84375381,-57.33333588,-76.71875305,1.240245708,1.17205806,1.372035741,-99.96875,-75.65782928
aspiny,-39.49406052,395.8636475,18.60717964,395.4359436,-53.46978378,315.5413208,208.7293847,-7.111828327,-52.64897814,-2.869059801,-50.5467453,366.7169495,0.001099008,4.003383754,0.241011209,-51.31250381,-52.63541794,-61.10156536,111.670664,0.06206,16.90625,21.39583524,24.21093893,118.1249619,0.061473455,1.390278016,5.976501416,240,198.3333333,690,-37.71875,-35.66666921,-41.91406441,-53.81250381,-55.60416921,-76.46875381,3.255486322,3.626961459,2.267316202,-88.81250763,-75.96038818
aspiny,-42.57514572,426.8077393,19.52255058,427.3027649,-63.31860352,427.6054077,307.4127896,-7.800146103,-217.4906644,-6.92233181,-63.20723724,428.0003052,0.000471041,1.420329782,1.192438692,-68.37500763,-61.66667048,-67.54375305,226.625872,0.00592,27.875,20.87500064,31.10000153,119.8437512,0.016586669,1.24716672,8.544167007,300,188.9583333,499.9999695,-45.78125,-32.64583588,-47.90000305,-68.50000763,-61.79167048,-78.35625153,1.430911844,1.307302731,1.534844341,-91.78125,-78.43769836
spiny,-32.96875,218.6333313,32.49166489,218.8999939,-53.63958359,144.2333374,256.8487318,-2.070833445,-62.20865393,17.04999924,-43.72083282,215.2833405,0.001106,4.141233267,0.100645584,-45.0625,-43.42708588,-49.0859375,180.1348,0.10397,33.59375,39.87500127,39.56250191,231.0811724,0.02725506,2.26031488,21.97689241,70,68.66666667,1040,-33.06250381,-32.0104173,-44.28906631,-55.34375,-51.91666921,-78.87500381,4.114900527,4.223369125,4.085131586,-96.6875,-78.20093536
spiny,-36.38020706,65.01667023,36.04583359,64.39583588,-54.43645859,49.76250076,301.4845425,-3.994791746,-90.59752164,13.78645802,-45.88854218,60.32916641,0.000884667,3.324690556,0.232608696,-46.40625,-47.65625,-48.38750305,265.67832,0.02188,37.37500381,44.31250381,46.91875229,375.5209744,0.034742855,1.305828352,30.39675026,40,32.375,440,-35.78125381,-33.07812691,-42.16250153,-53.6875,-54.06250191,-62.38750153,3.354087747,3.769458038,4.334811706,-95.40625763,-61.10697556
spiny,-37.7304039,110.6631393,27.94968224,110.7436447,-57.82362366,95.28601837,216.6513742,-3.634004354,-79.8721641,8.439088821,-54.21398163,110.8877106,0.000984407,2.700754707,0.2375,-56.40625381,-54.01041794,-56.84375153,278.744,0.024485,31.28125191,31.17708333,34.21250076,238.9062047,0.003741397,2.175379456,30.79772151,70,50.08333206,469.9999695,-41,-37.87500254,-48.75625153,-59.0625,-58.87500254,-71.95625,3.039640066,2.698682609,3.458641636,-96.0625,-71.89468384
aspiny,-39.54491425,549.0925293,4.288599968,551.7366943,-56.14634323,552.4694824,197.7726785,-14.58841419,-138.8143874,-15.91131306,-55.96733475,553.9283447,0.000519582,1.412952939,1.042857466,-60.65625,-54.68750191,-63.05208397,167.413408,0.00721,11.15625,3.484375,13.09375016,103.7500724,0.031300966,1.486973184,7.832975657,370,327.5,121.6666667,-42.5625,-29.79687595,-46.86979294,-60.71875381,-54.859375,-83.078125,1.54561502,1.093125767,1.580790559,-90.18750763,-81.00827789
aspiny,-31.921875,175.2650909,19.875,174.2176666,-53.62068939,144.6767273,238.1270327,-7.964978218,-76.5545087,-3.663793087,-49.29364395,167.5366364,0.000839655,3.116601276,0.160497578,-52.71875,-52.79167048,-58.38125153,253.627056,0.12866,16.15625,21.77083397,22.03750153,202.72322,0.028953467,3.454885888,13.27545979,110,100.9583333,590,-28.09375191,-30.70833524,-35.00000076,-56.34375381,-57.75000254,-71.98125305,2.634109656,2.738660424,2.409313696,-92.93750763,-71.82756805
aspiny,-38.26041794,154.9318237,15.50757599,154.2121277,-54.63731003,126.0416641,266.4280768,-10.22821999,-161.8463641,-9.190340996,-53.02746201,151.4393921,0.000481818,1.638610665,0.031415345,-56.625,-53.42708715,-59.32812786,210.496064,0.02441,22.87500191,19.76041667,24.64062595,202.524066,0.063332669,1.224552832,33.49351064,90,114.6666667,450,-42.6875,-36.85416794,-44.21875095,-56.84375381,-53.55208715,-68.12500381,1.798611633,1.607618233,1.798402588,-89.75000763,-67.2024231
spiny,-32.75198364,395.8849182,24.62252045,393.3611145,-48.90277863,310.2023926,175.8692507,0.255456358,-70.2987561,9.911705971,-42.28372955,370.3769836,0.000934921,2.467385845,0.023722759,-46.12500381,-43.94791667,-51.98750153,191.175232,0.04512,29.28125191,30.8854173,38.03750076,173.5936701,0.082013376,1.217279232,25.55475342,150,114.4583333,939.999939,-32.09375381,-29.46875191,-48.23125305,-51.84375,-52.7083346,-76.85000153,2.461595071,2.163188943,2.96631391,-95.78125,-75.24987793
spiny,-44.44097137,96.94642639,41.40426636,96.88095093,-55.71329498,74.11706543,461.825603,-2.657738209,-134.4158875,10.22470284,-53.04018021,95.11508179,0.000683175,3.444489006,0.315151524,-53.90625,-52.85937881,-55.43750127,144.356976,0.04458,47.90625381,51.23437691,48.25,215.4687494,0.011020787,1.339780352,28.01031537,50,47.56249809,380,-44.34375,-41.859375,-48.625,-56.40625381,-54.82812881,-70.46875,3.551475636,3.9688019,3.816612597,-93.43750763,-69.87026215
aspiny,-35.30338287,524.7216187,10.92370605,525.3513184,-53.83891678,519.3029785,341.6765476,-11.05010891,-268.6059858,-10.56670856,-53.5924263,525.9588623,0.000275112,1.272403663,0.602008955,-55.53125381,-55.72916921,-58.92500305,86.913328,0.03281,11.00000095,17.39583397,20.53750114,63.28105927,0.136888489,3.290817024,5.428260973,330,334.9583333,870,-32.03125381,-31.72916667,-42.69375076,-55.68750381,-55.92708588,-76.2062561,1.126198239,1.170295395,1.261354842,-92.40625763,-75.26003265
aspiny,-31.02946472,66.06428528,13.50357151,65.375,-44.60982132,51.98928452,91.71202167,-11.33928585,-45.81493537,-4.17232132,-42.30982208,61.31071472,0.001424,1.946483321,0.097386332,-45.81250381,-44.31250381,-48.32500076,528.195552,0.01496,20.0625,15.00000095,20.85625076,264.6874785,0.007667801,2.415667968,16.41201481,30,29.5,260,-35.09375,-33.53125381,-35.61250153,-46.03125,-45.15625,-60.93750305,2.510077353,2.165596522,2.925273159,-94.40625763,-60.54540253
spiny,-36.71628189,189.8157959,28.56743431,189.8322296,-54.01973724,134.4177704,269.4754703,-11.11019707,-96.78331522,1.739309192,-46.43091965,185.1578979,0.000816447,2.79987904,0.204470218,-47.25000381,-50.26041921,-50.82292048,178.199488,0.0344,27.5625,35.19791921,27.08333397,225.9375006,0.025083082,1.520083328,17.3646342,90,99.20833333,520,-37.93750381,-36.88541794,-49.40625127,-51.87500381,-54.73958588,-77.27083842,2.651224317,2.633821389,2.864418647,-93.68750763,-77.0405426
spiny,-36.40423203,281.6290283,26.64112854,282.0765991,-50.41935349,190.4878998,206.4492639,-6.651209831,-63.01189806,9.822580338,-39.20564651,272.0604858,0.001037419,3.290433027,0.112235982,-40.87500381,-45.58594036,-48.33125305,164.671056,0.03436,27.125,35.89843941,30.74375114,105.22829,0.19892247,1.370425984,14.32539271,160,85.96875,930,-38.90625,-41.38281345,-43.09375229,-51.4375,-54.23437881,-69.68750458,3.645381288,3.792440535,3.280564981,-82.3125,-68.96858215
aspiny,-34.67279434,191.0094604,24.60924339,190.2079773,-48.95220566,155.989502,204.1987387,-2.433035612,-71.78501841,-1.232405424,-47.35556793,180.385498,0.000943866,2.860137885,0.33130845,-50.90625381,-52.06250381,-57.50625229,338.230464,0.008185,28.28125191,27.9270846,35.92500229,214.8437947,0.032412529,3.5009664,9.725434553,120.0000076,89.16666412,360,-34.59375,-32.87500127,-38.10000229,-51.62500381,-53.0833346,-66.77500153,2.525407442,2.495055676,2.631254348,-88.34375763,-65.23297882
aspiny,-33.50931931,351.0953979,14.99150181,352.2675476,-56.32072449,346.4057007,197.7937688,-2.116776228,-196.6103879,-11.2722044,-55.90213776,352.3815918,0.000501667,0.972077098,0.0519156,-63,-50.71631041,-63.63125153,265.0048,0.009385,32.65625381,32.17722328,36.78125076,210.5356157,0.043712422,1.163294336,14.11849577,230,124.6283661,530,-39.375,-36.06260131,-43.48125,-63,-54.58113716,-70.65625153,1.263814411,2.86741523,1.298709398,-90.84375,-69.74590302
aspiny,-39.52598953,240.1386108,25.53186798,240.0625,-48.48947906,209.0816803,213.7345047,1.44028461,-65.06566817,5.364325523,-46.83601379,231.8434448,0.001004851,3.361985114,0.51964287,-50.68750381,-51.76041794,-54.80357306,286.742784,0.04804,31.43750191,27.75000127,30.74553762,174.6874154,0.034908909,1.97443712,9.703673495,150,124.1666667,489.9999695,-39.75000381,-38.40625381,-43.46875109,-51.28125,-52.94791921,-76.92410932,2.755678313,3.495518489,2.229426589,-95.59375763,-76.83307648
spiny,-39.64552689,633.4705811,21.28707123,634.7855225,-49.67034149,507.8259888,169.8458889,-1.640012264,-61.79026965,6.731311321,-40.93259811,600.4644775,0.001120245,2.672654119,0.155555595,-46.84375381,-47.95833588,-53.08125153,106.392456,0.032215,35.875,36.87500254,37.62500305,69.21879202,0.173849255,2.47509888,11.50261634,370,198.5000051,1410,-45.81250381,-41.38541794,-57.11875229,-55.40625381,-56.50000254,-81.13750153,3.314273098,3.285163629,3.433132031,-88.1875,-80.28017426
aspiny,-30.65992737,80.95587921,13.02389717,80.08087921,-51.37132263,70.87867737,144.2167613,-8.909926414,-87.13402127,-8.395220757,-49.76194763,77.77941132,0.000832353,1.640676823,8.77E-18,-53.50000381,-54.2395846,-62.60937881,405.711744,0.0362,19.84375191,34.47916921,14.04687595,371.8753457,0.02822547,2.009611264,39.54946547,110,25.375,479.9999695,-36.03125,-38.38541921,-43.31250191,-53.65625381,-54.30208588,-72.03125381,2.064508321,2.298118518,1.702657543,-99.53125763,-74.09431458
aspiny,-30.74058723,181.7756042,38.64495468,180.7936707,-46.42168808,136.871994,325.5748553,-4.149849415,-102.9171256,16.67846298,-43.33885574,175.1114502,0.000789398,3.155177795,0.258527697,-46.53125381,-45.51041921,-54.60625229,248.4624,0.01786,43.9375,45.3645846,47.41875381,154.9105942,0.038354225,1.959793792,8.579200301,110,94.66666667,410,-31.93750191,-32.32291921,-39.65000076,-46.59375,-45.56250381,-73.28125153,3.100043564,3.223111856,3.5584139,-90,-73.18910217
spiny,-33.7265625,109.875,27.97851563,109.078125,-51.90429688,75.625,172.9255013,-8.048828125,-62.14343916,6.1640625,-43.8515625,102.703125,0.00113,2.783814231,0.175709581,-46.12500381,-45.93750127,-49.35416921,293.80272,0.0447,41.59375381,45.19791794,41.60937818,301.5625477,0.141569629,2.524564736,31.50149577,60,56.79166667,670,-33.68750381,-33.5833346,-41.82812754,-51.62500381,-51.58333715,-72.80729548,2.953323075,3.012436742,2.912542671,-100.8437576,-72.11582184
aspiny,-38.76874924,46.671875,15.484375,46.69374847,-58.28437424,44.74687576,279.7750353,-13.99140644,-174.2152247,-8.026562691,-57.93671799,46.71875,0.000495,1.605271582,0.444333327,-59.65625,-57.48437691,-61.8715299,330.5536,0.02216,17.84375191,12.04687548,17.54861196,310.7813001,0.155492008,1.137104128,27.60024595,30,24.25,300,-41.03125381,-42.09375191,-43.83333503,-59.75,-57.56250191,-63.55208672,1.629306701,1.692190686,1.666773003,-97.90625763,-62.98135376
spiny,-41.11266327,68.09539795,39.86019897,67.91447449,-60.19078827,53.12828827,381.9987598,-7.989309311,-118.3294449,8.211348534,-53.80345535,66.49013519,0.000812632,3.22931128,0.290322579,-53.125,-52.11458715,-53.50000381,332.505536,0.03358,42.15625381,42.3645846,40.17500153,353.7498713,0.040068459,1.318648448,25.8046261,29.99999809,37.58333333,380,-38.56250381,-37.68750381,-44.06875229,-58.59375381,-56.71875381,-71.80625153,3.27471479,3.262995793,3.41409154,-97.21875,-69.76524353
spiny,-36.1366272,109.8255844,41.6235466,109.5784912,-51.2456398,89.64825439,362.3997502,5.189680099,-116.8114275,13.3074131,-45.22674561,107.1773224,0.000696512,3.100738389,0.186829279,-47.28125381,-47.85416921,-52.81250381,141.152544,0.029705,46.03125,46.68750254,46.90625229,136.7187947,0.087722898,2.32915584,15.96117199,70,65.12500127,540,-37.37500381,-37.51042048,-45.23125229,-53.78125381,-52.91666794,-61.97500153,3.539098452,3.593753017,3.566169824,-75.96875763,-61.49115372
aspiny,-37.5680809,151.5372009,12.16182995,150.5535736,-49.19010544,116.2886887,191.962014,-16.4375,-72.16635656,-11.24776745,-47.4944191,143.9002991,0.000865238,2.664363453,-0.020270267,-51.28125,-52.11458588,-54.90625381,455.143616,0.03194,14.28125095,18.3958346,14.18750095,338.5936618,0.03369708,1.299965824,36.36426018,29.99999809,29.4166673,340,-42.15625381,-43.16666794,-49.4375,-54.25,-54.50000254,-66.28125,2.596848255,2.599305403,2.158379347,-96.78125,-65.18809509
aspiny,-39.61198044,118.2604141,20.8671875,118.5833359,-62.95312881,96.10416412,247.4561118,-3.231770754,-204.5001611,-9.580729485,-60.59895706,118.625,0.000510833,1.175987346,0.050000004,-59.93750381,-58.85417048,-59.89844036,253.042464,0.032695,37.8125,32.13541857,35.72656441,324.2187798,0.185133472,1.381817728,36.47559162,70,52.87499873,270,-42.5,-39.22916794,-45.04687691,-60.03125381,-58.92708715,-72.05468941,1.651906629,1.518885136,1.594395453,-98.84375,-71.40005493
spiny,-32.50169754,546.8532715,16.05808449,538.8736572,-48.13383102,415.1494446,133.7815815,-6.019361496,-72.3100317,-3.044497252,-42.87805557,525.2363892,0.000902391,1.800548309,0.015530305,-47.90625381,-42.17708588,-54.33125153,122.495016,0.01932,26,19.98958429,34.70000076,144.0625787,0.102740124,1.389071872,15.80922291,330,332.6666667,959.999939,-33.53125381,-27.47916794,-48.46875381,-48,-45.72917048,-79.40000153,2.256931231,1.423211228,2.806870772,-94.03125,-78.93416595
spiny,-37.48519897,260.7697449,26.84704018,259.3223572,-53.97697449,174.4605255,173.6276009,-2.735197306,-60.45773476,10.77138138,-44.29769897,243.2565765,0.001165263,2.832902346,0.016638369,-46.46875381,-45.75000381,-46.35937691,144.826192,0.04304,33.31250381,34.625,33.96875095,134.2187524,0.06532076,1.522279296,27.50342527,130,174.375,1500,-39.90625381,-37.21875381,-43.64843941,-51.78125381,-51.46875381,-73.71875572,3.518211951,3.37706207,3.555229737,-89.78125763,-73.39523315
aspiny,-37.93145752,971.6220703,8.74724865,973.7904663,-57.85573959,973.4182129,286.9162044,-12.6371851,-228.3564676,-13.19138145,-57.72789001,975.8769531,0.000346203,1.255584421,0.644777481,-61.62500381,-56.45312881,-61.87500254,61.277,0.005375,12.25000095,10.15625048,22.4166673,59.59827825,0.049795117,2.266042624,5.489539575,570,703.5625,930,-41.28125381,-31.14062595,-45.73958524,-61.75000381,-56.59375381,-68.74479167,1.315380764,1.012080654,1.318338785,-80.12500763,-69.27022552
spiny,-36.46780396,113.6893921,33.15246201,113.632576,-51.62405396,81.73106384,191.1120767,-1.355113626,-51.65476283,17.78030396,-44.25473404,108.6363602,0.001327273,3.703636635,0.138850174,-45.15625,-45.66666794,-48.78125153,265.36656,0.024,35.25,38.01042048,36.48125153,268.7500119,0.055557538,2.03709312,29.82170744,70,61.4166654,499.9999695,-37.75000381,-35.26041794,-42.03750229,-49.31250381,-52.01041794,-63.72500381,3.647537601,3.633200486,3.648735367,-92.59375,-63.13568115
aspiny,-31.21180534,97.80555725,20.54166603,96.75694275,-47.51215363,64.1875,176.9421515,-7.583333492,-75.45219708,1.237847209,-43.87326431,92.8125,0.000897778,2.269541531,0.016704805,-49.4375,-44.44531536,-54.29464449,293.839712,0.00994,29.25000191,22.34375167,36.26785878,310.1563752,0.083736643,1.55309568,29.05633479,60,73.28125,230,-38.50000381,-28.45312548,-41.22321592,-49.84375,-44.55468941,-62.99107579,3.032551356,1.970109601,3.167028741,-95.31250763,-61.97408295
aspiny,-29.24090958,148.2772675,31.16875076,147.3818207,-46.50681686,115.7613602,202.9947757,-3.659659147,-73.53027995,8.986931801,-43.47840881,141.6954498,0.001046091,2.72845945,0.14433857,-47.21875,-44.71875254,-50.71875254,242.199296,0.01182,44.1875,37.94791921,44.46875254,209.5313221,0.082701378,1.39689152,13.75843543,90,93.41666412,340,-40.21875,-32.4375,-42.41667048,-49.40625381,-44.81250127,-71.20833333,3.625178971,2.861311995,3.555000501,-95.50000763,-71.15909576
spiny,-38.62246704,351.1486511,28.02998352,350.7229614,-52.48015213,276.9966125,274.6292125,-4.002955914,-77.7412683,9.465372086,-48.93370056,334.2449341,0.000897568,3.577687083,0.146212122,-48.40625,-49.68750127,-53.5260423,226.322288,0.028235,30.28125191,32.29166667,33.81770833,171.5625376,0.038417745,1.242255232,15.7470056,170,87.125,560,-36.90625,-35.1875,-47.98437564,-51.375,-56.13541921,-68.21875,3.098691821,3.004842702,3.344744689,-85.87500763,-67.61100006
spiny,-38.07219696,254.1853485,36.33405304,253.8491364,-55.48599243,181.0948334,324.5166262,1.068965554,-79.10490592,13.76939678,-48.07543182,244.8146515,0.000920862,4.113275305,0.195067788,-48.03125,-51.125,-51.51041921,264.328544,0.05846,39.0625,41.28125191,40.76562691,171.0939556,0.031834062,1.419233408,21.52857417,110,64.75000191,870,-37.21875381,-39.96875381,-48.16146151,-53.15625381,-57.53125191,-77.05208333,3.926669384,3.5826478,4.223584768,-93.15625763,-76.18082428
aspiny,-32.75,71.04412079,32.89338303,70.66912079,-54.61397171,62.15441132,234.7615222,2.799632311,-105.2923543,11.01838207,-53.25551605,69.35294342,0.000811765,2.220281598,0.14266998,-53.78125381,-54.3020846,-59.40000305,342.838368,0.0345,34.34375381,36.36458588,35.76250076,393.7500417,0.07825058,1.227956864,37.53271798,40,34.41666603,310,-30.81250191,-33.3333346,-39.78750076,-53.84375,-54.67708588,-64.19375,2.15800232,2.314141623,2.325537836,-100.1562576,-62.13794708
spiny,-30.82513237,128.002655,36.99866867,127.9813843,-48.19015884,103.5159607,301.8462181,1.080452085,-118.0691128,14.03789902,-37.18218231,126.7606354,0.000645638,2.555606187,0.202618005,-38.40625381,-41.27083588,-46.43750191,216.237088,0.06665,37.65625,41.8333346,43.50000191,178.5714328,0.130529895,2.611904768,20.91998148,70,82.625,820,-30.87500191,-31.89583524,-44.51562691,-53.62500381,-51.09375254,-71.40625381,2.520894012,2.733335375,3.093273667,-88.40625763,-70.25778198
aspiny,-34.00312424,204.9649963,28.40125084,204.3000031,-46.98937607,148.6000061,241.252058,-5.81125021,-104.0389994,7.846250057,-43.10187531,200.7324982,0.0007364,2.295510726,0.038636363,-50.40625,-47.09375127,-53.81875305,292.76976,0.01102,33.68750381,32.625,33.91875153,180.7813197,0.11896047,1.240722688,13.42462898,110,121.4166641,310,-42.78125381,-35.70833333,-48.15625229,-50.5,-47.27083715,-71.11250305,2.737928308,2.391655783,2.832376425,-90,-70.44194031
spiny,-38.56966019,324.346344,28.97135353,323.9010315,-54.92512894,237.9609375,268.8815095,-2.73828125,-94.14296197,10.26822948,-44.48632813,312.8802185,0.00073375,2.856824535,0.134138656,-48.65625,-46.60416794,-53.27678898,114.206328,0.034465,31.78125191,33.71875,30.6696434,146.7187554,0.047880471,2.114185472,20.80988335,190,88.79166667,1120,-39.84375,-37.90625,-49.57589558,-54.21875,-57.26041794,-76.46875218,2.982336686,2.79984344,2.93262317,-92.8125,-76.08037567
aspiny,-38.86023712,249.044754,15.16340065,249.7952881,-61.01218033,249.6128235,288.1396911,-8.3919487,-210.5328728,-10.56958389,-60.82408524,250.4472961,0.000425265,1.366694402,0.802083348,-64.03125,-56.53125127,-63.02604612,154.334944,0.01066,22.125,7.729167144,22.26562627,156.8749994,0.063385829,1.410144384,11.50238242,150,194.7499949,509.9999695,-41.15625,-28.39583333,-45.53646024,-64.21875,-56.63541921,-71.04688009,1.401688657,1.026248934,1.533255785,-99.96875,-70.54649353
spiny,-35.79812622,449.5249939,32.29624939,447.9649963,-51.14312363,327.3775024,242.5106602,1.502500057,-45.47404697,19.01812553,-45.54875183,405.0849915,0.0014408,5.39502691,0.002463192,-45.03125381,-47.58333588,-53.33125229,197.796528,0.10863,33.1875,36.41666794,37.50000229,151.562646,0.038672365,2.801668352,22.38129423,130,73.49999746,1130,-33.40625,-37.60416921,-47.69375229,-54.25,-57.04166921,-79.08125305,4.815330821,4.534321212,4.96944377,-92.21875763,-77.83813477
aspiny,-32.98898697,165.0785675,26.60386848,164.4892883,-48.89791489,142.5726166,263.1185108,-7.916071415,-109.0257344,3.619940519,-47.25267792,161.180954,0.000727238,2.370906495,0.042953028,-53.00000381,-51.4270846,-56.94531536,330.290336,0.0125,34.90625381,36.59375127,46.00781441,191.2946701,0.098632343,1.556870144,8.634104038,100,88.04166667,320,-34.96875381,-34.92708715,-46.61718941,-53.06250381,-51.46875254,-77.7890625,2.641128603,2.623055054,3.491654486,-99.6875,-77.47096252
spiny,-36.6984024,161.4026184,29.1493454,160.4651184,-52.6893158,134.9375,226.4562696,-1.912427306,-85.55008295,5.614462376,-49.1515274,156.0901184,0.000893721,2.646184794,0.308342023,-49.84375,-49.21875127,-53.65625163,240.612736,0.02068,32.50000381,35.47916794,33.08482197,301.5624881,0.020547695,2.38434176,24.7832393,70,36.70833333,350,-36.78125,-35.4583346,-44.56250163,-52.125,-54.26041794,-66.03125218,2.624051499,2.745453808,2.986480909,-100.03125,-66.18519592
aspiny,-34.96179962,660.6781616,14.82158089,662.0497437,-54.24071503,661.5647583,330.5816793,-7.635247707,-275.7825181,-9.081270218,-54.08025742,663.6304932,0.0003,1.199382821,0.66108916,-53.31250381,-53.03125254,-58.95000229,89.818896,0.077545,10.15625095,14.48958429,25.28750114,81.87496662,0.058627158,3.956348416,6.761502688,410,375.875,790,-28.28125191,-27.41666794,-42.41875381,-53.37500381,-53.23958715,-70.81875305,1.008617393,1.024918115,1.240229243,-88.78125,-70.46225739
spiny,-35.58159637,332.1041565,37.44184113,330.965271,-53.71180725,246.222229,277.4339192,4.077257156,-65.24852499,23.16666603,-45.18055725,319.1423645,0.001140556,4.251598016,0.073636371,-47.50000381,-46.54166794,-51.70833588,100.65792,0.13236,43.12500381,41.72916794,45.85416794,100.0000015,0.078755595,1.486249472,25.45816099,150,127.6249975,1600,-36.90625381,-36.8333346,-50.54166921,-56.875,-55.45833715,-78.87500509,4.262214514,4.48442399,4.71564888,-90.56250763,-78.41981506
aspiny,-34.60178757,525.3442383,6.32520628,526.5005493,-50.25631714,516.6491699,205.885453,-14.1054945,-125.7528161,-11.01675797,-50.00920486,524.7755737,0.000503604,1.637917865,0.792293831,-55.65625381,-55.37500254,-63.29375381,140.16848,0.0135,9.46875,12.5104173,29.43750114,80.62492311,0.02216401,2.23867264,5.500910261,310,351.2916667,462,-39.21875381,-31.44791921,-46.15625229,-55.81250381,-55.63541921,-81.40000153,1.480618776,1.211837589,1.553877767,-100.1562576,-80.19825745
spiny,-35.27083206,234.4036407,40.20703125,233.9791718,-53.90104294,187.7213593,396.5284817,2.771484375,-69.51341185,18.97460938,-47.87760544,220.3072968,0.001010833,5.729879317,0.130350195,-48.21875381,-51.47916794,-55.91667048,217.212048,0.07262,43.18750381,42.87500127,45.51041921,154.6874195,0.076294936,1.098060544,25.11511556,110,58.58333333,1050,-35.06250381,-36.75000127,-47.44791794,-55.78125381,-59.93750254,-75.08333333,5.235702929,4.866554196,5.340888046,-91.65625,-73.97925568
spiny,-34.12321472,263.2035828,31.13303566,263.3535767,-54.31874847,192.0107117,292.4953509,-1.331249952,-87.26974421,10.85714245,-48.31339264,254.5821381,0.000827571,3.36047029,0.208157895,-47.65625,-48.19791667,-52.73750229,210.079488,0.043385,27,29.18750064,27.05625038,223.437503,0.012042529,2.424769024,31.50161016,90,77.16666667,730,-33.46875,-32.17708397,-43.49375076,-51.59375,-54.28125254,-72.82500153,2.861708223,2.776363116,3.043589076,-95.65625,-72.13488007
spiny,-37.58000183,177.2899933,30.86874962,176.1750031,-53.48500061,128.3500061,235.751498,-3.849999905,-58.51925642,13.99625015,-45.23875046,166.0449982,0.001169,4.04838248,0.179113936,-47.59375381,-47.0208346,-52.97916794,201.156832,0.061335,35.62500381,40.3958346,39.71875254,208.9062482,0.073339283,1.139851392,27.61657331,70,58.5,770,-37.40625,-37.41666794,-46.55208588,-53.65625381,-55.45833715,-74.92708588,4.196750576,3.982813416,3.957265014,-94.96875,-72.98851776
spiny,-40.95218277,222.1536102,11.6714983,219.1566315,-52.72176361,185.690506,125.7697462,-11.89570808,-49.40196053,-2.22307992,-49.81231308,210.1987915,0.001263614,2.450153038,0.210416681,-57.46875381,-54.22917048,-62.03125229,215.529984,0.04086,25.6875,31.54166794,32.53750076,184.0625703,0.158074707,1.757286912,15.3981805,110,92.83333079,499.9999695,-39.71875,-36.56250127,-50.26250229,-57.90625,-55.04166921,-74.18125305,2.55724264,2.435049376,2.573890839,-94.09375763,-73.28122711
aspiny,-43.97598267,338.4576416,16.76666641,339.5928345,-60.42482758,340.0838013,368.4416635,-12.29224491,-271.8593823,-7.785127163,-60.26446915,340.9571838,0.000348,1.355540528,1.175273129,-61.59375381,-59.35937691,-61.63281345,201.548544,0.01648,14.34375095,19.73437595,20.37500048,114.3749952,0.056233346,1.402064384,8.309908233,200,219.8749924,520,-40.71875381,-38.93750191,-48.70312595,-61.71875381,-59.453125,-78.12500191,1.207685827,1.322800846,1.464766943,-90.81250763,-77.6397934
aspiny,-40.73633194,576.3900146,14.30199146,577.170166,-64.96875,576.7470093,387.0237711,-10.50410843,-356.1526772,-13.76517105,-64.85584259,577.8631592,0.000276106,1.08730656,1.21780338,-65.00000763,-59.89583588,-65.13750153,152.475808,0.00894,16,13.2604173,22.70625153,95.46886384,0.066905156,1.159198464,6.591165547,370,306.0416667,700,-34,-31.21875064,-46.60000229,-65.00000763,-59.96875254,-77.6500061,1.000824084,0.978187124,1.170207738,-87.875,-76.94194794
aspiny,-37.63027573,220.3100586,20.40097427,219.7272797,-54.16639709,201.3538971,274.8612804,-8.485795021,-154.7071148,-4.767045498,-53.27434921,216.9512939,0.000538442,1.765652668,0.027186469,-57.68750381,-57.15625381,-60.56875305,237.05464,0.04752,21.9375,28.4166673,28.55000153,207.8124881,0.000485545,2.346608896,17.43614434,100,139.8333333,620,-45.09375381,-38.16666921,-45.81250153,-57.81250381,-57.25000381,-75.14375153,2.019697953,1.783313169,2.021005863,-96.46875763,-75.16747284
spiny,-43.74644852,403.2613525,25.28018379,401.4474487,-59.03728867,306.4701843,260.086613,-9.852272987,-63.87868971,4.353693008,-54.3817482,375.7627869,0.001123636,4.098694294,0.212341766,-53.59375,-54.02083588,-59.00781536,206.467488,0.02079,28.28125191,34.07291667,34.11718941,146.874994,0.027880743,1.24264448,16.9137773,209.9999847,86.91666667,390,-39.0625,-37.19791921,-51.54687881,-57.28125381,-60.58333588,-83.97656822,3.583612327,3.753100636,4.222060457,-90.40625763,-82.72481537
aspiny,-37.88381577,590.0064087,18.427351,590.0758667,-53.90598297,467.8312073,245.2076996,-7.050213814,-68.4597642,-12.75454044,-50.37366486,549.7254028,0.00087906,3.640209554,0.170311867,-54.90625381,-55.2395846,-68.73125153,102.521304,0.090435,19.90625,23.0416673,22.70000038,61.56245992,0.032145012,3.287362816,6.898575509,350,310.2916667,1140,-35.84375381,-35.85416921,-45.08125076,-56.46875,-57.32291667,-81.61250153,3.694129939,3.879247627,2.120207055,-89.3125,-80.84480286
aspiny,-36.99479294,411.7897339,13.36862659,414.3678589,-56.89933014,416.5098572,250.7130681,-7.474849224,-176.0973309,-10.3185997,-56.67811203,417.2143555,0.000469671,1.409829643,0.921106456,-55.90625,-50.71631041,-64.03906155,235.132144,0.0111,10.09375,32.17722328,19.89843798,123.4375015,0.02198589,2.365577728,5.905447787,250,124.6283661,550,-30.28125191,-36.06260131,-42.765625,-56.03125,-54.58113716,-82.390625,1.203992452,2.86741523,1.527795546,-99.8125,-81.43588257
spiny,-41.36666489,377.4666748,35.54583359,377.4041748,-57.78853989,262.9500122,333.4585452,-3.415625095,-94.6567297,10.6677084,-50.45104218,372.25,0.00085,3.546388789,0.072440539,-50.875,-50.58333715,-52.65000229,118.516856,0.040275,40.1875,44.46875,44.31250153,132.0313215,0.028946141,2.350661632,14.11066466,170,118,900,-38.81250381,-36.20833588,-47.45000305,-56,-54.05208715,-79.88750458,3.433501804,3.385504106,3.94297259,-93.84375763,-79.46175385
aspiny,-34.95878983,227.5429688,19.10097694,227.328125,-48.49433517,194.2578125,186.4342321,-9.325976372,-43.6849889,-2.77167964,-46.62324142,214.0078125,0.001395375,4.333918353,0.246476971,-51.56250381,-51.61458588,-56.26875305,332.413088,0.0353,23.03125191,24.65625127,29.63125153,198.2812881,0.065915249,1.173507456,12.70910348,110,97.29166667,700,-35.09375,-34.54166921,-38.63125076,-54.25,-54.37500127,-77.06875305,3.667926379,3.983010504,3.139489001,-98.84375,-76.46173096
aspiny,-33.77440262,544.0657959,19.65999603,545.2544556,-52.9905777,544.0636597,322.1117044,-7.864641666,-218.8419456,-3.246020555,-52.8097496,546.1353149,0.000396142,1.473417102,0.888889074,-56.65625381,-53.62500381,-59.12500229,122.260624,0.00662,24.37500191,17.75,27.28750114,95.00003606,0.004948229,1.094962816,5.355974872,350,300.125,540,-33.34375,-28.25000191,-40.825,-56.75000381,-53.6875,-69.76875153,1.430805286,1.30741971,1.484299491,-79.9375,-69.43003082
aspiny,-44.54053879,29.33896446,11.69876099,29.36148643,-52.74239731,26.89977455,276.9880729,-21.82066536,-113.2194347,-8.163851738,-51.28800583,29.29279327,0.000604865,2.446482355,0.533456003,-52.75000381,-48.95833588,-52.43125381,471.908608,0.01464,19.78125,24.37500064,20.45625076,393.7496543,0.204979837,1.107136512,23.87580761,20,30.95833333,260,-46.65625,-39.98958588,-45.62500305,-52.875,-49.09375381,-72.20000458,2.418570906,2.569621584,2.486543422,-104.6562576,-71.8508606
spiny,-32.01967621,349.069458,33.83102036,347.847229,-48.12673569,275.2523193,313.0405411,-1.037037015,-58.2100782,16.34490776,-43.33449173,325.7407532,0.001138148,5.476158359,0.190340908,-43,-44.8333346,-48.64844036,151.260384,0.04332,38.21875,37.5520846,40.88281536,136.2500042,0.007241463,1.661521152,22.36202195,190,110.625,999.999939,-31.0625,-30.97916794,-44.25781345,-47.9375,-50.18750127,-68.69531822,4.686287594,4.072426885,4.291247566,-84.0625,-69.09783173
spiny,-36.72844696,110.2887955,21.49568939,109.2672424,-53.48599243,72.38793182,196.3645622,-9.603447914,-74.61594071,0.673491359,-46.77478409,102.8836212,0.000913793,2.635039765,0.205737705,-50.75000381,-47.203125,-53.50000127,285.755872,0.021885,26.84375,34.03125,30.0729173,267.968744,0.162377104,2.899127168,26.09936377,50,36.3125,410,-41.65625381,-34.921875,-46.9270846,-51.6875,-54.5625,-73.71875,2.628682077,2.866944336,2.862891735,-103.59375,-73.15476227
spiny,-35.32260895,169.9779358,27.1295948,166.2022095,-51.95956039,137.6691132,255.6639564,-9.732536316,-89.31152472,6.584558964,-45.09420776,159.2867584,0.000810662,2.873537235,0.152976202,-49.34375,-49.07291921,-51.77083588,105.3152,0.05055,34,33.97916667,31.7708327,155.7812542,0.050771423,2.372375552,21.02639903,110,111.3333333,343.3333333,-36.15625381,-36.70833333,-44.54166921,-53.6875,-53.9583346,-81.44791667,3.054448847,2.773469328,2.965631408,-99.0625,-81.7539978
aspiny,-38.01445389,281.8441772,11.99518204,282.1629944,-56.23499298,276.2378845,279.8460558,-13.78345299,-168.7981019,-7.658728123,-55.49628448,281.8827209,0.000450132,1.657842307,0.552732114,-56.68750381,-55.16667048,-61.41875229,194.6516,0.04738,10.00000095,13.02083397,17.51875038,116.8750003,0.045248207,1.316355584,8.306214628,180,187.0416616,710,-34.46875,-32.27083333,-41.13750153,-58.18750381,-57.25000254,-76.02500458,1.541339646,1.48126246,1.663628133,-88.34375763,-74.80329895
spiny,-36.90416718,114.8708344,36.27604294,114.4250031,-54.02187347,80.32917023,325.7162973,-4.041666508,-107.9530223,13.11458302,-42.34166718,111.8791656,0.000718,3.020281478,0.18281251,-44.28125,-43.37500381,-49.10416794,171.58592,0.06025,36.75,43.92708588,40.4114596,197.9687065,0.12514241,2.345067776,27.16976396,70,52.75000127,800,-36.6875,-35.78125127,-43.42187818,-54.81250381,-56.60416921,-72.08333588,3.092075117,3.302139155,3.13204824,-88.875,-70.46936035
aspiny,-41.92464828,527.1848145,11.26034164,528.1963501,-63.49187088,528.0140991,307.8326886,-13.08546925,-276.3970407,-13.94634247,-63.40261459,528.8812866,0.000367362,1.113208669,1.740972222,-65.78125,-65.09375,-64.25625305,220.59136,0.00582,14.68750095,13.26562595,21.31875076,98.99550676,0.065719686,1.766720512,8.68457656,330,106.75,336,-37.59375381,-41.46875191,-48.34375153,-65.90625763,-65.18750191,-76.2125061,1.085279286,1.285407125,1.331843098,-88.90625,-74.57707977
spiny,-34.97936249,316.6297302,42.15035248,316.0518799,-49.53478622,244.9103699,351.9790077,1.510023594,-79.72901891,15.07252312,-42.20459747,304.6721802,0.000973585,4.479664718,0.143365103,-43.50000381,-44.7083346,-51.296875,155.22272,0.03362,48.21875381,49.46875254,47.75000191,117.4999624,0.238952532,1.362612096,14.48855886,170,116.3333333,870,-37.93750381,-38.4583346,-44.67187881,-52.875,-54.00000254,-71.328125,5.431431465,5.351165477,4.507808164,-82.28125763,-69.39667511
aspiny,-30.99584579,256.806366,14.25704479,256.3222656,-43.2232666,209.9132996,148.5618706,-13.10404587,-45.18651837,-3.059248447,-40.55960846,240.982666,0.001226936,3.345897946,0.20825893,-44.4375,-46.96875127,-54.43750095,279.318784,0.013,12.5,17.10416794,10.58593798,255.0000846,0.091756411,1.166056192,14.51889651,170,161.875,499.9999695,-32.03125381,-32.39583397,-32.6328125,-44.93750381,-49.04167048,-66.12500572,2.608794216,2.679065841,2.223032768,-91.65625,-64.3106308
aspiny,-38.63763428,49.52127838,40.55585098,49.34574509,-57.7413559,40.17287064,387.8985175,-1.783909559,-127.1409399,19.25066566,-54.3351059,48.56116867,0.000701702,3.057013091,0.464802627,-54.53125381,-53.60417048,-55.38021088,543.598592,0.01408,34.90625381,39.32291794,38.83854294,284.5313549,0.089890987,1.672601216,12.53267245,29.99999809,27.54166667,249.9999847,-40.62500381,-38.86458715,-41.97916857,-57.4375,-58.06250254,-72.37500254,2.974747245,3.195169945,2.940774049,-100.40625,-71.93649292
aspiny,-42.72184753,223.5328674,21.3380928,223.8216553,-61.93211365,221.8685303,380.7013504,-9.769935608,-255.0376394,-5.972252369,-61.70972443,223.7182159,0.000363728,1.493104877,0.749744324,-62.46875381,-62.20833588,-63.27500305,167.393152,0.01415,21.59375191,40.40625127,39.03125076,126.0938346,0.149191067,2.453997056,6.324776722,140,173.6666667,480.0000305,-38.71875381,-35.58333588,-42.32500229,-62.56250381,-62.38541921,-71.1812561,1.410649401,1.28982967,1.40431379,-98.125,-70.56990814
aspiny,-34.10942078,347.9715271,31.99468613,348.414978,-52.76459122,344.7528687,392.0150201,-0.396163553,-245.484958,3.156340122,-52.53152084,348.2892761,0.000382795,1.598167244,0.781225283,-54.90625381,-54.96875254,-54.86250153,143.034544,0.010855,33.53125381,34.7395846,30.01875,103.0803546,0.127682701,2.50927872,4.256212353,220,185.125,220,-33.65625,-30.1979173,-36.48125,-55.09375,-55.0833346,-68.525,1.555397755,1.462738169,1.587800579,-79.03125,-68.00962067
aspiny,-34.64814758,86.60648346,16.45254707,86.29629517,-57.22338104,74.09259033,199.6987209,-6.57060194,-142.1178394,-8.825231552,-55.60879517,85.03240967,0.000601111,1.39917664,0.538013699,-58.03125,-57.51041794,-59.26250153,298.512128,0.03386,23.34375191,28.09375064,23.91875,460.4912102,0.071308568,1.50516672,31.2324814,50,51.95833333,287.9999817,-39.6875,-35.52083333,-41.76250153,-58.15625,-57.66666794,-72.76875153,1.658066134,1.521967737,1.723265412,-99.03125763,-72.70537567
spiny,-36.18068314,439.1727295,32.23920441,437.7090759,-53.87443161,342.0477295,315.1792916,-1.927272677,-83.83595771,17.1926136,-48.06306839,408.2658997,0.000850545,3.77170096,0.117586201,-48.34375,-46.41666921,-53.38541921,203.237728,0.05352,35.71875,37.63541794,40.7395846,138.7500018,0.084124498,1.13788736,19.67787546,230,123.7083308,1040,-34.21875,-34.29166794,-49.34375381,-53.84375,-57.79166667,-76.33333588,3.628273224,3.465038242,3.482988131,-92.03125763,-76.10481262
aspiny,-39.96634674,118.6750031,27.84807777,118.3480759,-55.01730728,90.99807739,350.961661,-9.70432663,-111.7035207,4.637980938,-51.41009521,116.082695,0.000655923,3.135391036,0.077135301,-53,-50.66666921,-53.78750305,205.613552,0.01723,30.15625191,24.25000064,32.30625191,199.2188692,0.088618271,1.544067584,12.59578682,70,119.4999975,330,-42.46875381,-35.55208333,-46.53125229,-56.09375381,-51.20833588,-72.90000305,3.107663663,2.688759005,3.119979784,-93.71875,-72.16887665
aspiny,-34.75961685,147.7480774,12.13701916,147.0711517,-51.43413544,133.6000061,218.1841823,-11.81394196,-95.39938245,-6.436057568,-50.69855881,143,0.000665231,2.280377136,0.053571429,-55.78125381,-50.91666794,-57.29375076,324.741696,0.00701,25.15625,15.63541667,31.01875076,239.0625328,0.072596498,1.183537408,13.14953446,90,67.375,239.9999847,-37,-33.12500127,-42.85000076,-55.96875,-51.67708333,-61.61250153,2.254145355,2.216353215,2.378419376,-87.375,-61.57268906
aspiny,-31.05531693,236.2931061,4.828304768,234.7485657,-45.16774368,182.9540253,120.8898846,-15.04741383,-38.23036048,-8.975934029,-41.75143814,219.4985657,0.00122569,3.201071886,0.252807336,-45.43750381,-46.78125127,-60.35416921,213.415776,0.04162,6.5,12.88541698,6.942708492,164.6875441,0.004903133,1.113099264,9.510052862,140,152.3749949,520,-29.68750191,-30.82291794,-35.58854485,-46.34375,-48.21875,-69.13021088,2.698098225,2.957374979,2.043433559,-87.5625,-68.8334198
aspiny,-40.15896606,257.7880554,13.42527199,258.4402161,-57.36413193,213.0978241,272.4422203,-9.664402008,-158.35958,-8.73913002,-54.91711807,258.5760803,0.000479783,1.701338915,0.043028572,-58.0625,-53.44792048,-58.38125229,193.344608,0.008265,23.78125191,9.177083492,29.01875191,166.7186767,0.23050727,2.010267776,7.854751014,140,408.7499797,340,-42.46875381,-41.20833333,-48.06250381,-58.09375381,-53.56250381,-72.96875,1.781039193,1.710192569,1.776296217,-90.90625763,-72.03612518
spiny,-40.54069901,561.3052368,30.6119194,560.1395264,-53.03488541,384.9796448,272.4395687,-10.70566845,-66.15433748,12.5377903,-44.4534874,530.8197632,0.001073488,4.241465276,-0.015048323,-45.50000381,-44.6458346,-55.42968845,89.159736,0.06864,31.59375191,35.00000381,32.9609375,111.7187887,0.034876149,2.07666944,15.98478474,170,269.875,1200,-38.90625,-36.70833333,-45.72656441,-53.71875381,-50.8020846,-77.83593941,3.728768224,3.567379158,3.640646454,-89.46875763,-77.2467804
spiny,-32.57663727,292.4761963,28.84746933,291.0833435,-51.8102684,218.3095245,213.7892578,-1.263392806,-94.02259951,9.273065567,-44.75967407,284.1369019,0.000773929,2.270228992,0.040506329,-47.65625381,-46.88541921,-52.24375229,198.950144,0.03439,29.84375191,31.1979173,30.13750153,234.6876115,0.060717922,2.129826816,23.61102193,150,85.5,889.999939,-32.84375,-31.61458524,-42.23125229,-51.03125381,-54.94792048,-77.64375153,2.290638005,2.08626729,2.438873082,-98.37500763,-76.82647705
spiny,-40.24048996,424.5190125,27.95788002,423.7391357,-53.72146606,310.7554321,282.6127923,-2.984375,-74.82082958,11.17663002,-46.74388504,402.1902161,0.000893804,3.806644608,0.137754044,-47.21875,-46.42708588,-53.04375305,130.133128,0.043765,24.15625191,31.96875254,34.89375229,104.8437878,0.037169531,3.120292864,19.118749,230,115.3749949,1060,-41.09375,-36.37500254,-50.08125229,-52.5625,-56.16666921,-75.21875305,3.593368845,3.420615755,3.349328783,-86.46875763,-74.87526703
aspiny,-35.70049286,361.5323181,22.69066048,360.2050476,-54.4427681,276.4676819,273.0346997,-6.272120953,-70.58220552,-11.20470524,-49.99508286,343.209259,0.000879663,3.890929791,0.168232857,-50.5,-54.85416921,-64.36875381,113.847168,0.02132,22.87500191,24.79166794,28.38750114,103.2812521,0.033886161,1.237050368,7.082325809,220,213.5833435,444,-35.75,-34.84375127,-40.39375076,-55.90625,-57.43750127,-75.28125305,3.985795308,4.130689128,2.979600928,-85.43750763,-74.30473328
spiny,-35.19238281,163.1484375,37.45214844,162.3007813,-54.31542969,107.1484375,242.0546239,-6.985351563,-58.18918825,18.30078125,-43.55859375,149.296875,0.001287031,4.177959893,0.111111111,-46.65625,-47.67708333,-51.28571483,227.410944,0.06294,37.65625,49.78125127,40.08482361,167.3437506,0.022255495,3.686999808,25.22345431,90,60.29166667,969.999939,-36.4375,-37.44791794,-38.6830368,-53.125,-56.31250254,-80.47767966,4.375206837,5.06922647,3.970708234,-98.03125,-78.7549057
spiny,-37.95270157,78.23986816,37.89358139,77.94256592,-51.10303879,57.23648834,341.8071353,-4.37922287,-65.77608967,19.42398643,-44.18834305,74.9391861,0.001014054,5.203367691,0.139989119,-45.81250381,-45.89583715,-49.68125305,121.2268,0.04772,40.96875381,40.62500254,39.78750229,161.2500399,0.035212476,1.161459968,26.69958559,40,54.41666667,360,-38.4375,-37.5833346,-43.53750305,-53.06250381,-52.75000254,-59.65000229,5.194028019,5.079106652,4.519365082,-78.53125,-59.15356445
aspiny,-35.91111755,704.7878418,20.40302086,706.4870605,-56.96019745,706.1713867,336.0678296,-5.696415424,-233.1702289,-6.286344528,-56.7941246,708.3175049,0.000383071,1.444019076,1.209817072,-57.75,-56.94791921,-62.30729485,134.494944,0.007285,18.87500191,17.58333397,27.89583365,70.46890259,0.033808909,1.220782976,5.131863128,450,413.8333333,730,-29.21875191,-28.79166794,-42.32291794,-57.93750381,-57.07292048,-75.41667048,1.215433032,1.230502784,1.469792253,-83.40625763,-74.90222168
aspiny,-46.66401291,390.6604004,20.44602776,390.7158813,-67.71250916,389.5020447,380.3207414,-8.424070358,-351.2599781,-6.670570374,-67.62467957,390.3398743,0.000337841,1.081265357,1.811382976,-70.46875,-62.59375,-68.18229548,200.741232,0.00516,24.87500191,16.93750191,26.21354294,129.6873093,0.004271073,1.202962688,8.63054317,230,246.8749847,400,-48.78125381,-34.59375,-50.04687691,-70.59375,-62.6875,-68.33854548,1.112146484,1.073345743,1.179039814,-81.28125,-67.92973328
aspiny,-37.27453995,255.1365051,15.90222359,254.753067,-51.32208633,219.8021545,191.5062781,-9.745973587,-66.11562718,-7.858129025,-49.2971611,244.9700928,0.000972883,2.936955352,0.425399868,-52.03125381,-52.03125381,-61.58750229,221.303104,0.02306,13.62500095,22.28125191,26.71875153,152.6563317,0.031260364,2.05732288,8.132350568,150,153.875,640,-34.34375381,-36.75,-39.01250381,-53.53125,-53.78125381,-77.98125458,2.249568603,2.605594795,2.436681251,-93.46875763,-77.09942627
spiny,-35.1540184,344.9107056,38.36428452,344.0089417,-52.68839264,275.4464417,368.4779789,-2.279017925,-86.54847554,16.31205368,-46.85535812,328.5178528,0.000875429,4.305809936,0.176047909,-47.00000381,-49.3958346,-51.14375305,178.943296,0.05242,41.15625,43.50000254,44.30000153,124.1071224,0.018503722,1.782928768,18.67562497,190,130.4166641,1170,-34.21875,-35.66666794,-46.37500305,-52.65625381,-56.25000127,-84.13750458,3.979998487,3.817140903,4.384037898,-95.78125,-81.97232056
aspiny,-29.72219276,524.2374878,13.25683308,526.2385864,-48.20799637,526.4934082,228.2429005,-8.925052643,-162.5502214,-5.522669315,-48.05910873,528.2145996,0.000462305,1.404724457,1.068604805,-53.65625381,-49.50000254,-60.85417048,151.104384,0.00808,14.9375,9.145833969,13.28125,124.5311722,0.025635993,1.365889024,6.092747257,330,301.8333333,600,-28.75,-25.1770846,-35.14583333,-53.71875381,-49.61458715,-73.64583333,1.186662255,1.267851871,1.452485579,-86.87500763,-73.29554749
spiny,-37.94270706,139.7291718,39.125,138.6666718,-58.99479294,103.6041641,282.9044734,0.339583337,-62.49306366,14.47187519,-53.71250153,126.0500031,0.001290333,4.535063316,0.196153846,-55.28125,-51.60417048,-59.24375,334.118944,0.038845,44.3125,46.40625254,44.26875229,278.7947655,0.098568581,2.264308736,28.82387276,70,56.91666667,730,-36.56250381,-34.4895846,-45.89375076,-58.84375,-58.05208588,-76.92500305,4.314819126,3.880308046,4.044890222,-102.5,-74.10932922
aspiny,-42.03654099,129.0151215,19.84601784,128.8003998,-54.33669281,108.213707,275.8034506,-10.07081699,-91.55994282,-2.491179466,-52.890625,124.3114929,0.000729839,3.023700087,0.149285714,-55.87500381,-51.4375,-58.53125254,279.6384,0.007535,28.25000191,20.15625191,30.46875127,159.374997,0.067659967,1.061788672,9.288121883,110,113.5,260,-47.90625381,-36.46875,-49.01041794,-56.15625,-51.78125381,-73.34375,2.754241708,2.330918298,2.737122068,-92.6875,-72.20033264
spiny,-39.11280441,149.6402435,30.84832382,148.7347565,-53.685215,105.8353653,218.3616791,-11.75457287,-53.66256345,15.09756088,-47.27820206,140.3079224,0.001340488,4.09287097,0.156613763,-48.46875381,-48.2708346,-49.37500191,177.362176,0.05486,28.28125191,45.94791921,40.53906536,157.3437452,0.048263084,2.351580416,18.83258882,90,97.04166667,740,-41.09375,-40.06250127,-43.7890625,-54.46875,-54.08333588,-75.84375572,4.082371082,4.20471003,4.011965963,-93.28125763,-75.54875946
spiny,-31.29009438,253.6438751,26.71757126,252.41745,-45.78242874,188.820755,173.4946753,-3.795990467,-88.8470594,4.207547188,-39.24115753,246.0141449,0.000829057,1.943853836,0.152094674,-46,-45.35416921,-51.89843941,176.864752,0.03866,31,32.0416673,30.68750191,203.2811642,0.176023543,2.055872,21.50906584,130,147.0833333,710,-34.84375,-33.1145846,-43.46093941,-48.8125,-49.58333588,-76.20312881,2.237656925,2.107804174,2.144862845,-97.59375763,-75.46813965
spiny,-36.89162064,264.1861572,26.08710098,262.2659607,-53.37965393,199.6196747,257.441226,-11.3098402,-65.89927329,8.944149017,-44.82845688,250.7845764,0.000998298,3.931243725,0.165981021,-47.00000381,-46.86458715,-51.98750153,116.338568,0.07976,34.81250381,37.10416794,36.94375381,137.9687488,0.068169013,2.56022016,24.24221311,130,145.9583232,1310,-38.03125,-36.73958715,-51.10000229,-54.96875381,-55.62500381,-80.80000305,4.195805859,3.97157986,4.451093832,-95.15625,-79.88066101
spiny,-31.83728409,173.9568939,33.01508713,173.4827576,-49.67025757,124.5258636,263.7998304,-0.865301728,-71.75178588,14.43642235,-29.47306061,170.1508636,0.000828276,3.670507049,0.146919014,-35.65625,-33.78125127,-45.28125191,174.934304,0.05714,40.25000381,41.63541921,38.265625,153.4374207,0.070431523,1.154371072,17.67611833,90,89.54166667,860,-32.96875381,-32.39583397,-39.484375,-44.1875,-48.91666921,-74.50000763,4.008432555,3.755571277,3.703308419,-92.15625,-74.21127319
aspiny,-35.24826431,164.097229,30.31018448,162.9259186,-49.5057869,111.5717621,224.7458752,-9.039351463,-72.65174507,6.16377306,-44.20833206,156.9837952,0.001014444,3.066378452,0.009433962,-48.46875381,-44.26562881,-56.45000381,255.1596,0.01236,33,29.81250095,37.89375381,211.7188573,0.052994821,5.076388864,14.4474198,100,113.1874962,320,-37.15625,-32.67187786,-45.35625229,-49.75000381,-44.43750381,-75.00625,3.242820856,2.841883471,3.83465572,-98.40625763,-74.58429718
spiny,-38.227005,299.71698,33.3478775,299.7146301,-53.60377502,241.2570801,303.587919,-8.890919685,-81.88134127,15.39033031,-44.20518875,300.75,0.00089434,3.716300219,0.121205358,-46.34375,-45.92708715,-50.63125153,80.862096,0.09148,33.5625,36.8645846,36.25625076,87.18746156,0.047224056,1.211060224,19.29626468,190,191.625,1730,-38.96875381,-37.85416794,-47.15625305,-56.12500381,-54.01041921,-79.38125305,3.669870142,3.523345978,3.81620598,-87.93750763,-79.14630127
aspiny,-36.0591774,119.736702,17.44813919,119.9521255,-54.56981277,112.2420197,200.1769473,-9.61635685,-123.3666514,-6.480718136,-53.70944214,119.5797882,0.000680851,1.614631315,0.360044643,-57.09375381,-58.03125381,-60.61250305,272.594112,0.03302,21.375,31.421875,28.35625114,232.0313156,0.080714859,2.196750592,23.24448837,70,64.31249809,580,-39.93750381,-38.65625191,-43.26250305,-57.28125381,-58.12500191,-71.10625153,1.882505794,1.771129108,1.863448218,-97.3125,-70.61534882
spiny,-38.26640701,187.0281219,37.51874924,186.3156281,-57.73906326,138.5906219,358.0115241,-0.346093744,-112.9512637,12.81015587,-49.10625076,176.5375061,0.000731,3.171970251,0.178253437,-48.84375381,-49.12500127,-51.04687691,135.071536,0.060175,39.90625381,35.51041667,43.921875,150.3125727,0.012836304,0.937514944,19.99894487,110,117.7083359,1030,-36.28125,-36.14583588,-50.32812691,-57.40625,-56.13541794,-85.06250381,3.13302038,2.79303799,3.704824362,-97.37500763,-82.96838379
spiny,-34.07754517,180.2083282,21.33912086,179.8379669,-51.60705948,137.4305573,187.8727876,-7.505786896,-54.02775883,6.08622694,-46.83680725,164.8703766,0.001188148,3.44856136,0.17140411,-48.43750381,-46.52083715,-51.40625286,171.530176,0.02584,28.25000191,30.10416794,37.07031441,188.4376109,-0.00346537,1.226686848,34.82962911,90,35.9583327,550,-34.875,-32.68750381,-45.921875,-53.00000381,-54.64583715,-64.25000286,3.285759814,3.363504177,4.234701497,-81.62500763,-63.47499084
aspiny,-37.47688293,94.86129761,38.95933151,94.57191467,-54.20633698,80.89041138,434.0067149,-0.498287678,-164.1250904,17.04794502,-51.85616302,93.02054596,0.000538356,2.64744657,0.213157895,-53.62500381,-53.71875127,-56.21875153,228.66904,0.00784,38.53125,39.66666667,42.41875153,190.6248033,0.011939138,1.777566464,10.91277928,70,53.25,239.9999847,-38.53125,-37.53125127,-41.38125305,-56.37500381,-57.72916921,-64.05625076,2.567249861,2.639015174,2.410572335,-83.78125763,-59.88395691
aspiny,-40.75178528,456.9029846,8.358383179,457.2208252,-56.27748108,452.6478271,303.190068,-13.79002953,-227.9072145,-13.76572418,-56.04732132,456.8210449,0.000332397,1.333068639,0.817702936,-58.9375,-52.92708588,-60.30000076,124.348424,0.009485,4.21875,3.65625,17.49375038,85.26785672,0.046269629,3.00915456,5.371012395,290,311.3333333,630,-41.0625,-29.83333333,-45.925,-59.09375,-53.77083333,-76.31250305,1.32414886,1.058805819,1.384066972,-94.625,-75.49028778
aspiny,-43.78749847,46.84444427,42.41736221,46.6305542,-66.67708588,44.23333359,233.391861,8.127083778,-117.1872726,13.20208359,-66.43055725,46.26666641,0.001028667,1.98723679,0.325524472,-67.40625,-66.59375254,-67.8020846,318.735008,0.01323,39.375,49.8333346,50.8385423,358.3533764,0.123362198,2.120566784,23.58965443,20,18.79166635,200,-48.09375,-44.54166921,-46.0885423,-67.65625,-66.79166921,-68.546875,2.350017406,2.142121106,2.262525011,-100.1875,-66.24107361
aspiny,-40.08412933,268.6867371,12.40030956,269.2466431,-56.27008057,268.300354,311.63527,-13.30255699,-217.3545805,-8.942149162,-56.06940842,269.5038757,0.000381942,1.432918941,1.196292187,-60.625,-53.09375381,-61.10268184,231.520304,0.00718,20.78125,8.187500954,27.87500136,132.9687536,0.020407697,2.989959168,6.413851121,220,236.375,469.9999695,-42.15625381,-26.50000191,-44.50446647,-60.81250381,-53.21875381,-75.6741115,1.397600149,0.960596745,1.442874929,-90.125,-76.04382324
spiny,-29.13911247,246.5685425,25.9314518,243.6330719,-46.87399292,178.1411285,151.2006963,4.819556236,-68.37700184,9.379032135,-41.66431427,227.5322571,0.000973226,2.185708284,0.073475612,-43.9375,-42.2708346,-50.05208397,319.582336,0.026055,31.25,21.28125064,37.52083397,255.6250095,0.004573957,1.571454208,30.33937885,110,125.7083333,520,-29.1875,-26.34375,-40.17187691,-46.46875,-47.32292048,-60.0885423,2.177620268,1.686509798,2.663642561,-86.53125,-58.86502075
spiny,-32.1791153,117.7652435,28.10442162,117.2743912,-50.69816971,94.32012177,192.4083968,-9.587652206,-71.625394,6.427591324,-45.51524353,114.5274353,0.001095122,2.690777983,0.196153846,-52.50000381,-54.02344131,-57.48958715,313.991264,0.02402,37.78125381,42.27343941,35.72916921,301.0938168,0.113391995,1.14665408,27.41145868,50,38.68749952,479.9999695,-34.34375381,-35.11719131,-41.46875381,-57,-59.29687881,-69.88541921,2.615400377,2.928329344,2.916840105,-101.3125,-67.12754822
spiny,-30.68269157,164.759613,24.06931114,163.8926239,-50.89422989,134.8685913,184.5056845,-2.863381386,-98.408348,2.965144157,-48.54166794,161.3477631,0.000791026,1.867928522,0.325362319,-53.31250381,-51.06250127,-58.5677096,314.718912,0.02942,32,30.84375127,38.38541794,205.4688185,0.10858503,1.713606528,15.28538266,90,90.875,520,-29.81250191,-28.78125191,-41.19270833,-53.46875381,-53.0208346,-74.77083715,2.086775552,1.755051606,2.350509542,-98.71875763,-74.14639282
spiny,-39.63702011,84.06730652,36.31370163,83.77884674,-58.6875,63.96634674,388.0511937,-4.556490421,-88.47847212,12.83173084,-47.60216522,80.12980652,0.000836154,4.389273581,0.245965608,-46.68750381,-46.52083588,-49.98750381,199.609568,0.07116,38.375,41.23958588,33.73750229,174.5313257,0.030382793,2.48706944,21.39846922,50,60.0833346,830,-40.81250381,-38.6770846,-43.50625229,-56.56250381,-55.30208588,-82.46250153,4.462798258,4.657636425,3.995201158,-99.59375,-81.01634216
spiny,-42.4030838,415.6566467,30.28441429,413.0901794,-52.07318115,325.7056885,251.4463303,-3.142405033,-56.01904283,10.89675617,-45.53085327,386.1218262,0.001206329,4.552415028,0.148711942,-50.68750381,-52.42708588,-56.46093845,124.964032,0.10988,40.75,43.30208588,39.47656536,85.78132838,0.046508383,1.440605696,23.74063532,210,215.7083333,1150,-44.84375381,-45.53125127,-49.60937691,-56.71875,-57.46875127,-78.77344322,4.375602184,4.492002514,4.275838991,-87.93750763,-78.32981873
spiny,-38.09263229,150.8125,41.8024559,150.8794708,-53.1830368,109.125,314.0397656,-5.003348351,-87.39165255,16.890625,-43.875,146.4508972,0.000943929,3.597451103,0.165401792,-45.65625381,-47.14583333,-47.67500229,140.3648,0.047135,43.59375381,54.46875254,53.90625229,141.7188346,0.021850066,2.486076416,19.65435925,90,104.0000025,144,-39.96875,-38.00000127,-46.42500305,-51.25000381,-51.51041794,-74.38750305,3.527447383,4.126082789,4.573775093,-89.5,-73.44393921
aspiny,-38.66840363,32.52083206,25.31770897,32.40972137,-58.70833206,28.83333397,261.493155,-7.505208969,-149.7682234,-4.819444656,-57.68923569,32.09722137,0.000615556,1.744967469,0.314223194,-58.28125381,-56.41666921,-60.83594036,325.33264,0.03264,29.09375191,21.36458524,26.22656393,306.8749607,0.093931913,2.135949568,30.87541809,20,23.91666667,320,-40.03125,-38.85416794,-43.73437691,-58.375,-56.8645846,-65.3828125,1.856299785,1.877918198,1.785008452,-100.5625076,-64.59527588
aspiny,-38.3549118,70.49107361,20.2790184,70.4732132,-55.29018021,56.0625,215.9154918,-9.424107552,-80.38149627,-2.060267925,-53.39731979,69.24107361,0.000895714,2.66174316,0.03392414,-55.53125381,-54.21875381,-56.93750381,291.40352,0.0126,27.78125191,26.50000191,33.07812691,259.3753934,0.069674864,1.430015744,15.52109128,40,30.75,239.9999847,-40.21875,-38.25000381,-43.17187691,-56.03125381,-55.03125,-65.23437881,2.998585827,2.828300996,3.301795384,-85.21875763,-63.46687317
aspiny,-36.16028595,539.6043091,17.52443123,539.9897461,-56.60687637,537.8036499,313.949311,-8.799204826,-225.6938863,-6.001363754,-56.43897629,539.3152466,0.000401309,1.394667531,0.852472504,-57.4375,-58.00000381,-60.56250381,165.76944,0.24044,17.65625,23.0208346,27.56250143,67.34386086,0.04561111,2.074107776,4.622945435,350,239.6666616,900,-32.03125381,-32.95833333,-43.76562691,-57.59375,-58.12500381,-82.375,1.20208787,1.327769897,1.461411268,-89.12500763,-82.3871994
spiny,-39.38888931,93.97222137,43.03125,93.50694275,-60.36805725,67.52777863,396.8590773,2.600693941,-105.1060221,21.14583397,-48.98958206,86.625,0.000718889,3.72762894,0.154140381,-46.93750381,-48.87500127,-51.33125229,150.04936,0.07504,46.34375,45.57291667,47.60000153,193.2813674,0.097546011,2.062731008,30.13519681,50,55.3333346,296,-36.75,-37.89583588,-44.61250229,-57.00000381,-57.35417048,-66.96250458,3.971131529,4.277983147,3.84556386,-87.09375763,-65.69949341
spiny,-38.76799393,97.82575989,33.31155396,97.3068161,-58.31439209,77.59469604,319.2852855,-10.13541698,-96.61710121,4.776515007,-48.98106003,93.9318161,0.000839242,3.312925636,0.230118106,-48.71875,-49.62500127,-50.28750076,151.11048,0.04043,34.75,46.97917048,41.53750153,228.515625,0.057013039,2.8440512,24.36807196,59.99999619,72.16666667,710,-38.65625,-35.97916667,-42.525,-57.5625,-55.85416667,-76.44375153,3.237864502,3.76195725,3.683672721,-98.25,-75.68438721
spiny,-29.33618927,480.5342712,31.22101784,479.46875,-42.10282135,372.2540283,178.2887875,0.327368945,-74.95034961,9.333669662,-38.22429276,464.9959717,0.000941653,2.375000058,0.168630573,-43.28125381,-43.78125381,-51.00000153,164.149488,0.024655,35.40625,38.77083333,38.22500381,137.5446469,0.132470295,1.746737408,14.05473574,270,257.9583333,700,-30.53125191,-29.44791857,-47.18125229,-43.375,-45.02083715,-72.15625305,2.615208725,2.18033403,2.813614362,-87.81250763,-71.64956665
spiny,-39.03823853,162.4375,38.15995026,162.0049286,-50.13404465,131.8766479,301.9327036,1.560444117,-96.22280988,17.40131569,-44.21011353,156.8980255,0.000822895,3.152851074,0.259541441,-46.34375,-45.16666921,-46.23437754,174.256832,0.04495,42.62500381,44.31250381,42.83854294,129.2187572,0.056592096,1.954280448,16.12890156,100,129.7916641,860.000061,-41,-39.59375127,-46.44791857,-51.62500381,-51.47917048,-81.01042048,3.257598662,3.41181184,3.337098927,-95.21875763,-80.6186676
spiny,-35.72291565,143.597229,19.28333282,143.9666595,-54.51250076,108.1361084,209.8610455,-13.33194447,-76.75543203,-0.077083334,-42.29236221,141.5527802,0.000816,2.73653033,0.142837036,-45.9375,-48.41666667,-53.44531536,124.02236,0.08869,17.28125191,31.4166673,20.625,154.687494,0.036914859,2.182667776,21.46648518,90,99.08333333,1070,-34.59375,-35.625,-38.27343941,-58.87500381,-58.61458588,-82.15625191,2.678296259,2.862035346,2.603005393,-98.90625,-81.32292175
spiny,-39.75084305,143.8209534,37.13175583,143.2533722,-54.69594574,104.3074341,363.8241487,-2.923141956,-107.9913326,6.696790695,-50.16807556,139.5844574,0.000795541,3.383977869,0.372828784,-51,-43.86458333,-47.23958524,125.622,0.02432,38.4375,39.40625381,36.59896088,199.0625411,0.001887776,1.850120832,23.36131798,70,100.4583359,209.9999847,-39.09375,-35.8645846,-44.54687691,-52.03125381,-50.43750254,-70.20312754,3.40009434,3.374628251,3.822899764,-90.09375763,-69.71525574
aspiny,-41.74375153,77.68333435,17.67708397,77.55000305,-58.73541641,54.35833359,177.6533092,-8.933333397,-87.51235022,-5.270833492,-54.28333282,76.19166565,0.000925333,1.941098878,0.027380952,-56.40625381,-52.89843941,-58.73750305,340.465696,0.02222,24.87500191,20.67187595,24.13750038,229.285717,0.014385978,1.26640192,13.78042002,50,33.3125,340,-42.62500381,-41.15625381,-45.96875076,-56.53125381,-52.97656536,-74.56875153,2.509153692,2.503679922,2.618215474,-100.1875,-73.59984589
spiny,-37.9078331,370.4240417,36.16416168,369.8560181,-49.15585327,310.0806885,339.5955944,1.071202517,-107.2303081,11.7705698,-42.54549026,364.3734131,0.000712658,3.214101099,0.14406604,-42.75,-45.39583588,-50.79375153,100.855432,0.049985,42.00000381,42.98958333,41.11875229,75.62500238,0.208229542,2.410391552,15.16019077,209.9999847,163.5833333,790,-39.15625,-41.20833588,-49.34375229,-53.37500381,-54.18750127,-71.73750458,3.603945192,3.424211127,3.169181291,-78.84375,-70.32718658
spiny,-38.33012772,163.2628174,25.49839783,163.0032043,-52.0056076,119.6634598,259.7688982,-12.42387867,-91.01174271,1.461538434,-42.5496788,159.5224304,0.000784359,2.856346427,0.154432635,-47.00000381,-48.63541794,-51.57500153,83.012416,0.071565,30.71875191,42.63541921,37.35625229,118.7500805,0.094195433,2.217628672,18.39844755,100,123.8333333,969.999939,-39.37500381,-40.9270846,-44.50000153,-57.90625,-57.38542048,-71.86875305,2.811461752,3.237221263,3.037014901,-83.59375763,-70.97664642
aspiny,-38.31204605,266.0952759,17.42050934,265.1674805,-45.88440704,215.0612793,153.914747,-9.892142296,-57.09309678,-5.003185749,-43.50561142,250.181427,0.001104563,2.711679843,0.388037634,-48.43750381,-41.93750381,-52.13281441,224.637984,0.01124,18.12500191,17.28125127,18.14062548,162.8124267,0.059573133,1.70606912,10.68888127,170,334.4166667,499.9999695,-41,-32.17708524,-41.31250191,-48.46875381,-42.3645846,-71.43750763,2.345742876,1.885963178,2.389086563,-89.28125,-70.9156723
aspiny,-33.86732864,534.5170288,22.19204521,534.1375122,-50.67528534,415.6875,244.5755306,-6.875852108,-69.55084223,-7.144318104,-46.34346771,504.3624878,0.000888136,3.555874199,0.175363992,-51.53125,-52.31250381,-66.51250458,86.305232,0.06977,23.125,28.3958346,28.73125076,72.18749821,0.021085327,1.82408128,6.302897956,310,336.625,1060,-34.71875,-34.79166667,-40.44375305,-54.96875381,-54.67708588,-77.53750305,3.388158116,4.089688043,2.663572943,-83.78125763,-76.17714691
aspiny,-38.86814117,82.86585236,18.40663147,82.73780823,-50.185215,64.97560883,270.0081721,-13.38109779,-82.52522742,-3.600990772,-45.29268265,80.07317352,0.000739512,3.287304379,0.497098214,-47.6875,-45.23958715,-54.47500153,225.786848,0.013345,18.15625,22.9583346,22.54375114,245.3126162,0.127577275,1.314345856,10.57107218,50,61.29166667,240.0000153,-42.62500381,-37.80208588,-44.23125305,-51.6875,-49.94791921,-69.29375305,2.997279496,3.320719936,3.016436703,-96.5,-68.38047791
aspiny,-35.51818085,163.6931763,28.64204597,163.3909149,-56.16704559,127.5022736,250.1111455,-2.042045355,-65.63656224,-5.53181839,-52.26250076,155.9977264,0.001046182,3.819450163,0.169575472,-54.50000381,-55.56250254,-54.71094131,244.679184,0.05832,29.78125191,32.58333524,30.37500191,162.343666,0.037614983,1.214691328,11.43805458,90,82,520,-34.21875,-35.65625,-40.56250191,-58.71875381,-60.58333715,-69.6484375,3.781618618,3.96503197,2.593933229,-86.84375,-68.82087708
spiny,-40.5896225,106.6320724,26.26651001,106.4599075,-59.39268875,87.44811249,314.6400178,-13.06603813,-101.9681426,-0.235259429,-49.37617874,104.462265,0.000745472,3.084158897,0.228389831,-49.40625381,-47.78125127,-50.29375229,188.3976,0.07392,25.09375191,30.2083346,23.93125038,157.3437899,0.045872748,1.057145152,23.61660245,70,97,714,-40.03125,-37.58333715,-36.03125305,-61.71875381,-57.21875254,-82.50625305,2.993885291,2.988108481,2.594750228,-98.90625763,-81.45096588
aspiny,-41.04542923,673.7388306,10.99128151,675.0264282,-60.30919647,674.5363159,279.5393125,-10.65133953,-255.9787964,-15.65524006,-60.19089508,675.9484253,0.000360675,1.090433969,0.796942094,-62.43750381,-58.04166921,-61.98958524,114.719808,0.005965,20.8125,16.13541794,22.73437595,78.4374997,0.055876616,2.284966912,5.939340449,410,378.4999898,630,-42.40625381,-34.85416921,-47.49479294,-62.53125381,-58.15625127,-72.15104294,1.217276076,1.14464715,1.29964209,-79.81250763,-70.72028351
spiny,-44.88228989,252.4125061,40.76770782,251.4499969,-60.64896011,172.1666718,391.5542575,-2.929166555,-90.99375342,15.0041666,-51.57916641,237.1333313,0.000927,4.324424622,0.132974923,-52.09375,-49.96875127,-53.94531536,130.625632,0.059995,45,47.22916921,45.94531536,156.8750441,0.038576473,1.20707968,19.06573152,110,80.95833079,870,-44.1875,-41.62500127,-48.69531631,-61.5,-58.78125254,-80.82812691,4.586706002,4.626567379,4.854020703,-97,-80.40367889
spiny,-38.57211685,153.4375,43.75720978,152.447113,-57.05168152,114.1057663,364.8441658,3.822115421,-75.1608809,18.00961494,-50.54327011,144.9663391,0.001053462,4.901255367,0.159430255,-48.3125,-48.96875,-51.26250076,253.977248,0.119025,50.43750381,49.5,51.97500076,220.9374607,0.02638153,1.964750592,21.10764133,70,42.25,650,-36.46875,-36.375,-41.16250076,-53.46875381,-55.96875,-72.80625153,4.780396083,4.571400545,4.752008608,-94.71875763,-71.06369019
aspiny,-36.95000076,134.375,24.60208321,134.3416595,-55.28958511,101.9916687,346.455317,-4.775000095,-168.5692403,0.220833302,-52.52916718,133.1499939,0.000466,2.05131778,0.030580359,-52.06250381,-49.88541667,-52.83035878,252.710896,0.018455,31.28125191,22.31250064,36.23660932,231.5626144,0.244886443,1.2171744,15.34604352,70,129.5416667,380,-36.03125,-35.36458333,-42.20982306,-52.28125381,-50.26042048,-67.0223247,2.181964686,2.080524942,2.30018062,-91.875,-66.37580109
aspiny,-34.07187653,370.8737488,15.86750031,369.5887451,-46.04843903,287.1687622,182.6826976,-11.80624962,-51.19702196,-7.209062576,-41.56281281,344.3187561,0.0011294,3.618867308,0.217831539,-47.03125381,-48.84375254,-55.92500305,172.17272,0.08356,21.71875191,26.1041673,24.32500153,119.0625727,0.028112343,2.782526976,8.936789936,210,184.625,780,-35.84375381,-36.94791794,-41.58750076,-49.90625381,-52.51042048,-78.08750458,3.701962758,4.123956648,2.404901274,-90.96875763,-77.65782928
spiny,-34.20220566,108.6838226,29.27696037,108.7303925,-52.94301605,87.88480377,228.761508,-5.985294342,-78.71011103,7.094362736,-43.58823395,108.1715698,0.000877647,2.908674469,0.248437513,-45,-44.63541921,-44.80469036,142.90768,0.04625,30.87500191,36.0208346,31.65625095,189.843744,0.052161682,3.546708224,25.68308275,70,102.6666667,830,-35.21875381,-35.52083333,-40.54687595,-52.3125,-51.11458715,-80.46875763,3.00708299,3.069391952,3.026928074,-97.65625763,-80.62651062
aspiny,-31.90322495,82.1693573,23.92137146,81.66129303,-48.84274292,65.44355011,159.9569791,-6.032258034,-77.56044587,-5.224798203,-46.39012146,80.17742157,0.000996774,2.056024616,0.224166667,-47.59375381,-49.97916921,-55.79166921,249.104576,0.053,29.53125191,33.8645846,19.6458346,273.2812464,0.06721697,1.291905536,28.92174487,50,43.87499873,479.9999695,-33.34375,-34.8125,-34.76041921,-47.71875381,-50.0208346,-64.06250381,2.491234918,2.630692026,1.89205399,-83.875,-63.95589447
spiny,-35.09479141,116.6666641,29.31979179,116.3458328,-53.765625,94.71250153,202.1696754,-1.741666675,-80.55884411,10.5510416,-49.05104065,114.0458298,0.000968667,2.49409391,0.211070107,-52.03125381,-51.79687881,-54.12500318,303.246656,0.01682,34.6875,35.40625,37.15625191,237.019226,0.016599422,1.694614528,28.1485318,50,52.8125,310,-35.8125,-34.6875,-44.07812754,-55.50000381,-56.15625,-61.32812818,2.883024861,2.680478505,3.407533985,-88.09375763,-59.61400223
spiny,-34.25712204,229.3354492,35.72903442,228.4746857,-50.83227921,188.6360779,328.2087392,-1.193037987,-81.44392175,13.39754772,-46.07199478,216.0189819,0.000908861,4.057244269,0.271845145,-46.87500381,-46.83333715,-50.80000076,229.789904,0.04018,38.375,37.04166667,38.51250229,243.7498868,0.036178779,3.110476544,27.19688304,110,66.37499873,800,-33.1875,-31.97916794,-41.83750229,-51.21875,-53.19791921,-75.64375458,3.63182084,3.340731052,3.570414246,-93.1875,-75.39405823
aspiny,-40.61805725,87.41204071,18.67939758,87.12036896,-55.42361069,69.23148346,301.2076113,-8.032407761,-180.126216,-7.778934956,-53.89814758,86.10648346,0.000449815,1.664769193,0.037280702,-55.81250381,-53.75000381,-57.72500229,242.403264,0.015685,19.46875,20.7291673,17.61875153,251.562506,0.008317634,1.394054656,32.86083291,50,58.33333333,370,-43.43750381,-41.40625381,-44.58125229,-55.93750381,-53.93750127,-67.27500305,1.842548291,1.837941872,1.86401367,-93.21875,-65.29910278
spiny,-41.88203049,126.8375015,32.67343903,126.5843735,-54.05156326,100.9343719,298.7974445,-4.828125,-80.01828294,9.6953125,-45.12734222,124.4406281,0.000920625,3.750024849,0.154166675,-46.62500381,-48.52083588,-52.13750381,141.49072,0.047445,38.15625381,40.33333588,38.24375229,136.8750483,0.204059511,2.88839808,18.69890934,70,100.25,780,-43.75000381,-43.46875127,-49.86250229,-56.78125,-56.53125381,-69.3875061,3.886271592,4.175687352,3.972207151,-82.21875,-68.00521088
aspiny,-46.72781372,287.6712646,8.384062767,287.1437378,-61.44406128,233.1837463,246.3477738,-16.91812515,-75.09063655,-16.51124954,-58.17750168,269.8462524,0.00078815,3.302826863,0.17772512,-59.43750381,-59.66666921,-67.08594131,149.446704,0.02593,16.37500191,18.26041667,19.171875,127.3435652,0.007755273,1.939076864,7.778285661,170,181.8333333,630,-44.84375381,-43.81250254,-50.18750095,-61.53125381,-62.43750381,-76.82812881,3.423454348,3.359352522,2.428077853,-90.40625763,-76.70048523
aspiny,-32.49917221,207.3407135,28.68584061,206.4712372,-44.15182495,159.6548615,218.7456,-5.870575428,-91.46967427,10.40597343,-41.78429031,199.6062012,0.000816106,2.362176653,0.059061137,-49.65625381,-46.45312881,-51.46875286,288.916576,0.00808,37.12500381,36.78125191,38.42969036,193.4820712,0.097624771,1.082882944,11.31741248,130,114,300,-38.87500381,-35.03125191,-43.42187691,-49.71875381,-46.546875,-67.32031822,2.886847275,2.583435642,2.907582525,-88.71875763,-66.16799164
spiny,-33.63365555,372.3327026,32.49279022,371.6980896,-49.99615479,291.9269104,282.4188,-3.507211447,-88.37984332,11.84567261,-43.40240479,355.6134644,0.000829231,3.200616435,0.213146996,-46.75,-49.30208333,-52.546875,130.769056,0.06443,35.68750381,39.26041921,41,139.3751204,0.063060686,3.211506688,22.75285162,210,95.74999746,1170,-32.0625,-32.09375064,-46.17187691,-49.71875381,-54.15625381,-79.33594131,3.131976019,3.055194256,3.45457088,-96,-79.9310379
aspiny,-44.55174637,149.8776855,18.13037682,149.6478424,-59.00403214,141.040329,288.953274,-4.330308914,-222.4761632,-10.5907259,-58.39684296,148.6371002,0.000420484,1.288655052,0.291294653,-62.34375381,-59.43750127,-63.01041985,254.30064,0.02136,27.93750191,28.6458346,28.02083492,188.7499243,0.021086019,2.842133504,16.72645496,90,77.5,71.66667175,-49.78125,-48.54166921,-50.62500191,-62.43750381,-59.56250254,-77.21354675,1.514510505,1.612997892,1.508893523,-97.53125,-76.12651062
spiny,-29.90340996,284.4659119,30.19602203,283.2363586,-48.30397797,227.1318207,186.0843907,0.190909073,-46.29019484,18.50625038,-41.19602203,277.0204468,0.001430182,4.080350434,0.13512786,-42.34375,-43.51041794,-44.36979485,161.235408,0.04228,38.75,41.52083588,38.75000127,110.156171,0.000360461,2.70730624,16.21048638,150,125.7916641,1220,-33.06250381,-33.59375381,-42.63021024,-49.4375,-51.93750254,-78.58854548,3.818896756,3.762357422,3.42566666,-91.00000763,-78.31197357
spiny,-43.86794281,247.3763428,34.94758224,247.4905853,-56.42741776,205.5645142,366.7508968,-2.994623661,-83.39329817,11.35954285,-52.27419281,231.4233856,0.000907312,4.429018942,0.23437501,-48.37500381,-51.84375254,-55.25000229,186.281984,0.05036,36.15625381,37.87500127,37.19375153,188.5938197,0.048895534,1.6786688,20.5036845,130,67.04166667,700,-37.68750381,-35.91666667,-51.01250305,-55.03125,-58.65625254,-74.56250305,3.841012573,3.802911229,4.068164129,-94.9375,-74.14133453
aspiny,-29.13757133,224.8204041,13.75251484,222.8965454,-39.23563385,159.902298,105.6021378,-11.46982765,-34.49543085,-0.289511472,-34.64870834,204.0488434,0.001418621,2.981874791,0.040855459,-41.46875,-37.60416921,-46.8645846,259.444016,0.0102,22.125,23.22916857,29.81250127,229.4643819,0.019717271,1.33105536,14.40746522,130,117.6666692,400,-33.37500381,-30.43750191,-39.61458333,-42.5,-38.4895846,-65.4375,3.391363989,2.678113402,3.219535387,-88.375,-63.79125595
spiny,-36.97039413,133.8552704,31.16611862,132.9802704,-54.80263138,86.34210205,286.091986,-7.6529603,-105.127955,8.328947067,-45.14309311,128.75,0.000751579,2.72327946,0.174864863,-44.03125,-43.59375127,-52.13750305,189.824944,0.0479,33.1875,37.56250127,29.33750191,237.5001162,0.038398076,2.108056832,32.53754157,29.99999809,41.33333333,620,-34.28125,-32.87500127,-41.86875076,-56.875,-51.47916921,-73.23750153,2.524917084,2.672926698,2.640757256,-95.62500763,-69.44366455
aspiny,-39.69949722,600.6757202,-3.980069637,602.2165527,-53.49956512,601.2556152,278.879783,-20.46284866,-226.7515146,-18.93653297,-53.36634064,604.586853,0.000239923,1.230501569,0.888241268,-58.21875,-54.28125,-61.43125,76.713136,0.36172,-1.28125,2.625,5.175,70.6249997,0.027308665,1.317595904,6.291526357,380,524.125,720,-41.3125,-34.53125,-45.66875076,-58.25000381,-54.375,-70.08125,1.078710788,0.964621558,1.102020115,-86.09375,-69.88036346
aspiny,-45.80780411,313.0726318,11.80595207,313.5985413,-60.76438522,313.8251343,318.6582052,-15.1129303,-243.5258134,-11.2170639,-60.65062714,314.2015991,0.000374032,1.311539845,2.293781837,-61.65625,-58.12500254,-62.94271088,217.49856,0.00612,18.00000191,12.06250032,22.65625064,113.2811308,0.025462696,1.74646016,6.557764931,210,200.25,370,-40.03125,-35.07291921,-48.26562691,-61.78125381,-58.18750254,-71.89062881,1.212828394,1.071982366,1.297399588,-85.8125,-71.70838928
spiny,-33.43264008,162.8944397,36.72499847,162.6694489,-48.22638702,125.7861099,156.452311,5.684722424,-45.16947485,15.7770834,-42.00624847,151.9333344,0.001671111,3.438864859,0.203030303,-47.46875,-45.78125381,-50.43750254,136.656512,0.01544,43.81250381,42.43750381,46.34896151,195.9821135,0.022793708,1.32041408,23.05169366,90,85.58333333,390,-35.09375,-31.73958524,-43.71875191,-49.50000381,-49.84375127,-60.75521151,3.861479032,3.492930034,4.518248155,-82.15625763,-60.29131317
aspiny,-40.09825516,294,19.29279327,293.8783875,-54.26717377,241.1846771,264.5323228,-11.02336693,-72.65680936,-9.370213509,-50.70973969,278.8952637,0.000875135,3.668957465,0.26697123,-54.78125381,-54.39583588,-64.91250153,192.279328,0.07632,22.90625191,24.23958397,26.75625153,129.5312494,0.028468277,1.253419008,8.355853194,180,178.4583333,700,-40.125,-39.25000127,-45.67500076,-57.40625381,-56.97916921,-80.32500458,3.80658321,3.948500119,2.600697944,-92.78125,-79.09416962
aspiny,-39.61153793,681.1763916,9.109153748,682.5490723,-58.90280914,682.1012573,260.4253126,-12.34187603,-228.7258078,-12.92587948,-58.80926132,683.680481,0.000399302,1.133266418,0.700814037,-59.06250381,-53.25000254,-60.62812843,135.421472,0.01098,8,16.76041762,26.51875114,68.90617311,0.00943137,1.428195968,6.895082159,420,342.7083333,750,-33.37500381,-29.67708397,-44.07812614,-59.1875,-53.33333588,-71.57812653,1.014310425,1.163734483,1.280974729,-80.34375,-71.04178619
spiny,-38.07175827,212.027771,41.24074173,211.8194427,-58.26967621,154.875,400.7947985,4.130786896,-122.7417097,13.25231457,-48.93518448,208.3611145,0.000677222,3.264781907,0.199866665,-49.71875381,-50.375,-50.75000229,168.066432,0.03991,45,47.19791794,48.95625153,163.281247,0.054285385,2.010441728,17.53908996,90,82.70833333,750,-38.09375,-37.94791794,-49.19375,-53.84375,-54.59375,-79.00000305,3.66027827,3.592296106,4.254136856,-97.03125,-78.56536865
spiny,-39.58042908,126.1229477,24.63012314,125.9836044,-53.07786942,101.6495895,220.7141762,-10.47899628,-47.28904558,10.62397575,-45.58555222,118.0614777,0.001318689,4.663506189,0.218939394,-48.12500381,-47.43750381,-54.28906536,167.01952,0.05464,32.21875,32.47916794,31.4609375,187.5,0.048352554,1.390871424,19.30573858,70,53.375,800,-40.5,-39.91666794,-44.2578125,-55.03125,-58.10416794,-75.88281822,4.858353581,4.982989261,4.239281805,-101.3437576,-75.65039063
aspiny,-36.13560867,171.0412903,31.35206413,170.4621582,-61.26490784,165.1766052,290.1351129,4.135607719,-209.8676532,2.340596437,-60.88474655,168.012619,0.000514083,1.380030541,0.675045132,-62.1875,-59.79167048,-63.1927096,183.80992,0.01989,35.71875,29.9791673,38.75000064,195.6249923,0.078066997,1.840970624,14.16308445,100,136.4166667,183.3333333,-37.5625,-30.80208397,-46.52604167,-62.31250381,-59.94791921,-74.28125509,1.421978052,1.200586014,1.45000933,-95.71875,-73.62945557
aspiny,-44.08779907,33.13095093,21.52827454,32.99404907,-61.73363113,30.11309433,293.5111654,-7.123512745,-184.5016052,-7.696428776,-60.5178566,32.66666794,0.000494524,1.589895276,0.55835799,-61.37500381,-60.21875254,-61.85937786,360.87904,0.021375,23.62500191,29.03125064,25.37500143,337.9464447,0.177770674,2.10999808,25.75621511,20,30.625,350,-45.12500381,-44.3020846,-46.75000095,-61.46875381,-60.32292048,-69.71093941,1.648523531,1.640635408,1.679947065,-100.0312576,-69.22314453
spiny,-40.6848793,256.7701721,25.80040359,257.978241,-52.43649292,210.8370972,204.2302158,-6.708669186,-108.0690298,-0.086895145,-50.33891296,254.0306396,0.000799484,1.869258961,0.281939181,-50.875,-51.18750254,-54.75000381,162.640992,0.02484,34.15625,37.64583588,33.12500381,99.21874851,0.01590104,1.698304256,10.09800627,150,192.0416667,520,-34.34375381,-33.60416794,-43.50000381,-50.93750381,-51.25000127,-70.90625,2.02526546,1.969125934,2.171933925,-78.65625763,-70.68805695
spiny,-36.87708282,104.1916656,49.69166565,102.9499969,-57.45000076,69.375,375.2872817,9.137499809,-92.34639745,23.91666603,-44.60625076,95.19999695,0.000892333,4.065160913,0.108257151,-45.56250381,-47.35416921,-48.578125,154.913792,0.070805,49.65625381,52.45833588,53.53125191,173.5936403,0.058031324,2.501582336,29.63529806,60.00000381,67.7916654,999.999939,-35.37500381,-36.63541667,-44.96875191,-56.625,-57.15625127,-72.48438263,4.226620435,4.359839184,4.2380198,-90.53125,-71.99159241
aspiny,-30.96083832,246.2911377,25.39477921,245.9003143,-48.46162796,196.2373352,244.334356,-3.73338604,-64.57548717,-2.015031576,-45.0213623,236.8607635,0.000977215,3.810237583,0.213352282,-50,-49.37500254,-52.33594036,112.878984,0.05672,27.90625191,29.19791857,30.83593941,144.6875781,0.038174059,1.723670912,7.304965206,130,113.9166667,540,-30.78125191,-30.93750127,-37.10937786,-52.40625,-52.83333588,-69.15625381,3.859023167,3.85337279,2.661394687,-83.06250763,-67.70313263
aspiny,-41.76354599,336.2223511,16.97178459,336.962677,-62.23162079,336.550354,365.9362068,-12.3028326,-284.1878962,-8.153720856,-62.11623383,337.7861938,0.000348777,1.287923439,1.18174571,-61.93750381,-61.52083588,-65.78750305,155.796,0.01022,12.59375095,18.90625,24.70625114,107.6563969,0.007349887,1.217582208,7.546958808,220,200.2083333,440,-34,-36.94791921,-49.01875305,-62.00000381,-61.60417048,-73.03750305,1.121369202,1.22655766,1.341187996,-84.71875763,-71.88327789
spiny,-31.74092674,91.03830719,42.37096786,90.96975708,-50.68800354,78.43144989,391.3684364,2.269153118,-114.7731465,16.5625,-42.41884995,90.17943573,0.00069121,3.414152778,0.29021439,-44.53125381,-44.3125,-49.72500229,200.624128,0.064105,39.75000381,44.57291921,41.55000076,149.5193094,0.032029688,2.530625792,28.12265151,50,55.41666794,800,-32.0625,-32.15625127,-39.89375229,-53.93750381,-50.84375381,-77.47500458,3.538881406,3.513278417,3.38784164,-93.15625763,-76.77246857
aspiny,-40.39171219,288.995636,15.54173279,289.8643188,-62.44175339,288.5015869,289.4234866,-9.557061195,-204.4461048,-13.40021801,-62.24317551,290.1186829,0.000454383,1.412546822,0.976904182,-64.03125,-55.56250381,-64.34375254,166.71384,0.0081,19.12500191,8.750000477,22.03125064,135.1562142,0.054915577,2.509052928,7.397335206,170,273.375,469.9999695,-39.65625,-32.10416857,-43.29167048,-64.06250763,-55.66667048,-76.83333842,1.471698068,1.145865336,1.600572448,-90.90625763,-76.03022766
spiny,-37.53298569,597.9525757,26.05323982,596.826416,-51.79426956,452.3738403,213.2874598,-4.410011768,-72.26170865,6.927372456,-47.60011673,571.4571533,0.000995787,2.88523549,0.11015624,-53.56250381,-53.32291921,-60.78750229,145.749248,0.04177,32.125,36.97916794,36.81250229,125.6695092,0.110391393,1.335314688,13.44311201,290,253.1666565,790,-39.15625,-36.60416794,-55.54375229,-53.90625,-55.60416921,-81.2625,2.998952751,2.824064937,3.425284722,-93.71875,-80.15825653
aspiny,-38.14976501,48.14622498,23.508255,48.05188751,-50.14976501,38.38679123,284.6828952,-9.269457817,-102.1685953,2.274174452,-46.79953003,47.45518875,0.000676981,2.758715122,-0.012834645,-50.5625,-50.32812881,-53.54166794,471.533952,0.02316,33.28125,36.18750191,37.2395846,280.9373438,0.102041841,1.257506304,19.68450283,30,31.24999905,330,-42.31250381,-41.34375191,-44.07291921,-50.71875,-50.53125,-69.96875254,3.070888709,2.831994989,2.922998657,-99.96875,-69.82476807
spiny,-37.19936752,177.3623352,26.63805389,177.1519012,-48.85324478,134.6186676,198.878982,-10.07515812,-71.77976871,1.976265788,-42.04074478,167.3908234,0.00096962,2.779376705,0.208000018,-44.31250381,-48.37500127,-47.93750381,165.299696,0.031255,27.75000191,38.76041921,36.00000254,143.4375048,0.066971131,1.866573952,33.13072956,110,108.6666667,780,-40.53125,-39.60416921,-48.55208715,-44.40625381,-54.23958588,-79.30208842,2.833305031,2.959121064,3.192076282,-90.09375763,-78.51902008
spiny,-37.57083511,114.8166656,18.55138969,114,-51.94513702,88.51667023,204.9486181,-16.49513817,-64.89737043,-0.84930557,-45.79513931,105.6805573,0.000977111,3.164916504,0.258422175,-45.96875381,-44.82291921,-48.33750229,157.672416,0.047055,18.75,24.43750064,18.78750076,241.5625006,0.029116279,1.98312768,25.7970684,70,71.125,296,-39,-34.53125254,-37.43125153,-51.28125,-50.02083715,-73.25000305,3.207291756,2.918486557,2.581672054,-97.78125763,-71.71207428
spiny,-29.3550148,590.0639648,19.7845211,588.508728,-44.5508728,436.2892456,150.7451338,-2.537063837,-87.37924523,-0.496366322,-41.7529068,576.008728,0.000763488,1.700563727,0.075901643,-43.09375381,-46.01041794,-48.84375381,198.054528,0.02055,32.18750381,36,41.71875,106.2501967,0.135729268,1.829929216,10.81328709,350,214.9583232,680,-28.53125191,-29.82291857,-45,-43.28125381,-48.56250381,-72.125,2.013617342,1.750199006,2.419702896,-85.78125763,-71.92022705
spiny,-43.03551102,30.34090996,35.94744492,30.24431801,-59.64772797,22.75,340.4725639,-8.532670021,-76.25576952,12.76420498,-54.76420593,29.17045403,0.001018182,4.470743686,0.15502364,-56.43750381,-56.40625127,-57.53750229,371.338176,0.00948,37.71875,41.30208715,39.70625153,312.3437762,0.084867455,1.536629248,26.2135115,20,12.33333333,96,-43.15625,-43.47917048,-46.49375076,-61.25,-61.79167048,-63.73750076,4.397913663,4.470204708,4.182714078,-94.59375763,-59.36676788
spiny,-35.54391861,463.2922363,32.65118408,462.2010193,-48.24873352,351.1621704,238.3190784,4.379645348,-55.38028122,18.82981491,-44.8327713,410.1435852,0.001244054,4.415064284,-0.00810656,-47.43750381,-44.98958588,-51.82291794,162.1956,0.06158,37.37500381,36.06250254,41.5,167.6683724,0.150705859,1.252460032,30.96976891,150,64.04166667,730,-36.84375,-34.18750127,-46.5208346,-52.59375381,-56.44791794,-66.42708588,3.791795859,3.811755247,4.106818575,-82.96875763,-65.68805695
aspiny,-39.14597702,47.58219147,17.98501778,47.24143982,-50.29666138,41.56678009,159.3269446,-10.27910995,-59.63114689,-5.350171089,-49.39897156,45.04452133,0.001113425,2.665476261,0.39134615,-49.78125,-48.28125191,-50.87500127,341.66432,0.01106,23.18750191,26.71875095,24.44791667,335.1562917,0.020152064,1.13199744,20.99272257,30,27.5625,180,-41.65625381,-39.65625381,-41.10416921,-50.15625,-48.67187691,-60.63542048,2.988166895,3.119912367,2.931822837,-98.46875763,-60.36923599
aspiny,-41.45229721,503.1438293,12.61746788,504.8280029,-58.21489334,505.4623413,298.9632134,-11.214715,-237.7068482,-9.570525169,-58.09446716,506.5249329,0.00037736,1.254791595,1.13072186,-62.375,-55.72916667,-63.90104485,142.051552,0.00548,19.3125,8.145833333,26.07812659,98.75003994,0.008658676,1.807591296,6.302711448,330,313.0833333,530,-44.8125,-30.56250064,-48.15625,-62.40625381,-55.79166921,-75.15625509,1.347267695,0.946860365,1.327135882,-85.375,-74.03765869
spiny,-33.73645782,264.6875,34.88124847,264.3125,-50.23020935,194.125,242.6421292,2.992708445,-92.51151643,14.8708334,-45.19478989,257.5208435,0.000864667,2.622520061,0.093804985,-47.40625381,-48.87500381,-51.55625229,183.954368,0.0415,38,41.07291794,39.56875153,246.5626448,0.05340568,1.16960576,43.07469376,110,68.125,800,-33.25,-32.40625191,-41.37500229,-51.59375,-53.81250381,-63.77500305,2.822981812,2.603575625,2.929080832,-88.375,-62.41956711
spiny,-34.58398438,146.6015625,40.98632813,146.0625,-57.375,102.8046875,294.2650978,2.130859375,-59.75841289,24.26953125,-42.5078125,138.828125,0.00124,4.936100899,0.092500005,-42.46875381,-45.21875127,-47.71875,160.02456,0.091185,43.15625,43.66666794,45.296875,146.2499946,0.03500656,1.200626176,26.00198632,90,82.25,1250,-34.5,-35.95833588,-41.953125,-54.53125,-53.87500127,-78.42188263,4.825868383,4.885103186,4.752498384,-93.78125763,-78.39602661
aspiny,-47.66754913,939.3655396,15.58575058,940.7658081,-68.5138855,940.0900269,365.1238305,-8.786261559,-342.0004053,-14.02779484,-68.41322327,941.9387207,0.000313979,1.070685309,1.051673228,-66.84375763,-65.71875254,-69.19375305,74.373624,0.13388,7.156250477,18.9791673,25.77500114,36.56246141,0.047707833,2.046099456,4.59117806,620,558.7083333,498,-35.12500381,-37.67708588,-50.18750229,-66.96875763,-65.80208842,-76.80625153,0.86272611,1.101994129,1.161935219,-88.96875,-77.08603668
spiny,-36.82343674,176.953125,38.22499847,176.7124939,-53.72109222,128.3312531,361.1155032,-4.596875191,-124.8218794,-4.970312595,-47.80312347,173.90625,0.0007305,2.897925725,0.208169306,-48.84375381,-50.70833715,-49.93750127,139.61728,0.0443,37.43750381,41.62500254,33.68750254,193.2812482,0.089340903,1.399598208,25.6384773,100,106.75,700,-37.59375381,-37.65625254,-42.2395846,-53.46875381,-53.36458715,-78.02084096,2.810764605,3.025490772,2.817209894,-98.34375,-77.27454376
aspiny,-32.76008606,61.58544159,20.72725487,61.40664673,-43.52432632,53.62974548,186.0653841,-2.815862417,-74.28737331,4.463212013,-41.30043411,59.18512726,0.000818006,2.537873614,0.675736236,-44.53125381,-48.03125254,-53.03125229,481.462592,0.00688,18.81250191,23.2291673,17.46875038,462.500006,0.034651391,2.937514752,16.69152475,40,29.7916673,32,-36.625,-35.32291794,-39.15625305,-45.18750381,-49.50000381,-66.45625458,2.281030373,2.534730881,2.24124771,-90.18750763,-65.24889374
spiny,-35.7834816,317.4642944,28.2053566,317.8928528,-54.0044632,183.0446472,193.7224904,-13.16741085,-61.58519135,3.607142925,-44.7991066,275.9285583,0.001208929,3.159331426,0.067261905,-51.40625,-51.90625,-54.45000229,235.951264,0.046655,35.03125,42.84375,36.23125076,232.0313603,0.010891634,2.09820544,23.83778845,70,36.75,610,-40.03125,-39.03125381,-41.68125076,-56.4375,-57.84375381,-74.74375,3.469908713,3.468486602,3.384683225,-99.40625,-75.24058533
spiny,-34.00999832,245.0175018,42.38312531,245.7474976,-51.73625183,186.5149994,350.853483,5.270625114,-98.26721566,21.97062492,-43.76687622,242.1475067,0.0007766,3.585102763,0.127967101,-45.15625,-45.61458588,-49.22500229,113.807184,0.05405,47.53125,49.87500254,48.82500153,117.9686338,0.071093254,1.986571136,15.21713024,150,156.0833333,1019.999939,-34.78125,-34.38541667,-43.26250229,-53.96875381,-53.33333588,-78.92500305,4.06783286,4.053186268,4.076768564,-91.0625,-78.13226318
spiny,-41.75624847,261.4211426,41.34903717,261.2230835,-54.52980804,190.9846191,394.7437405,-1.262019277,-97.48559641,14.69759655,-48.68413544,253.3711548,0.000828769,4.103782129,0.194337144,-48.96875,-51.11458588,-53.24375305,195.639696,0.0392,43.625,45.45833588,42.68750305,186.5624636,0.030736115,2.417976832,17.59302745,90,72.875,509.9999695,-39.84375381,-41.84375,-46.8125,-52.40625,-55.56250254,-78.43125305,3.781917913,4.183545427,4.05441271,-98.28125763,-77.52335358
spiny,-45.81647873,80.53636169,29.40454483,80.67045593,-56.60568237,62.02500153,255.8053301,-14.80681801,-115.5095689,-0.218181819,-52.75284195,79.52954865,0.000816727,2.215252425,0.328125,-56.53125381,-54.08333588,-57.70312691,121.674304,0.02909,29.40625191,47.01041921,39.27604294,217.3214555,0.179659143,2.082355584,14.7226357,50,66.29166667,400,-48.1875,-43.56250127,-49.73437754,-58.96875381,-55.44791921,-72.11458715,2.314217316,2.803517649,2.714933691,-89.90625,-71.31471252
aspiny,-35.4221077,279.1921692,23.5004673,278.4552307,-52.51772308,221.6772461,223.8449719,-1.986007452,-44.61767093,2.205223799,-48.30596924,258.0802307,0.00122,5.044215089,0.157601891,-52.5625,-50.97917048,-55.81771024,144.428832,0.07194,24.31250191,27.61458524,27.81770992,99.84374791,0.020748379,1.546675968,11.91060124,150,149.875,850,-34.875,-34.07291921,-41.05729357,-55.31250381,-55.55208715,-72.07813136,4.748485932,5.10942043,2.880564801,-83.65625,-70.95474243
aspiny,-33.87239456,296.3454895,22.95095444,295.9392395,-54.442276,232.581604,269.686865,-7.332465172,-69.21155867,-8.389757156,-49.2686615,266.949646,0.000915903,3.913899035,0.209956711,-52.75000381,-55.79166794,-64.03125,149.633568,0.052125,24.6875,25.78125064,25.54687643,111.5625426,0.046134904,2.859482624,10.17950267,170,151.125,820,-34,-34.19791794,-40.234375,-56.3125,-59.07291921,-79.31250381,4.353247375,4.293979694,2.754874043,-91.75,-78.32901764
aspiny,-38.04925919,80.75212097,31.43379211,80.4766922,-52.83633423,65.96398163,322.9503778,-6.819915295,-97.07381735,7.109110355,-50.2865448,78.63347626,0.000787797,3.323539079,0.390799492,-51.09375381,-52.15625191,-52.95312881,330.6896,0.01534,35.09375,34.83593845,39.734375,204.6873868,0.113529749,1.071573056,19.5578409,50,33.59375,300,-39.625,-37.38281345,-41.48437691,-53.28125,-53.25781441,-64.46875381,3.463248076,3.450855264,3.479512098,-87.28125763,-63.26454163
aspiny,-39.38900757,64.62931061,30.01077652,64.28448486,-57.51131439,54.62931061,256.1765125,-4.53125,-98.98617925,7.463901043,-55.58297348,62.44396591,0.000865862,2.559702543,0.060303266,-58.78125,-55.13541921,-58.13541794,794.551296,0.02526,38.9375,44.50000254,44.93229357,162.4999642,0.037694328,1.346797568,7.605967663,40,40.41666667,370,-43.3125,-39.91666667,-44.03646088,-58.78125,-55.22916794,-81.07291794,3.069412001,3.166817303,3.13494792,-99.50000763,-81.22475433
aspiny,-44.13433456,349.0809326,13.2793951,349.948761,-64.18547058,349.6043701,296.2400688,-10.61183929,-213.7439447,-13.26345062,-64.0483551,350.5473022,0.000428219,1.385844687,1.303124944,-65.09375763,-51.29687881,-63.46094131,189.245936,0.00634,23.71875191,0.125000238,31.93750048,123.5938296,0.037456758,1.509874304,7.088644136,209.9999847,342.4375,430.0000305,-39.34375381,-29.00000191,-46.96093845,-65.25,-51.37500191,-72.85156631,1.413848313,0.916588827,1.502718197,-100.09375,-72.18985748
spiny,-42.89154434,418.0857849,37.23406982,418.375,-55.18321228,296.4754944,387.8472837,-1.808210731,-108.7602008,11.30453396,-50.44607925,411.5784302,0.000757843,3.593255318,0.069642844,-50.28125381,-49.90625254,-52.93750127,116.282496,0.024765,41.12500381,44.16666921,44.19791794,109.2188656,0.048777364,2.484110848,13.2480859,170,106.9166718,610,-39.12500381,-37.11458333,-48.16666794,-53.84375,-56.63541921,-70.28125,3.239066033,3.337448996,3.804037551,-82.34375763,-69.37319183
spiny,-38.48986435,334.8817444,35.29053879,334.7939148,-56.89696121,241.5776978,369.1538077,-4.375,-86.52175463,15.15033817,-50.42736435,317.0101318,0.000867973,4.318214175,0.111904766,-50.3125,-49.70833333,-52.671875,364.885504,0.044125,38.53125,42.83333333,42.3359375,169.9998826,0.012931908,1.08689664,21.03018886,130,75.41666667,880,-36.21875,-36.63541794,-48.03906441,-54.53125,-57.0833346,-79.05468941,4.147379155,3.881639456,4.296803327,-96.65625763,-78.52914429
spiny,-46.33921432,381.4959717,31.58618927,380.9939575,-58.97177505,293.0463562,381.025264,-5.493951797,-85.21390986,9.293346405,-54.17741776,359.449585,0.000862903,4.506098512,0.139383318,-53.28125,-53.31250254,-57.56250229,188.272848,0.045505,33.09375,36.26041667,32.76250191,144.5312202,0.055736613,1.675197696,17.60319118,170,80.875,870,-46.34375,-41.41666794,-53.65625305,-57.78125381,-61.75000254,-80.43125305,4.024285544,3.747417581,3.876813079,-96.84375763,-79.95320129
spiny,-43.58894348,102.3942337,40.93509674,101.7692337,-57.796875,73.84134674,359.0801794,-2.842548132,-123.4893199,7.772836685,-46.80769348,98.69711304,0.000740769,2.907183887,0.205462181,-48.03125,-49.81250381,-52.11250229,159.055104,0.04176,38.9375,39.69791794,32.76875114,146.7187852,0.172815666,1.612319872,20.91020457,60,61.58333206,770,-44.40625381,-43.00000127,-37.35000153,-57.87500381,-56.72916921,-67.64375305,2.882506535,2.951214801,2.309064368,-82.65625763,-66.58444214
spiny,-41.40144348,275.197113,22.84855843,274.9855652,-56.48677826,191.1875,152.8239814,-4.257211685,-55.5003768,5.975961685,-49.46274185,254.3701935,0.0012175,2.749836502,0.090079367,-50.31250381,-50.82291794,-54.63750305,190.866704,0.029535,25.75000191,26.8020846,26.30000153,170.6250459,0.014609129,2.859191552,21.47952259,150,115.875,780,-43.3125,-38.68750254,-49.90000305,-55.78125381,-56.81250254,-75.20625458,2.842284647,2.538231304,2.919990298,-94.00000763,-75.34287262
aspiny,-39.37152863,202.3333282,22.77662086,201.5509186,-58.31307983,189.4861145,325.8346683,-2.289930582,-230.3755587,-5.893518448,-57.4589119,199.125,0.000406111,1.408106863,0.423287699,-59.28125381,-55.33333333,-63.94375153,207.367456,0.063005,28.875,17.875,27.01250076,197.1874982,0.190548092,3.021489152,15.92600976,110,109.25,710,-42.65625,-39.0833346,-48.38125076,-59.43750381,-55.66666794,-76.55625153,1.617467319,1.620585498,1.585658027,-96.1875,-75.35223389
aspiny,-35.8102684,31.9955349,42.2868309,32.00893021,-50.5334816,28.2633934,265.3089782,5.962053776,-89.36310465,22.5379467,-49.3359375,31.5267849,0.000936429,2.955550176,0.207266432,-51.125,-52.25000381,-56.75000127,399.77456,0.04386,46.59375,47.18750127,42.96875254,384.9107027,0.031366013,1.231073408,51.82615406,20,14.79166698,310,-37.84375381,-38.5625,-42.51041921,-51.18750381,-52.32291667,-59.92708715,3.300948243,3.488678655,3.123693581,-101.2812576,-60.47595978
aspiny,-33.50249863,126.7183304,23.86083412,126.7166672,-53.43916702,106.1883316,251.9453311,-3.968333244,-67.3502962,-0.512083352,-49.08416748,123.1750031,0.000907467,3.785431873,0.272637795,-51.375,-49.15625,-53.33125153,260.660976,0.03984,25.53125191,31.0208346,30.50000153,203.9064318,0.016468018,1.780810624,9.008684089,80,68.875,450,-33.87500381,-42.76041667,-38.74375,-55.31250381,-55.54166921,-73.59375305,3.703742528,3.450245452,2.477692779,-90.25000763,-73.8809433
spiny,-33.12545395,320.9003601,28.74184799,318.8333435,-50.27943802,258.1576233,219.8222586,1.220108747,-109.9062321,9.408061981,-44.87228394,312.0597839,0.000676232,1.98696309,0.183862434,-48.93750381,-48.19792048,-54.20312691,194.791392,0.027465,34.18750381,34.84375127,40.91666794,131.7907572,0.16091679,1.326573056,13.7837215,190,166.8333333,830,-32.28125,-32.26041985,-50.45833524,-50.8125,-53.00000381,-77.82812754,2.20498477,2.057159023,2.690658661,-91.93750763,-77.49343109
aspiny,-33.59004211,114.3877106,39.56461716,114.2055054,-55.20815659,109.9724579,281.8138376,9.024364471,-181.4230114,10.46927929,-54.67531967,113.2881393,0.000592288,1.550090503,0.381982759,-58.59375381,-62.23437881,-62.19375305,249.300176,0.041995,46.40625,46.76562691,47.66250153,240.7812923,0.116980828,1.418336384,26.90923266,50,39.9375,499.9999695,-37.65625,-39.21875,-42.28125076,-58.78125,-62.35937881,-66.28125458,1.751767367,1.675730814,1.871298612,-82.5,-64.78407288
aspiny,-39.0465889,866.2029419,11.47035694,867.8809814,-57.51362991,865.9873657,294.4580375,-10.99600983,-219.2272717,-11.1327734,-57.34318161,869.0845947,0.000365332,1.343228245,0.576906812,-61.03125381,-57.62500254,-62.68750534,81.538488,0.00846,9.500000954,12.0729173,12.82500038,58.59378725,0.05428151,3.079438592,5.050994583,520,542.625,1010.000061,-38.09375381,-32.56250127,-44.46875229,-61.18750381,-57.82291921,-77.27500305,1.242690961,1.245319581,1.453792063,-92.12500763,-77.01545715
spiny,-41.24764252,96.37735748,40.48820877,95.81839752,-59.21875,79.625,365.5856482,-0.58077836,-88.49992366,8.536556244,-53.04598999,92.70755005,0.000970189,4.143655555,0.256881715,-54.06250381,-51.36458588,-56.67708651,190.926848,0.0335,43.43750381,45.18750127,47.07291794,186.718747,0.024248561,1.523063296,23.52938238,50,66.08333333,400,-41.0625,-36.87500381,-47.58854485,-59.46875381,-57.3333346,-70.85417175,4.094616644,4.506005198,4.916825093,-93.75000763,-70.87781525
aspiny,-39.95128632,31.5,20.65257263,31.27941132,-53.27481461,25.61764717,256.5656562,-14.99172783,-66.89657538,-0.207720578,-49.44485474,30.58823586,0.000938235,3.840462857,0.118675994,-50.12500381,-48.81250381,-50.875,605.953472,0.01134,25.90625191,26.4895846,27.125,460.6250226,0.061020117,1.268207104,23.78494657,20,22.04166667,180,-42.59375,-39.64583333,-42.6875,-52.90625381,-52.41666921,-65.125,3.658728964,3.863441519,3.522498438,-100.4687576,-64.30132294
aspiny,-35.65975952,206.4008179,21.09482574,206.9241333,-55.55661392,206.5735931,262.0769341,-5.127321243,-190.1733066,-4.555706501,-55.43070602,206.9139557,0.000503696,1.377725969,1.129330131,-59.37500381,-54.80208715,-58.92187691,227.124608,0.00524,27.93750191,16.5,30.56250095,194.6876049,0.024359576,1.131792768,11.28010031,140,138.2083333,280,-37.5,-26.65625191,-40.62500191,-59.56250381,-54.8958346,-63.59375191,1.388312292,1.090685915,1.431024413,-85.1875,-62.11468124
spiny,-36.99932861,562.7714844,28.00537682,560.5067139,-50.09173203,450.8642578,222.4761224,0.785618305,-68.17106789,10.59341431,-43.35248566,527.7191162,0.000959301,3.242642205,0.137281279,-46.09375,-49.43750381,-53.21250229,136.829808,0.045935,36.375,40.60416794,39.31875229,70.00003755,0.16930598,2.624783104,10.62133411,330,164.6666667,1270,-39.12500381,-41.07291921,-55.15000305,-56.0625,-57.43750254,-78.10000153,3.482182416,3.35395113,3.325752799,-84.84375763,-77.38655853
aspiny,-40.25284195,150.5568237,11.93181801,151.6818237,-56.125,92.38636017,159.912055,-6.113636494,-116.9991806,-10.38636398,-51.36931992,153.1136322,0.000730909,1.314667987,0.024154589,-56.125,-53.97916794,-58.03750229,211.235856,0.019835,26,19.52083429,28.18750038,216.4062411,0.028223684,0.796449472,31.50413555,70,81.75,469.9999695,-43.375,-35.28125,-46.72500076,-56.25000381,-54.07291794,-65.1875,1.710402655,1.286897496,1.77552384,-88.8125,-64.62149048
spiny,-30.64555931,331.2861938,31.38404655,329.1480408,-49.79523087,231.2236786,190.0905108,-6.338815689,-89.09414228,4.008223534,-40.87417603,322.358551,0.000928947,2.129954511,0.01461039,-44.56250381,-40.60416794,-54.125,204.49968,0.02006,30.37500191,32.8125,32.26562691,194.2187846,0.141468033,1.90657664,17.96490752,190,199.9166667,690,-32.65625381,-28.66666794,-46.53125381,-45.65625381,-45.87500127,-78.09375763,2.394147265,2.0307934,3.012102789,-97.71875,-77.80363464
aspiny,-31.77430534,162.7666626,20.41597176,161.8611145,-51.02083206,148.9416656,291.9374835,-6.809722424,-203.0426822,-4.63055563,-50.26736069,159.5055542,0.000429333,1.433861402,0.432782475,-52.37500381,-51.1770846,-55.68750286,182.054656,0.02512,23.53125,20.0208346,27.21875095,158.5935503,0.0871206,1.175188352,13.55386747,90,135.6249975,489.9999695,-32.875,-30.8958346,-38.89843941,-52.37500381,-51.19791794,-63.20312786,1.537106302,1.382193977,1.619767707,-81.21875763,-62.31948853
spiny,-36.984375,293.4375,26.48624992,291.5450134,-52.02187347,221.5274963,228.897091,-6.735000134,-74.45377631,4.960625172,-44.09562683,280.167511,0.0009572,3.081409719,0.111363638,-46.75,-47.56250381,-49.71250229,153.717232,0.15656,35.8125,39.03125,37.76250153,115.7812476,0.021045752,1.554880896,26.70890675,170,171.4583333,1600,-38.125,-38.72916794,-48.39375153,-54.50000381,-53.92708715,-79.99375305,3.518810192,3.582600722,4.037689637,-93.15625763,-79.58374786
spiny,-41.1116066,476.9482117,24.42321396,473.9821472,-54.43392944,355.3839417,206.2358674,-6.669196606,-43.43174321,9.665624619,-49.76428604,429.7124939,0.001487429,4.785412351,0.249999987,-49.31250381,-51.65625127,-56.21875,109.64168,0.04684,25.15625,38.78125,38.45312595,122.8125021,0.020306764,2.278529024,17.40617186,230,91.91666667,959.999939,-38.28125,-41.0625,-54.62500095,-52.8125,-59.16666667,-80.3515625,3.717273164,4.556972773,4.678072735,-93.90625,-80.49407959
aspiny,-43.23125076,554.5839844,7.726679325,555.6633301,-59.00404358,556.0330811,267.48048,-11.68327141,-242.6962217,-15.43485737,-58.89449692,556.5126953,0.00035303,1.097584971,2.630000884,-64.21875,-57.32292048,-63.21875191,220.416992,0.00394,14.62500095,8.489583969,17.53125048,74.21875,0.069682308,1.505283584,7.705134245,390,288.8333333,115,-49.65625,-34.84375127,-53.24219036,-64.28125763,-57.41666794,-73.5703125,1.219815297,1.036663338,1.251051729,-86.34375,-69.64250946
aspiny,-40.84000015,100.543335,36.58124924,100.3683319,-54.25333405,79.00666809,441.2825429,-0.894166648,-137.8510618,14.12625027,-51.22291565,98.99333191,0.000569867,3.204939784,0.10566601,-53.06250381,-50.29687881,-54.71875305,239.256544,0.01481,41.71875,33.92187691,44.55000076,210.1562172,0.100539938,1.91147776,11.33675382,60.00000381,102.625,310,-43.65625381,-34.734375,-47.02500305,-54.59375381,-50.43750381,-73.89375,3.132226683,2.966013444,3.085624335,-96.15625763,-73.09561157
spiny,-36.1831398,329.2645264,36.31904221,327.9796448,-54.0283432,225.662796,308.5646157,-0.720930219,-97.58908666,15.53924465,-47.75,312.6715088,0.000819535,3.202744503,0.108928574,-49.31250381,-48.80208588,-52.140625,209.658016,0.02489,38.5,42.96875,43.10937595,190.6250417,0.026623921,3.031870976,81.62895196,170,68.70833333,750,-35.53125381,-32.48958333,-44.71093845,-49.5,-54.13541921,-80.37500381,3.138349774,2.955950298,3.331742707,-100.28125,-79.10405731
aspiny,-33.4452095,315.4415588,20.60430145,314.7938232,-52.46387863,233.5470734,227.6073151,-9.004464149,-53.82098328,-8.263798714,-48.42288971,303.6055298,0.001114286,4.246493686,0.172071336,-49.59375381,-51.21875254,-57.80208588,171.748544,0.06382,20.59375191,25.40625064,23.19270865,128.4374595,0.000523031,1.504260608,10.01508242,180,175.6666667,760,-32.65625381,-33.79166921,-38.62500318,-53.15625381,-54.64583588,-76.95833842,3.886081703,4.419948464,2.44895543,-90.56250763,-76.30500031
aspiny,-33.9305954,312.6090088,20.1188221,311.9549561,-45.9642067,263.3829956,197.6885408,-12.29378605,-57.24924906,-3.815588713,-43.73273849,297.7761536,0.00110407,3.535633226,0.289957865,-47.84375,-48.4895846,-53.30468845,214.000448,0.03168,24.53125,30.93750254,23.82812548,174.999997,0.015358873,2.141158144,12.68423585,190,180.4166667,750,-35.43750381,-34.22917048,-34.84375286,-48.68750381,-50.21875381,-74.96094322,2.932410165,3.230658749,2.289070631,-90.84375,-74.61026001
spiny,-31.20350647,199.1112823,32.59298706,198.1493835,-45.89100647,161.9192047,244.7393257,-1.122713447,-81.16222325,16.71646309,-41.16234589,191.6143341,0.000869268,3.057235501,0.246835442,-48.03125,-48.07812691,-56.01562691,150.108,0.06526,37.37500381,38.5625,39.11719036,176.7187119,0.239685759,1.642920448,16.3912562,90,109.625,570,-32.6875,-33.234375,-42.69531536,-48.53125381,-50.39062881,-69.75000381,2.635845614,2.575388211,2.495414356,-87.62500763,-68.423172
spiny,-38.39333344,118.6833344,32.79583359,117.7216644,-51.22624969,101.3116684,307.5873867,-5.228333473,-106.2788725,7.478333473,-44.35666656,113.4116669,0.000744,2.900383224,0.213542372,-44.03125,-48.72916921,-54.89375381,169.603616,0.0576,32.50000381,40.33333588,30.25625191,144.0626085,0.12709412,1.977444736,16.99838006,80,93.54166667,770,-38.6875,-40.88541667,-43.9625,-53.4375,-54.53125,-70.74375305,2.963525439,3.157540341,2.615686301,-85.25000763,-69.65485382
aspiny,-42.91537094,399.7664795,4.933935165,401.2735291,-58.55476761,401.5142517,227.5033611,-16.68087959,-160.0795362,-14.59851837,-58.42699051,402.2835083,0.000483437,1.418673713,1.179896142,-62,-56.27083588,-63.18750286,242.826256,0.00634,15.75,11.36458397,19.64062548,124.3750378,0.00342072,2.314867968,23.77119293,270,261.625,469.9999695,-44.34375,-34,-48.72656441,-62.125,-56.33333715,-78.07812691,1.463029267,1.241659007,1.436268809,-91.75,-77.40342712
aspiny,-42.34595108,152.4401398,14.90536976,151.7940216,-56.99868011,136.3926086,284.1712243,-16.7178688,-164.9621395,-11.47447205,-56.21654892,149.5105591,0.000510423,1.718755186,0.174330357,-60.56250381,-61.78125381,-64.25625153,253.779808,0.01648,18.1875,37.33333588,35.68750153,153.2812417,0.032016896,1.274470912,10.40434083,90,105,340,-47.71875381,-46.60416921,-49.78750305,-60.71875381,-61.8125,-71.35000458,1.941118505,1.759909901,1.889298836,-88.21875763,-70.6198349
aspiny,-34.97031403,118.1583328,11.0197916,117.90625,-51.87760544,109.3770828,204.3365966,-11.07135391,-140.6724433,-10.00520802,-51.22603989,116.5500031,0.000516917,1.449984459,0.446486486,-53.75,-53.1458346,-58.77344036,246.92152,0.02504,12.8125,14.83333365,10.89843822,249.3303567,0.125099853,1.477957632,22.93173072,70,70.375,440,-39.625,-35.9375,-42.0859375,-53.84375,-53.22916667,-65.50781441,1.660508046,1.557966212,1.631052495,-94.46875,-65.52274323
aspiny,-43.72783279,82.90552521,39.852108,82.58430481,-55.7972374,67.71656799,442.8213309,-2.877180338,-130.3925578,19.6682415,-54.0868454,80.52180481,0.000656977,3.425699025,0.377857143,-56.40625381,-55.4270846,-57.94375305,354.636608,0.01138,44.53125381,46.00000254,47.57500076,280.7812989,0.091777943,1.718087936,12.47450378,50,38.375,220,-45.09375381,-41.78125254,-47.10625305,-56.50000381,-56.07291921,-73.03750153,2.833660512,3.199560267,2.853795544,-98.18750763,-72.29472351
spiny,-34.88750076,425.2607117,35.32321548,424.8214417,-52.75982285,290.8357239,300.1057838,1.412500024,-81.89332764,18.44464302,-44.35178757,398.9393005,0.000882286,3.733115522,0.04444444,-44.56250381,-43.75000127,-50.18125229,175.722784,0.05044,36.15625381,34.72916921,40.84375153,141.5626109,0.072691992,2.208338688,18.77885834,190,113.2916667,969.999939,-32.03125381,-30.41666794,-46.73750076,-51.53125,-55.03125254,-77.14375305,3.447320875,2.908717523,3.533174389,-92.65625763,-76.40544128
spiny,-32.41736221,161.4277802,30.01874924,161.4333344,-54.14097214,131.3611145,349.423712,-1.533333302,-114.1777119,12.11111069,-43.52916718,156.3999939,0.000588333,3.055581529,0.150351706,-41.46875,-41.82812786,-46.83125153,147.077856,0.074265,36.625,35.86718988,37.81250153,151.0937959,0.065748326,3.78912768,20.23514682,70,70,1030,-32.59375381,-31.81250191,-45.39375229,-53.06250381,-56.00781441,-75.29375458,3.343085733,3.097301828,3.306770191,-90.125,-73.77761078
spiny,-38.02586365,94.41379547,18.40732765,94.1810379,-53.25431061,70.03017426,186.1581016,-10.66163826,-73.70868625,0.431034476,-41.91271591,93.48706818,0.000832069,2.509833289,0.13655222,-44.96875,-45.6770846,-48.73750153,149.066784,0.05453,30.81250191,33.34375064,23.76250153,118.0803776,0.094458766,1.89107648,16.17767183,50,59.58333333,630,-40.81250381,-42.15625127,-47.40000229,-56.34375381,-48.76041921,-68.59375458,2.96935901,3.043817415,3.014031811,-80.62500763,-68.41317749
spiny,-41.02441406,269.2070313,33.97753906,269.0898438,-57.41308594,190.078125,342.9107155,-7.25390625,-98.67232032,10.91601563,-49.22265625,264.2421875,0.000803438,3.526373702,0.146996135,-49.78125,-49.53125127,-52.46875,138.391264,0.053565,39.59375381,43.25,40.8125,169.6875393,0.048537925,1.736040609,21.18523332,110,88.25,890,-39.28125,-38.56250127,-50.2864596,-56.03125,-55.44791794,-82.30729421,3.254222768,3.38149308,3.446974464,-100.4375,-81.57408142
spiny,-40.02591324,379.7408447,33.05945206,378.5670776,-54.99618912,280.5792542,320.4711097,-7.987042904,-86.54113809,12.84451199,-48.52591324,362.0731812,0.000880976,3.728894636,0.099106176,-48.93750381,-52.18750254,-53.40625229,168.438864,0.02974,34.40625381,40.64583588,38.05000076,128.0648261,0.074231535,1.32132992,33.84240546,220,104.7916667,900,-39,-37.5833346,-45.60000153,-54.84375381,-58.21875381,-71.45000458,3.60454163,3.494415158,3.588288407,-85.62500763,-72.22658539
aspiny,-39.22925568,328.2426453,27.14889717,328.1827698,-49.47977829,257.420166,266.4251849,4.208508492,-93.54186611,-3.205619812,-43.93172455,315.3497925,0.000676471,2.86228371,0.269935686,-46.62500381,-48.5625,-58.31250305,123.479544,0.02422,28.90625191,32.109375,31.33125153,112.1875048,0.067892171,1.56393408,6.838217434,190,186.4375,640,-39.68750381,-38.54687691,-41.46250153,-50.8125,-51.78125191,-71.70000305,3.021831426,3.245671188,2.255687776,-83.4375,-70.78621674
aspiny,-38.4967308,78.87063599,20.2899704,78.46947479,-54.2859726,67.54941559,246.5664691,-14.3190403,-81.21800188,-6.825581551,-51.77507401,75.97093201,0.000872267,3.037341141,0.457671958,-52.50000381,-53,-53.90625,341.928832,0.021625,21.375,23.875,22.5,279.0625095,0.101829849,1.317689984,15.78023149,50,49.5,390,-40.87500381,-37.43750381,-39.25,-53.71875,-54.18750381,-73.84375763,2.994379114,3.08463539,2.865692067,-99.90625,-73.48133087
spiny,-35.3671875,150.4609375,38.5,149.6171875,-51.49902344,105.7695313,243.5212418,-2.47265625,-70.41119899,16.90234375,-40.42578125,137.5859375,0.001094687,3.477040874,0.147991077,-43.09375381,-46.22916794,-48.54687786,165.520208,0.08169,38.71875381,49.86458715,41.77343941,161.2500399,0.06777627,3.191638272,23.52280386,90,90.625,979.999939,-36.56250381,-38.21875127,-37.75781536,-53.84375,-54.93750254,-77.61718941,3.455637882,4.263918919,3.433396088,-93.15625763,-76.41734314
spiny,-46.80443573,67.35887146,43.10181427,67.14919281,-61.97983932,50.92741776,406.3072566,-8.983870506,-116.7910061,7.561491966,-58.09677505,65.22983551,0.000879355,3.480198716,0.382258065,-57.31250381,-50.96875,-55.98125305,204.173088,0.03222,43.81250381,44.43750127,41.51250076,237.1873856,0.006101443,2.8136064,24.8064216,40,69.5,479.9999695,-45.375,-39.63541921,-45.79375305,-59.87500381,-52.8645846,-77.71875153,3.568163946,3.725292799,3.592895721,-101.4375,-77.49941254
spiny,-37.38772964,80.57407379,38.7245369,80.34259033,-57.17477036,60.63425827,352.0795624,3.950231552,-91.98165382,16.40856552,-47.9432869,76.03704071,0.000821481,3.828702951,0.193181818,-47.5,-46.63541921,-49.265625,218.161152,0.04736,42.25,44.13541794,46.5390625,133.6161494,0.038417719,2.756974336,19.87590008,50,47.29166667,650,-36.28125,-35.60416667,-46.84375095,-57.53125381,-55.28125127,-70.57812691,3.989207835,3.973301865,4.312351591,-85.03125,-69.93441772
aspiny,-36.95833206,67.14167023,17.45555496,66.52222443,-49.47638702,56,213.6425901,-11.79583359,-71.69777095,-0.797222197,-47.73125076,64.01667023,0.000856889,2.987286838,0.039324034,-51.65625381,-48.83333715,-54.04375229,323.563648,0.0083,23.5625,19.8645846,25.55625114,328.9061785,0.089802332,1.233433856,18.45985224,40,60.7916654,170,-39.34375381,-33.83333715,-43.60625076,-52.12500381,-49.37500127,-61.64375381,2.824638487,2.821339566,2.810276765,-96.40625,-60.87068939
aspiny,-41.79639816,548.2655029,9.333248138,549.2176514,-64.99898529,548.62677,357.8223427,-14.02291203,-328.0646333,-17.5471611,-64.87067413,550.2280884,0.00028777,1.086865875,1.190481809,-65.15625,-58.04687691,-65.31875305,131.534336,0.006185,11.78125,3.828125238,21.58750038,91.71886742,0.042706203,1.224139264,6.285929626,320,412.25,570,-34.96875381,-31.21875095,-46.21875153,-65.28125,-58.12500191,-74.0625,1.008696889,0.888078852,1.215184533,-83.71875763,-72.91931152
aspiny,-42.85483932,355.9428406,18.13530731,356.5224304,-65.14816284,356.1007385,378.1220905,-12.14607239,-311.6679898,-7.241453648,-65.04501343,356.9603271,0.000341587,1.212285148,1.306948309,-66.8125,-65.83333588,-69.38125458,173.273024,0.00726,20.78125,19.70833397,27.36875153,93.59382838,0.006953167,1.198966144,6.99814492,240,248.9583333,479.9999695,-40.28125,-35.91666921,-47.36875153,-66.84375763,-65.87500509,-71.3,1.156830101,1.071393546,1.26291696,-81.65625763,-70.4970932
aspiny,-45.15429688,106.6015625,28.53710938,106.1328125,-60.5625,92.84375,234.1574628,-1.673828125,-111.6366497,3.728515625,-60.33984375,104.5625,0.0008225,2.080442903,0.031118546,-60.87500381,-53.90625,-60.43750238,186.430288,0.0099,38.1875,43.71875,41.60937691,193.9062774,0.026498538,1.761011968,23.71895288,50,20.5,249.9999847,-47.28125381,-42.125,-48.26172113,-60.9375,-53.93750381,-61.97265816,2.497756716,2.919072278,2.761006117,-82.1875,-61.12627792
aspiny,-42.45975494,83.09469604,28.08428001,82.41287994,-54.88494492,64.79166412,298.0814061,-5.400568008,-81.50038426,11.190341,-51.89299393,78.88636017,0.000882121,3.689693167,0.390728477,-53.25000381,-48.84375254,-54.89375305,322.24704,0.0156,38.34375381,39.47916794,40.28750229,206.0937434,0.03076127,1.461137408,13.12319826,50,45.58333333,290,-45.56250381,-40.04166921,-48.75000153,-54.53125381,-53.36458333,-74.34375305,3.347763464,3.920274076,2.963470072,-99.03125763,-73.67960358
aspiny,-30.99970436,254.370285,23.33873749,254.787735,-42.46196747,182.4056549,205.3365853,-10.68042469,-71.79889307,5.326945782,-37.13502502,248.004715,0.000915849,2.849719623,0.020653358,-46.40625,-43.82812595,-50.75000381,249.270368,0.0082,36.96875381,34.43750191,41.34375381,189.062506,0.176246226,4.76146432,8.203484755,150,146.4999962,320,-35.71875,-33.640625,-44.96875,-48.21875381,-44.00000286,-72.40625763,3.098568118,2.452905174,3.283151767,-83.78125763,-72.50944519
spiny,-27.1984005,433.5523376,18.5,430.8924561,-48.74200439,323.6947632,174.016681,-0.830668628,-50.21186232,9.385174751,-43.71075439,401.5261536,0.001498256,3.333535363,0.050968084,-44.68750381,-42.13541921,-48.26562818,213.685792,0.03385,21.25,33.00000318,39.77604167,86.2499997,0.011118387,4.869199872,13.76582632,230,94.91666921,960.000061,-28.09375191,-26.7291673,-41.7864596,-49.6875,-50.69791921,-71.83333842,2.92110965,3.10226558,3.913313266,-82.59375763,-74.00559998
aspiny,-29.81998253,80.55633545,20.5004406,80.12147522,-44.24559784,68.29929352,191.073039,-9.417253494,-74.31917841,-0.560739458,-42.34683228,77.7904892,0.000884507,2.560138112,0.185820896,-43.96875381,-46.64583715,-55.11250076,365.973088,0.02778,26,30.68750127,28.16875114,229.3750346,0.062878184,1.136351616,17.26674051,50,37.375,330,-32.18750381,-33.60416794,-38.60000076,-44.03125,-46.95833715,-68.10625153,2.731493927,2.998006893,2.862373366,-96.78125,-67.55871582
spiny,-37.95198059,43.02743912,41.80564117,43.08231735,-54.471035,38.17683029,416.3412213,-4.177591324,-91.38668127,17.3269825,-46.86433029,42.69512177,0.000886341,4.557567732,0.255474449,-47.71875381,-47.50000381,-49.97916857,239.1248,0.04008,43.65625381,44.06250381,44.0416673,231.718868,0.043710481,1.116916992,31.65200963,30,30.62499809,580,-37.65625,-36.4375,-43.28125381,-55.15625381,-53.87500381,-66.03125254,4.461063018,4.604419162,4.710586322,-88.15625,-65.29404449
spiny,-40.78125,282.3345032,30.04313469,280.0827332,-56.91065216,218.936615,239.9739349,-4.057218075,-99.56810764,5.997799397,-54.52772903,265.0704346,0.000872324,2.404769619,0.177272731,-55.28125,-53.04167048,-61.04375381,225.403856,0.056105,41.25,41.47916794,40.83125153,172.6561785,0.166490689,1.411097216,15.37036211,150,165.625,640,-38.00000381,-34.76041794,-49.77500076,-55.37500381,-53.96875254,-77.73750305,2.816590961,2.511253506,2.844464321,-95.93750763,-77.4682312
spiny,-33.73879623,287.14151,18.46285439,286.4622498,-45.32340622,223.603775,149.7584837,-11.56721687,-54.07335142,-0.125294805,-38.88767624,268.81604,0.001078585,2.787920974,0.209302336,-47.56250381,-48.62500381,-54.71875229,169.12584,0.017515,20.31250191,30.37500191,16.71875076,151.5628844,0.112007253,1.40097984,12.59772403,180,141.5,720,-37.78125381,-35,-41.48750305,-47.56250381,-51.18750381,-79.43125305,2.524996154,2.292006651,2.329788403,-97.68750763,-78.52000427
spiny,-43.16508102,94.70652008,43.57676697,94.9728241,-58.86888504,76.52173615,470.028777,-3.573369503,-103.7880913,11.59646702,-50.21467209,95.0353241,0.000786522,4.531971629,0.206735156,-51.09375381,-50.79167048,-53.73437691,176.097296,0.0412,40.31250381,46.31250254,43.21875286,192.4999952,0.099343538,1.993408512,24.94367576,59.99999619,65.04166667,740,-42.34375,-41.97916794,-47.49218845,-60.15625381,-58.25000254,-74.84375381,4.352241433,4.766816206,4.348514219,-94.96875,-74.24310303
spiny,-36.19176102,196.3238678,38.75141907,196.8636322,-51.79829407,150.6846619,351.9452228,-4.153409004,-87.58877318,18.80681801,-42.59019852,191.5681763,0.000858182,4.0241288,0.157618215,-43.65625381,-46.95833715,-49.2890625,141.880352,0.08362,38.84375,40.89583588,38.87500286,125.7813275,0.138712525,1.46773632,23.41381857,110,108.3749975,1110,-34.78125,-38.14583588,-41.78906441,-56,-57.55208715,-73.10938072,4.133757105,3.997912125,3.703127326,-86.78125763,-72.15068054
aspiny,-43.52019119,180.2431641,23.77353096,179.941803,-63.60918808,179.1543884,317.7653038,-5.735599995,-230.9147381,-6.050252438,-63.44143295,179.5671082,0.000452637,1.375990179,1.005949942,-64.40625,-62.59375254,-65.4375,226.82648,0.007635,26.5,24.9166673,31.48437627,148.7499923,0.056528941,1.097008128,10.53006354,110,141.5416667,350,-42.125,-35.21875127,-47.2239596,-64.50000763,-62.70833588,-71.21875127,1.378921057,1.204429109,1.405635464,-87.0625,-70.46586609
aspiny,-35.53266907,318.2826843,28.55717278,317.4588013,-54.15909195,247.6122131,283.4562488,-2.485795498,-68.17165193,10.93288326,-49.0234375,294.9005737,0.000928182,4.192884211,0.13814655,-53.40625381,-54.18750381,-53.14583588,112.804928,0.0454,31.00000191,32.07291985,33.3020846,107.9687849,0.031453487,1.517475712,8.412761681,170,144.6666667,750,-33.8125,-34.85416921,-41.10416667,-57.4375,-57.9270846,-74.08333333,4.411580612,4.396414265,2.635023895,-86.18750763,-74.05693054
spiny,-35.2421875,207.1944427,40.93663025,207.6458282,-52.12239456,151.53125,260.5649697,8.7109375,-119.1886098,17.31336784,-44.15538025,207.1388855,0.000733333,2.174133941,0.156885513,-47.25000381,-44.13541921,-51.03125305,94.153832,0.031845,45.875,46.41666667,49.51875229,145.6248909,0.095529489,2.379266304,15.75854954,110,141.1666667,680,-35.1875,-32.38541921,-45.57500305,-53.71875381,-50.8958346,-70.08125305,2.484417006,2.456351596,3.371986111,-86.84375,-69.39719391
aspiny,-39.98791122,378.7645569,5.372941494,379.1858215,-58.99931335,377.7548523,231.679927,-13.22397614,-199.9196861,-16.57316208,-58.83076477,378.8148193,0.000410313,1.151749269,1.441685624,-58.81250381,-53.01041921,-62.26875381,163.21872,0.008925,5.187500477,2.333333333,17.40625114,109.843865,0.034431897,1.057886848,7.326141214,240.0000153,203.4166667,187.9999878,-34.25000381,-31.76041667,-48.71875,-58.96875381,-53.06250254,-75.23750305,1.091131956,1.006944495,1.374924446,-98.5625,-75.12135315
aspiny,-34.71875,361.618866,20.37729454,362.380249,-58.16859818,359.0069885,243.8996335,-5.412150383,-176.5406666,-6.711319923,-58.02666092,360.6525269,0.00055014,1.376768325,0.534865465,-62.375,-54.94791921,-63.84375509,219.982944,0.04572,24.71875,16.28125,32.68750127,180.3571135,0.071558677,1.931697024,15.78016119,170,173.8333333,479.9999695,-34.03125381,-29.66666857,-43.75000127,-62.375,-55.02083588,-70.93750509,1.312381897,1.246499468,1.673305455,-91.68750763,-69.91544342
aspiny,-45.55574417,234.0248718,26.9246769,234.3258667,-67.38076019,233.2880859,444.0446728,-8.951089859,-341.5382579,-2.932432413,-67.20308685,234.4269104,0.000343145,1.300537462,1.308745773,-68.40625763,-68.21875763,-69.90000458,272.426528,0.01274,29.28125191,32.13541857,33.09375153,137.6562417,0.050184608,2.17548416,4.968830667,140,140.2499949,440,-42.87500381,-43.21875,-49.16250153,-68.50000763,-68.30208588,-82.28750305,1.230933759,1.238083829,1.286972965,-95.875,-80.55862427
spiny,-38.99330521,362.2440491,34.0111618,362.2827454,-55.58705521,269.8244019,289.5394177,-3.375744104,-77.08945533,14.06696415,-51.86979294,340.5595093,0.000986905,3.760206299,0.120848486,-50.62500381,-50.35937595,-53.57500305,170.554016,0.026815,37.53125381,34.82031441,43.90000153,155.9375376,0.018523837,1.203523072,16.92256048,170,114.8749924,560,-37.1875,-33.92969036,-48.71875153,-53.59375,-55.55468941,-69.28125153,3.569429674,2.959359404,4.073818797,-85.40625,-68.93457031
aspiny,-37.24123764,275.8002319,33.84345627,276.2464905,-49.38230133,202.0514069,401.6556927,-0.550233662,-112.0764487,18.89865685,-43.84375,270.4345703,0.000602897,3.60326227,0.20133929,-48.37500381,-44.18750254,-50.30625153,179.405712,0.00798,39.5,44.38541921,43.93750153,162.5000834,0.056426968,1.518428672,9.618113206,170,176.2916667,360,-41.09375,-38.90625127,-45.35000153,-51.50000381,-50.65625254,-68.98125305,3.032605464,3.801146662,2.892866689,-86.40625,-68.18525696
spiny,-39.80422974,189.25,29.61580849,188.4007416,-55.140625,155.0036774,306.5532558,-6.118566036,-124.2769199,4.969669342,-45.71323395,185.4448547,0.000631618,2.462254741,0.120472453,-45.71875,-49.78125254,-52.77500229,100.336832,0.079025,33.5,37.03125254,33.31875076,93.75,0.179232121,1.447403776,16.97592585,120.0000076,133.4583333,1320,-40.6875,-41.72916794,-51.60000305,-58.3125,-55.75000381,-75.2000061,2.728328566,2.731116566,2.755016033,-83.78125763,-73.87113953
spiny,-48.90964508,61.20108795,38.73641205,61.04891205,-61.42119598,47.89130402,355.3058528,-8.815896988,-76.33663032,4.397418499,-52.77445602,58.68478394,0.001059565,4.643448819,0.24629156,-55.50000381,-53.8958346,-56.26250229,173.540128,0.03694,44.28125,46.16666794,40.20625229,241.5626049,0.030267382,1.356841728,23.63712353,40,52.99999873,101.9999939,-49.81250381,-48.01041921,-48.49375229,-63.59375381,-60.76041921,-77.51875153,5.344802578,5.614288985,5.040954433,-101.3437576,-76.68501282
spiny,-35.84966278,143.25,31.64864922,141.5506744,-53.15287018,114.5574341,244.5745777,-6.448479652,-90.4116407,6.771114826,-43.84037018,134.6013489,0.000862027,2.700674407,0.169352799,-46.5,-47.54167048,-49.39843845,140.105984,0.03303,33.8125,35.65625381,30.63281441,122.1875399,0.275506884,1.451394048,17.380151,90,68.04166667,720,-38.40625381,-38.68750254,-43.67187595,-56,-54.41666921,-66.8046875,2.900882151,2.892413448,2.853081049,-81.03125763,-66.04310608
spiny,-40.36837006,143.4772797,37.89204407,143.7765198,-53.80397797,109.867424,346.0415957,-3.482954502,-137.2255462,7.198863506,-48.56060791,143.6742401,0.00066803,2.521383558,0.15288916,-48.87500381,-51.53125254,-52.13750153,101.892496,0.040735,40.40625381,41.27083588,39.45000229,94.14057434,0.143868208,2.849462272,22.65719391,70,62.79166921,610,-40.78125381,-44.06250127,-49.90000229,-55.03125,-55.50000254,-64.50625153,2.610574306,2.744408373,2.814775518,-73.65625,-62.67351532
spiny,-44.375,141.3687439,47.6328125,141.1499939,-62.08124924,95.78749847,511.1339479,-0.484375,-124.7084277,12.03750038,-52.91093826,138.7124939,0.000733,4.101808937,0.265686275,-51.28125,-49.08333333,-52.16875229,161.193248,0.04176,51.28125,53.00000254,51.20000381,147.1875459,0.036321629,1.253075712,16.40000663,70,93.79166412,630,-42.03125,-39.66666921,-46.49375229,-58.9375,-54.55208588,-74.91250305,4.290042212,4.340202549,4.628209754,-90.03125,-74.22068024
spiny,-42.25265884,157.1861725,41.62765884,157.2579803,-56.75997162,126.1835098,444.4439388,0.557845771,-114.052816,16.37100983,-53.75531769,154.2952118,0.000761596,3.926297196,0.271532343,-54.96875381,-52.83333715,-58.30000381,201.752208,0.051805,40.06250381,42.30208588,42.03750076,193.4375465,0.019045711,2.420234752,20.74167898,80,77.95833333,590,-40.78125381,-39.7395846,-47.08750229,-56.46875,-53.73958588,-81.21250458,3.369661277,3.609647248,3.595929971,-98.81250763,-80.52465057
spiny,-43.06818008,168.0757599,33.75473404,167.5568237,-61.29545593,117.8939362,292.3729634,-10.96401501,-89.3175008,7.625946999,-56.33712006,159.7462158,0.000967879,3.275778907,0.140803109,-58.46875,-57.38541921,-61.05469036,201.381808,0.044805,34.75000381,40.19791921,36.28906631,171.0935533,0.100417703,1.339615104,17.76605752,90,96.74999746,630,-45.28125381,-41.8020846,-49.10937881,-62.21875,-62.19791921,-77.85156441,3.471313804,3.599549595,3.393487369,-97.09375,-77.6002655
aspiny,-37.18584824,403.5101318,24.79467392,403.8551941,-56.48987579,399.1817932,362.3586326,-4.694432259,-221.531138,-2.624339819,-56.16692352,403.2046509,0.000403732,1.637326035,0.48411215,-56,-54.85416921,-58.48750076,146.467936,0.022895,24.6875,20.21875191,32.26250191,65.78136981,0.045990992,2.071083776,6.504612138,260,247.5416412,860.000061,-32.15625,-33.21875,-41.01250076,-56.15625,-56.91666921,-77.61875305,1.515334298,1.622541534,1.688271469,-94.15625763,-77.5109787
aspiny,-36.96469879,144.9143524,21.88599586,144.3773193,-53.59606552,112.557869,227.2037355,-5.611111164,-46.40717713,-3.075810194,-50.02430725,135.6643524,0.001211481,4.924622186,0.169466073,-51.03125381,-51.08333715,-52.21875191,147.754832,0.04436,21.375,24.50000127,25.78125191,68.86149198,0.100462347,1.610792576,10.7615743,90,81.08333333,469.9999695,-36.90625381,-36.70833588,-40.85937691,-53.87500381,-55.69792048,-62.515625,4.538640293,4.737380556,2.977153045,-74.90625,-61.57075119
spiny,-38.671875,180.6517792,33.0625,180.0089264,-55.78125,110.9285736,324.3279006,-6.680803776,-89.22307114,13.15848255,-47.5825882,174.3839264,0.000828929,3.64565998,0.21355042,-47.4375,-47.83333588,-51.10625076,256.709568,0.05031,36.65625,37.75,35.61875,258.4374845,0.013316276,2.559774976,21.39422586,90,46.54166667,610,-37.875,-36.12500127,-46.57500153,-50.09375,-53.79167048,-73.10625,3.799742222,3.533723688,3.39953429,-96.9375,-71.55059814
aspiny,-37.98936462,216.9835052,26.86914063,216.9019165,-52.16862106,188.818573,298.0161298,-3.46484375,-85.96798796,5.496961594,-50.151474,211.0581665,0.000767639,3.501989942,0.303639855,-53.4375,-50.05208715,-55.97500153,183.09056,0.0289,25.62500191,26.9895846,33.10625153,143.9061761,0.026340136,1.137969024,9.050988373,140,133.125,520,-34.84375,-34.50000127,-40.90000153,-54.50000381,-52.01041794,-72.42500305,2.980973444,2.859880976,2.546600638,-88.40625763,-72.55799103
spiny,-31.98749924,398.46875,35.56999969,397.6950073,-45.16937637,313.6487427,256.6256186,2.716875076,-94.29457871,14.84468746,-39.78187561,386.6375122,0.0007809,2.734290543,0.192025071,-48.34375,-47.21875254,-53.00625153,121.16748,0.057935,44.8125,42.82291794,43.72500153,115.4686734,0.12278828,2.147547136,13.66801164,209.9999847,176,889.999939,-33.34375,-31.92708524,-44.81250229,-48.96875,-51.22916794,-76.87500305,2.809832498,2.510283319,2.627868018,-90.3125,-75.91931915
aspiny,-36.94468689,46.02125168,38.63750076,45.97874832,-55.78281403,43.54999924,329.6720411,-2.060937405,-119.2076961,13.34843731,-54.95562363,45.25374985,0.000778,2.764302813,0.719768224,-56.28125381,-56.80208715,-58.50000381,673.618944,0.0205,48.90625,47.95833588,48.81250381,129.9999952,0.035535719,1.298338688,4.907479877,30,33.58333333,260,-39.5,-40.57291921,-48.56250381,-56.43750381,-57.03125254,-76.84375381,2.910406143,3.087018158,3.163019626,-93.75000763,-76.56216431
spiny,-38.84687424,234.0062561,37.31093597,232.1187439,-57.41249847,159.78125,321.2883579,0.778124988,-78.34149999,16.86562538,-48.65781403,218.84375,0.0009675,4.10834757,0.110212429,-48.46875381,-48.62500127,-52.15000229,150.261648,0.04437,38.87500381,38.96875254,45.67500153,157.5000435,0.093377151,1.474796288,21.94694767,110,66.04166794,760,-37.5,-36.17708588,-51.11250381,-52.21875381,-54.20833715,-75.2312561,4.015347909,3.735824428,4.964644905,-92.21875763,-74.51540375
spiny,-37.91999817,157.0424957,38.81187439,157.1674957,-56.24250031,119.9225006,343.7369986,-0.922500014,-103.2215478,18.82187462,-48.30437469,149.8724976,0.000794,3.332023653,0.127651515,-49.6875,-47.93750254,-52.83125229,158.798208,0.05754,43.875,46.1458346,47.18125229,153.1247944,0.059568767,1.80150272,18.56210892,90,81.33333333,800,-38.90625,-35.67708333,-48.15,-56.93750381,-57.57291794,-73.79375153,3.647002371,3.569836504,3.87221611,-89,-73.59854126
spiny,-41.39147568,355.904541,43.17954636,356.6295471,-53.76306915,262.9772644,378.3860203,1.135795474,-96.3240584,22.84034157,-46.35454559,347.9841003,0.000842182,3.967029898,0.1175,-46.84375381,-49.3020846,-51.41667048,127.279,0.07214,49.71875381,51.80208588,50.26041794,76.40628517,0.052710429,1.179630848,12.78155391,210,165.5833333,1190,-38.78125,-41.44791921,-48.48958588,-54.15625,-53.93750127,-79.65625763,3.940399628,4.116552681,3.927805583,-88.28125,-79.43108368
aspiny,-37.57569122,572.7846069,17.04514503,574.0413818,-62.86746979,573.6448364,319.9375696,-5.319891453,-287.591073,-11.33654594,-62.73751068,574.9350586,0.000353196,1.111296131,1.364870424,-65.15625,-57.18750381,-62.78125286,161.001792,0.004955,25.50000191,14.21875032,16.28906298,105.1562503,0.028080856,1.073262848,7.768727921,370,288.9583333,540,-34.71875,-29.44791857,-41.60156631,-65.28125,-57.27083588,-75.17187691,1.15719534,1.105851776,1.346553805,-100.4687576,-74.09919739
aspiny,-39.25,115.6999969,17.18645859,115.3916702,-55.54218674,92.34791565,180.7527233,-8.248958588,-56.71026267,-7.715624809,-51.64531326,107.2624969,0.001144667,3.205397188,0.216873449,-53.90625,-54.01562691,-57.85156631,504.673856,0.06924,18.5,26.01562595,22.27343893,192.3438609,0.046445452,1.535043072,8.628949162,70,66,469.9999695,-38.90625,-38.00000191,-43.53125095,-57.81250381,-58.29687881,-78.93750191,3.181647752,3.251448386,2.399297574,-98.50000763,-78.8708725
spiny,-30.75961494,138.7339783,37.03044891,138.1282043,-49.81009674,105.3237152,300.0341617,1.891025662,-72.33847537,16.09214783,-39.89663315,127.0544891,0.000925641,4.150502812,0.176893939,-43.46875,-41.23437691,-47.81250191,172.292464,0.04358,39.03125381,40.51562881,44.546875,167.8126156,0.054117933,1.116672256,22.27617917,70,60.0625,570,-30.34375191,-30.43750095,-41.54687881,-50.65625,-51.70312691,-64.01562691,3.995082153,3.749904814,4.166005004,-83.53125,-63.95668411
aspiny,-45.01388931,99.7638855,35.53125,99.40277863,-58.37847137,81.84722137,410.4549089,-7.006944656,-142.7222445,16.62638855,-56.26111221,97.79166412,0.000608889,2.875890089,0.311997013,-56.875,-52.95833715,-56.43750229,225.293296,0.02326,40.4375,43.3020846,41.67500076,231.5624207,0.023629462,1.29317184,21.67014661,59.99999619,72.08333333,499.9999695,-47.09375381,-43.02083588,-45.36875153,-57.09375381,-53.07291921,-71.51250458,2.994170427,3.03679151,2.881534015,-96.03125763,-71.28071594
spiny,-36.75,253.5637207,25.80882263,252.5735321,-53.43627548,191.0073547,225.0439349,-11.17156887,-52.48464679,9.240196228,-48.49571228,227.6740265,0.001268529,4.309548363,0.188541684,-49,-50.47916921,-57.55000153,497.134656,0.061705,32,35.28125254,35.19375229,184.0625852,0.028659742,2.693441024,19.3543002,110,53.20833206,164,-38.25000381,-37.96875,-47.84375305,-55.53125381,-58.05208588,-79.47500458,4.090604062,4.209598783,4.179190465,-97.87500763,-79.03540802
aspiny,-39.6618309,69.5982132,31.25,69.30357361,-59.90625,64.1205368,235.1998988,-1.417410731,-102.6702945,8.339285851,-59.4665184,67.95088959,0.000879286,2.284512479,0.354924242,-60.28125381,-57.87500381,-60.86718845,200.85856,0.01294,37.21875381,41.3125,39.890625,257.8123212,0.089627959,1.18119296,25.1412489,40,36.875,280,-40.5,-38.50000381,-42.65625095,-60.40625381,-57.96875381,-62.27343941,2.601720836,2.944773864,2.884029225,-89.90625,-61.29227448
spiny,-45.06116867,200.6569214,42.87899017,200.375,-57.77393723,173.3563843,473.6147943,3.080452204,-147.0417332,5.836436272,-52.78524017,197.6781921,0.000606596,3.220562475,0.181415935,-52.50000381,-52.375,-56.0260423,139.845232,0.04904,36.28125,37.59375127,31.86458365,104.2856351,0.170703188,1.502213376,17.05571268,110,108.2083308,1040,-44.84375381,-44.39583333,-49.95833333,-59.59375381,-58.77083588,-73.44271088,2.96970253,2.927508529,2.725938155,-84.625,-72.54947662
spiny,-36.83680725,276.3670654,23.69791603,273.8412781,-51.68948364,199.3928528,180.863614,-8.861110687,-43.18103203,8.311012268,-48.38938522,239.6051636,0.001486905,4.187998662,0.162729375,-48.90625,-51.0833346,-55.80000229,289.12208,0.027555,33.28125,38.82291794,29.08750114,266.4063275,0.041540463,1.374687104,21.94501093,110,32.83333333,469.9999695,-38.15625381,-40.16666921,-46.12500076,-52.09375,-57.61458588,-73.3375,4.2084854,4.274150822,4.096371629,-99.09375763,-72.17467499
aspiny,-38.30890274,216.9212189,24.81875038,216.6840973,-51.91117477,186.1303101,306.3041239,-10.71136379,-95.82291093,0.827462137,-50.28958511,210.985611,0.000741697,3.248989085,0.335919063,-53.50000381,-52.23958588,-55.67500229,187.116976,0.00868,27.40625191,31.22916794,32.70000076,182.8123778,0.117170937,1.315024128,8.629246658,140,158.6666667,390,-37.37500381,-37.22916794,-42.16875229,-53.62500381,-53.00000127,-70.38750305,2.502756363,2.628995496,2.568367596,-89.46875763,-69.33276367
aspiny,-33.52999878,66.375,16.11750031,65.89499664,-54.84500122,50.29999924,163.9130975,-11.37874985,-86.23818386,-9.306249619,-52.80749893,64.10500336,0.0008998,1.893062795,0.034469697,-58.87500381,-58.03125127,-61.54166921,311.605952,0.04545,36.75,40.04166921,32.62500254,485.0000143,0.032271814,1.591697664,74.89873127,30.00000191,26.12500064,279.9999797,-37.34375,-36.16666794,-41.63541921,-58.9375,-58.20833715,-68.10416921,2.457392757,2.473793532,2.356346626,-102.15625,-67.01132202
spiny,-32.67613602,335.84375,36.25852203,334.8210144,-52.50994492,241.3863678,371.7348656,3.161931753,-119.1490024,16.98579597,-45.86931992,322.6193237,0.00064625,3.121721123,0.11361607,-48.31250381,-47.40625254,-53.03125191,162.721248,0.02713,40.56250381,39.30208588,46.17968941,144.53125,0.017677711,1.647547136,22.15578889,190,97.12500254,192.5,-34,-30.16666857,-44.59375095,-50.96875,-53.93750254,-76.19532013,3.547190878,2.795115107,3.604742287,-91.81250763,-75.23673248
aspiny,-38.08831406,171.4184723,24.84148598,170.3043518,-58.10190201,163.3876801,221.0456665,-0.389039844,-150.316067,-3.047554255,-57.80480194,167.842392,0.000651377,1.456224076,0.424666667,-62.1875,-56.79167048,-62.76785878,211.534848,0.02126,34.125,35.03125,38.6205368,169.0624952,0.041348405,1.704536576,25.51119622,90,52.375,450,-42.09375,-39.27083333,-44.76785769,-62.28125,-56.88541794,-64.44642857,1.717169846,1.878294397,1.899422272,-84.5,-64.25883484
spiny,-34.59086609,203.8615417,25.80865479,203.70961,-46.14663315,152.1057739,186.8189211,-6.395673275,-43.54425924,13.04951954,-40.16394043,185.2576904,0.001352462,4.401159677,0.166071444,-42.125,-42.28125254,-48.48958588,134.00512,0.04825,25.6875,32.90625127,25.06250064,165.3124988,0.061915573,1.557660672,20.65666585,110,94.66666921,780,-36.87500381,-35.97916921,-42.26041794,-47.46875,-49.02083588,-78.28125254,4.412696655,3.879327727,3.206760171,-97.4375,-77.49519348
spiny,-28.06999969,703.8133545,14.9333334,692.1116943,-43.79583359,510.5050049,95.52103694,-0.073749989,-66.91501988,0.100833379,-37.97541809,666.7466431,0.0009552,1.376510118,0.015037191,-41.90625381,-36.10937691,-51.00625229,118.784848,0.0216,25,6.062500596,36.63125,77.81253755,0.024902288,1.354724608,11.23720944,410,480.4374847,989.999939,-27.84375191,-25.84375,-47.40000305,-42.87500381,-40.85937691,-73.25625458,1.716880369,0.90755827,2.501584406,-80.40625763,-72.85975647
aspiny,-38.10430145,1135.446899,-0.084182762,1138.029541,-49.97889709,1136.40918,197.8185114,-13.84813118,-175.5089468,-15.28290462,-49.82229233,1139.020386,0.000356009,1.116892621,-4.41E-19,-59.78125381,-50.71631041,-61.78906631,101.579096,0.004075,-0.40625,32.17722328,3.046875119,66.20538235,0.05019518,2.908247808,5.188341776,800,124.6283661,989.999939,-47.43750381,-36.06260131,-46.49218845,-59.84375381,-54.58113716,-79.30469131,1.278412385,2.86741523,1.277758883,-94.625,-77.86525726
aspiny,-36.91291809,132.6750031,-0.143749997,131.636673,-48.95291519,101.9066696,106.3818625,-20.03499985,-42.75371888,-12.10166645,-46.32208252,120.5316696,0.001101667,2.484830674,0.304169903,-48.87500381,-50.71631041,-55.83333524,183.664752,0.01207,-2.5625,32.17722328,-1.515625079,209.8438293,0.00981828,1.045833216,22.79263477,80,124.6283661,58.33333333,-39.40625,-36.06260131,-33.94271088,-50.65625,-54.58113716,-61.13541985,2.406789115,2.86741523,2.242989054,-83.37500763,-60.70439148
aspiny,-38.06490326,157.6923065,32.60371017,157.1552124,-53.16036987,129.9368134,327.7411686,0.271978021,-82.73336635,15.67238998,-49.00652313,150.3214264,0.000806593,3.972880652,0.228709056,-51.62500381,-51.28125127,-54.15104294,295.312768,0.07998,31.0625,30.78125,35.58333524,207.6562494,0.006749962,1.262079616,13.73741038,90,86.75,370,-34.96875381,-36.06250254,-43.78125254,-54.875,-55.85417048,-64.98438009,3.604976369,3.756515303,2.899182413,-86.75,-64.15873718
spiny,-40.77291489,131.8208313,38.52708435,132.3625031,-57.79791641,101.7708359,376.5743919,-4.978125095,-106.4331966,15.859375,-46.74479294,133.4416656,0.000764167,3.54133753,0.189822596,-46.78125,-46.01562881,-50.33125229,145.290432,0.063615,42.84375,44.62500191,43.40625305,187.6562089,0.016466236,3.489937664,23.57409486,70,79.1875,880,-41.21875,-37.29687691,-48.13750076,-55.40625,-55.015625,-78.73125305,3.726738945,3.788349505,3.692273275,-95.21875763,-77.76537323
aspiny,-37.79117203,486.3738098,22.55657578,489.1083984,-50.506073,453.9176636,228.0072032,-1.046504736,-98.3566469,-1.137144566,-49.84182358,486.9899292,0.000723981,2.329949829,0.390835411,-53.6875,-50.84375381,-54.98611323,189.726992,0.01234,30.06250191,25.62500191,33.46528032,120.0000718,0.10028448,2.586687488,7.856553393,290,321,640,-39.0625,-35.37500381,-42.83333672,-53.81250381,-50.90625381,-75.97222646,2.098832434,1.92708684,2.090442398,-88.0625,-74.6907959
aspiny,-38.77022171,47.53676605,24.46783066,47.05514526,-55.98989105,39.95956039,265.6394275,-10.50643349,-115.2353223,-3.228860378,-55.29043961,45.45956039,0.000704118,2.306141678,0.264433174,-56.21875381,-53.81250191,-55.50000381,409.93168,0.01248,26.84375,44.04687691,34.75000381,367.2990799,0.055019323,1.290139136,31.88900104,20,17.8125,249.9999847,-40.56250381,-39.17187881,-41.50000381,-56.78125,-54.07812881,-59.12500381,2.321867303,2.240571302,2.133991653,-96,-59.3736763
aspiny,-37.42051697,518.3474731,17.55685616,519.3290405,-55.02196121,518.2124634,315.8857895,-5.654454231,-231.7316944,-7.848368168,-54.84559631,519.8936768,0.000367652,1.362149432,0.760072823,-54.96875381,-53.26041921,-60.21250381,98.610328,0.013205,16,18.8125,33.08125153,84.37503874,0.034729946,1.863501824,6.288426135,300,289.375,480,-32.375,-30.9479173,-44.91875153,-55.09375381,-53.46875254,-73.66250153,1.242522252,1.250433404,1.438054761,-82.65625763,-73.96974945
spiny,-39.77825928,252.9695587,37.95434952,253.859787,-48.56847763,222.5652161,311.9274602,4.785597801,-126.3285691,4.125543594,-46.44239044,253.1619568,0.000703783,2.467913232,0.180681824,-48.46875381,-48.41667048,-51.27500153,140.227936,0.049725,47.00000381,43.43750254,45.55625305,109.8436341,0.188126639,1.334831232,16.95639978,150,145.8333232,1080,-41.37500381,-40.31250254,-48.66875229,-53.31250381,-51.67708715,-76.30625305,3.026969769,2.74711995,2.959361708,-88.21875763,-75.08666229
aspiny,-40.50563431,150.0245972,13.09375,149.559433,-55.36424255,130.315567,254.8288386,-15.08555317,-141.6533079,-12.53637314,-54.49692535,144.7233582,0.00054377,1.793810809,0.091167665,-57.84375381,-54.28125191,-58.80468845,210.718512,0.01652,14.75,17.265625,14.67187524,192.1876967,0.085567087,3.008125696,13.65838661,90,97.9375,460,-45.56250381,-39.85937691,-43.11718845,-58.00000381,-54.34375191,-70.43750191,2.002013429,1.948341578,2.011465058,-89.68750763,-68.99702454
spiny,-38.14569092,103.3378372,27.42694283,102.9915543,-56.07178879,88.58783722,289.729319,-9.720861435,-112.8556037,-0.491131872,-48.72001648,101.1841202,0.0007025,2.567495822,0.27609375,-48.87500381,-50.34375127,-51.21250153,159.014672,0.03684,20.28125191,29.3645846,20.98750076,180.6250066,0.042949032,2.149595904,17.65463861,50,74.95833333,670,-35.65625,-37.91666794,-44.81875076,-58.09375381,-54.29166667,-78.8250061,2.297300406,2.575317839,2.570409583,-100.9687576,-78.75450897
spiny,-39.5394249,164.2730713,34.14278793,163.7692261,-57.78557587,132.5576935,311.9627253,-0.491346151,-80.78039641,9.710577011,-52.7096138,152.0807648,0.000958154,3.862343304,0.28219697,-50.90625381,-50.57812691,-55.71875229,189.12608,0.03318,32,34.21875,39.73125229,183.2811385,0.020802274,1.186348672,27.12066722,90,83.125,600,-35.5,-36.046875,-49.71250305,-57.5,-57.68750381,-74.93750305,3.120110596,3.034932799,4.202153048,-94.78125763,-74.23861694
spiny,-37.64291763,173.3233337,35.42375183,173.0783386,-50.7816658,150.9133301,342.3981,0.294583321,-116.7175254,11.38041687,-45.82249832,170.3333282,0.0006672,2.937786609,0.230699495,-47.625,-49.53125254,-51.49218845,206.28736,0.0368,34.65625381,36.01041794,32.28125191,127.343744,0.178190753,1.101763584,13.16475898,110,87.04166667,760,-38.65625381,-40.3333346,-46.26562595,-53.50000381,-55.62500254,-70.59375381,3.007641274,2.997016245,2.870831348,-83.875,-69.2325592
spiny,-33.12405396,245.2916718,13.220644,243.0113678,-50.58238602,170.1666718,116.2731864,-4.75,-73.43254154,-1.454545498,-41.77556992,238.7954559,0.000848182,1.4954709,0.005449151,-52.21875381,-45.21875254,-55.78750305,231.658592,0.00999,29,28.44791857,35.7625,192.0535862,0.007359341,1.237925248,23.13521121,140,141.2916667,450,-39.68750381,-31.16666794,-48.13750229,-52.50000381,-50.02083588,-67.39375305,2.474626468,1.758055212,2.936227881,-86.75,-66.30297089
spiny,-40.65296173,200.8848724,38.16570663,199.6776276,-53.48807526,153.6759796,254.7110832,0.784539461,-102.1616296,13.18544388,-50.89638138,190.5608521,0.000913421,2.496591237,0.208865248,-50.78125381,-48.46875127,-56.62500318,193.194304,0.02716,42.03125,45.40625381,42.33854294,164.9999171,0.113924749,2.467950848,13.81155069,119.9999924,139.5,393.3333333,-36.46875,-33.64583715,-46.74479548,-50.96875,-49.69792048,-75.16666921,2.560475103,2.693497329,3.090144905,-90.625,-74.47103119
spiny,-32.29079819,318.3807983,21.79976845,317.4490662,-45.46180725,244.5810242,187.3989996,-5.810474396,-85.19502094,1.739004612,-39.60908508,311.3495483,0.000735231,2.200707074,0.149529072,-44.37500381,-44.16666921,-52.82500305,134.68496,0.046135,30.09375191,33.11458397,24.75625153,146.0938305,0.084296495,1.794994048,13.70480379,190,178.2083333,144,-32.25000381,-30.96875254,-39.73750076,-45.53125,-48.04166921,-73.56250458,2.354592213,2.141823458,2.219858857,-89.21875,-73.21921539
aspiny,-34.28176117,134.0737762,21.37704849,133.5163879,-48.76229477,102.5963135,219.0228827,-9.59375,-63.37960713,-1.592213154,-44.79764175,126.6536865,0.000999344,3.490541345,0.285826769,-46.96875,-48.54166921,-50.60937786,250.497008,0.0461,27.75000191,32.4270846,29.44531345,175.6695062,0.045165088,1.620622336,9.984639095,80,78.70833333,430,-33.87500381,-36.75000127,-37.15625191,-50.12500381,-50.93750254,-69.171875,3.516148958,3.634136152,2.36841316,-89.71875,-69.40613556
aspiny,-34.9950676,219.7412262,9.307565689,219.6030731,-50.15679932,177.1929779,138.748879,-12.80975914,-35.57869798,-12.91995621,-47.10526276,201.1381531,0.001421053,3.9292028,0.174682852,-49.56250381,-50.04166921,-54.6145846,188.161568,0.07672,9.281250954,11.6354173,11.35937548,106.250003,0.050658848,1.311840384,7.470301358,130,112.4583308,610,-35.34375,-34.81250127,-41.16146151,-51.53125,-52.37500254,-65.36458715,3.566370496,3.50047726,2.318001658,-73.65625,-63.97775269
aspiny,-39.29346466,267.9285583,8.474561691,268.3776855,-59.21091461,267.098053,209.0783044,-11.30980492,-174.5445846,-14.14546871,-59.02282715,268.2324829,0.00049566,1.187536361,1.229132277,-60.87500381,-51.28125,-62.22500153,237.59472,0.009985,9.09375,-6.822917283,17.51250076,178.5937548,0.098555319,1.439121536,9.866438223,150,245.4999949,469.9999695,-35.3125,-27.09375191,-44.28125076,-61.00000381,-51.30208588,-73.20625458,1.200054361,0.777141833,1.454216811,-99.31250763,-71.85910034
aspiny,-36.10871506,233.1144409,28.11707687,232.1267548,-49.69102097,172.0968323,265.6057571,-9.916373253,-88.49165436,8.053256989,-45.5,227.5756989,0.000836901,2.971779907,0.107558143,-50.28125381,-45.54166921,-51.85937881,186.924128,0.01096,37.59375381,36.84375127,37.19531536,135.937497,0.031404413,1.091437952,13.46155823,140,133.8333333,350,-40.4375,-36.56250254,-47.50781536,-50.37500381,-46.02083588,-71.14062881,3.421228444,3.214028814,3.642145447,-86.18750763,-70.51274872
spiny,-37.95368195,342.5290222,42.453125,343.1473083,-51.98158646,259.8214417,340.4587298,4.142299175,-87.52585873,20.5558033,-43.44643021,334.8214417,0.000878839,3.969117566,0.095920832,-45.6875,-51.16667048,-52.40000305,111.783512,0.06746,42.90625,41.8333346,43.71250153,96.40625119,0.128462821,1.313468672,15.79110166,200,163.7916667,1180,-36.75,-40.06250254,-48.01250305,-55.87500381,-57.02083588,-77.70000153,3.594975277,3.347693751,3.530516662,-87.37500763,-77.09041595
spiny,-37.84558868,94.56127167,41.82720566,94.22058868,-57.82291794,82.4436264,394.7668381,0.246323526,-112.3934578,16.77634811,-51.21139526,91.29656982,0.000782745,3.518402592,0.235368659,-51.90625381,-51.86458588,-54.62500153,459.790784,0.03494,44.84375381,45.36458588,43.91875076,263.5937333,0.012705338,2.872300032,26.85659371,50,39.45833333,489.9999695,-36.21875,-36.25000127,-45.00625229,-57.00000381,-57.01042048,-78.24375153,3.737997352,3.725098751,4.019866579,-101.2500076,-77.09442139
aspiny,-36.9533577,82.78171539,43.29477692,82.29104614,-52.78871155,69.41044617,401.0036533,7.561567307,-137.7497976,21.17350769,-51.45662308,79.79477692,0.000651045,2.928237683,0.38,-52,-50.15625381,-54.15625381,361.698144,0.0097,49.56250381,50.04166921,50.82031441,327.7232945,0.052209355,1.94187904,18.13513083,50,46.20833079,190,-39.78125,-37.76041794,-43.10156536,-52.65625381,-53.83333715,-64.75000191,2.748598675,3.214502557,2.620549161,-100.0312576,-64.43822479
aspiny,-35.33447266,214.21875,17.44970703,214.609375,-46.50048828,171.25,213.8278263,-10.29394531,-101.5060929,-2.777832031,-44.77636719,212.3632813,0.000654375,2.084023031,0.026455028,-49.25000381,-46.95312881,-52.13541794,329.266016,0.00716,23.65625,22.82812691,26.71354326,203.5937458,0.140755489,1.72680256,14.32785258,130,153.75,290,-40.96875381,-33.453125,-47.17187754,-49.28125,-47.0625,-67.19271215,2.386304173,2.010862113,2.437701819,-88.5,-66.49992371
spiny,-43.92034912,356.70578,35.203125,355.5868835,-57.51334,275.3841553,338.0954071,-1.440548778,-103.2403668,8.829268456,-51.51829147,345.699707,0.000766646,3.273611432,0.203999999,-52.53125381,-51.53125191,-52.62500381,359.283392,0.03762,40.81250381,42.00000191,43.43750381,148.4373063,0.037157465,2.457362688,15.557695,170,83.125,810.000061,-44.53125381,-40.671875,-51.87500381,-53.90625,-59.07812691,-81.84375763,3.685262841,3.549988052,4.029087003,-94.15625763,-80.26091766
spiny,-37.6700592,226.2965088,38.62136459,226.8110504,-54.7129364,183.1482544,324.3889078,0.733284891,-73.75280332,17.7594471,-50.44549561,214.8546448,0.001054884,4.417575898,0.214845276,-50.34375,-52.64583588,-55.17187691,300.17504,0.03966,40.65625381,42.42708588,43.47656441,216.5625095,0.054081175,1.17514624,23.60814099,110,47.75,680,-36.56250381,-36.01041794,-46.15625191,-54.875,-58.69792048,-72.10156822,4.240384942,4.361893288,4.131234935,-91.875,-71.40153503
spiny,-32.76590729,201.9750061,43.30625153,200.9022675,-52.5102272,160.6068115,347.1796652,3.662499905,-78.61712277,17.42499924,-45.85113525,188.8840942,0.000998182,4.427101135,0.271212104,-47.3125,-50.22916794,-49.75000381,282.91616,0.0243,46.96875,44.16666794,50.82812595,231.5624654,0.102817424,1.900960896,16.77861689,110,93.20833333,610,-37.43750381,-32.28125254,-43.92187786,-51.87500381,-56.55208588,-76.08593941,4.636058392,3.8268574,5.440587091,-97.28125763,-76.03565216
aspiny,-30.18515587,146.9552155,21.58098984,146.5989532,-48.65625,140.9166718,248.7373249,-2.224999905,-146.608095,0.130468741,-48.16093826,144.4822845,0.000523708,1.676795575,0.073863636,-51.9375,-50.96875,-60.18125153,411.488128,0.032045,30.12500191,31.46875286,35.8,248.4373152,0.140486836,3.25133056,12.5912705,90,91.875,270,-32.46875,-32.625,-43.83125,-52.0625,-51.01562691,-72.04375153,1.730750713,1.813596386,1.868384341,-100.28125,-70.39942169
spiny,-39.49676895,44.90517426,47.25754166,44.95258713,-60.26724243,37.88362122,543.1995113,4.913793087,-136.3613518,12.43642235,-51.54956818,45.25862122,0.000651379,3.986620282,-0.04315069,-49.03125381,-50.53906536,-52.15625254,190.267616,0.041565,26.75000191,36.07031345,31.47916826,346.9865918,0.040162776,1.139620096,37.15136226,30.00000191,37.65625,173.3333333,-38.78125,-37.03125191,-42.32291794,-55.09375381,-54.82812595,-75.01562754,2.822733078,3.094415197,3.13094634,-98.34375,-71.64180756
aspiny,-35.66631317,356.5275574,25.08898354,353.5254211,-52.08686447,305.6271057,316.9179955,-6.603019238,-80.38935416,1.193326235,-50.02171707,344.3580627,0.000777797,3.985106449,0.257692324,-52.06250381,-53.23958715,-63.32292175,181.025728,0.07038,20.5,24.93750127,18.9270846,124.5535389,0.081420891,1.081030656,7.766810478,210,177.8749949,740,-33.62500381,-33.53125127,-34.78125127,-54.50000381,-55.8333346,-74.17708588,3.332138625,3.493814619,2.279506878,-88.40625763,-73.78259277
spiny,-36.42989731,150.1047363,29.08276939,149.5304108,-53.89273834,110.4189224,250.7433749,-10.45354748,-73.4752954,6.376688957,-44.08530426,143.0473022,0.000974189,3.421476267,0.222144679,-43.65625381,-45.40625254,-46.84375286,132.65108,0.049,26.18750191,34.58333333,25.00781298,197.8125423,0.024099737,1.475828992,22.84125269,90,107.0833333,920,-39.18750381,-36.35416667,-34.12500143,-44.28125,-52.57291794,-82.28906441,3.299929253,3.366223342,2.860638587,-100.4687576,-81.92041016
spiny,-32.86979294,122.617424,36.05018997,121.5170441,-51.10179901,103.3655319,243.2767036,1.900568128,-52.34642815,14.38683701,-45.58475494,117.5530319,0.001341818,4.652351459,0.229244306,-47.375,-46.59375127,-50.91250305,269.279008,0.02366,40.125,36.91666921,40.65625076,295.7812846,0.02408902,1.39351936,28.01588605,70,52.08333333,600,-35.93750381,-33.52083588,-44.03125305,-52.06250381,-52.81250254,-66.77500305,4.269678574,3.727478682,4.842236185,-97.34375763,-66.47318268
aspiny,-37.74583435,258.4291687,24.07291603,258.8958435,-52.48333359,148.2291718,162.1343889,-2.463541746,-90.81557415,3.933333397,-44.44374847,253.1583405,0.00085,1.737054613,0.006818182,-48.28125381,-41.76041667,-52.61458588,182.198704,0.01504,33.03125,27.38541667,32.97916921,107.8125015,0.045412429,1.331395968,9.457885052,150,177.5,440,-43.96875381,-33.3333346,-50.64583333,-50.71875,-42.32291921,-76.68750509,2.678053899,1.835520215,2.906482269,-91.90625763,-76.28808594
spiny,-37.08003235,271.2256165,37.14481735,271.4908447,-55.31631088,199.0152435,388.9924063,-2.253048897,-96.05503159,16.08612823,-48.09832382,266.5762329,0.000805366,4.101778955,0.111323543,-47.53125,-48.73958588,-53.65000305,181.7188,0.04478,38.40625381,40.2708346,44.98750153,150.4687518,0.019633673,1.014491264,17.27331307,130,96.16666667,680,-33.84375381,-34.12500381,-47.27500381,-54.875,-55.79167048,-75.59375305,3.801986929,3.579073476,4.254835049,-92.56250763,-75.28813171
spiny,-34.86830521,284.7767944,26.8325901,283.5089417,-49.07068634,222.8005981,222.3863573,-10.44047642,-72.66097793,6.900297642,-39.99702454,275.9970093,0.001016667,3.077330268,0.094715449,-43,-46.40625381,-53.53125305,98.489488,0.09632,34.625,40.5833346,34.30625153,97.03113139,0.044094276,1.605083136,22.07467405,150,122.0416692,1240,-37.40625,-40.18750127,-48.71250305,-52.37500381,-53.13541921,-70.57500458,3.413084601,3.497528522,3.248566753,-80.90625763,-70.44127655
aspiny,-35.96234512,479.584137,14.4824276,480.6693115,-57.03029633,477.8580322,290.6156265,-9.680661201,-203.1138779,-11.48995876,-56.78523254,480.6537476,0.000413864,1.430009286,0.695910541,-59.65625,-52.32292048,-61.80000305,118.108752,0.01101,18.3125,5.052083333,24.98750076,93.59370917,0.047431171,2.091706752,6.129017056,280,376.9583232,680,-35.75,-27.77083397,-43.43125381,-59.84375381,-52.54166921,-74.92500153,1.447594313,1.058647704,1.582848908,-95.71875763,-73.89918518
spiny,-35.54268265,164.9603729,44.61433029,164.771347,-54.46417618,131.0121918,397.5321849,0.897865832,-97.32673986,21.79344559,-44.32393265,161.50914,0.000813659,4.088615703,0.149388593,-46.46875381,-48.15625127,-50.47500229,156.43096,0.06236,45.375,43.6458346,47.43125153,146.0935622,0.07247822,2.086942592,19.31894634,100,77.25,999.999939,-34.9375,-33.15625127,-45.74375229,-57.87500381,-57.27083715,-77.38125305,3.956667153,3.95997704,4.157154415,-93.09375,-77.52407837
aspiny,-38.72028732,151.7438507,24.82838058,151.1782837,-56.67213058,144.1864777,293.1325116,-2.012295008,-188.3188571,-3.747950792,-56.09989929,148.8237762,0.000486148,1.548071863,0.038227514,-58.68750381,-54.18750127,-59.1953125,292.520288,0.019825,32.6875,26.90625127,32.41406393,233.8169664,0.032763258,2.067229952,19.10871423,90,111.1666641,450,-42.40625381,-35.3958346,-45.19531536,-58.84375381,-54.37500254,-70.11719322,1.757329038,1.560423382,1.767730996,-95.18750763,-69.32286072
spiny,-32.86238861,101.8399124,36.44956207,102.2916641,-46.88706207,84.75218964,238.5921363,-4.459978104,-61.17504553,19.54769707,-41.52905655,95.68421173,0.001190175,3.9230391,0.159930314,-43.59375381,-45.22916921,-45.45312691,166.214672,0.05434,40.03125,43.81250254,40.06250191,176.5625328,0.032327015,1.041215552,40.72515925,50,52.87499746,600,-36.50000381,-37.7708346,-38.50000381,-51.03125381,-51.91666921,-65.95313072,3.943113083,4.082829007,3.664536871,-86.78125763,-66.3129425
aspiny,-39.4751358,376.6280518,1.342643023,377.3647766,-57.8082428,376.1992493,246.1369107,-16.90940094,-193.9013114,-15.95742512,-57.67940903,378.1645203,0.00035842,1.264918631,1.096238477,-61.65625,-58.50000254,-63.72916857,129.136128,0.0033,7.21875,2.656250119,13.01562548,78.4374997,0.035532366,1.207106048,6.058141808,220,259.5833384,300,-42.56250381,-34.02083333,-44.29166794,-61.78125381,-58.60416921,-64.04167048,1.311468403,0.920145038,1.295458154,-72.21875,-61.89835358
spiny,-35.36141205,196.6086884,26.49932098,196.0054321,-51.04755402,148.1902161,251.0949649,-5.980298996,-87.60678747,8.98980999,-40.93206406,188.3097839,0.000737935,2.871997311,0.170886088,-45.90625381,-49.3020846,-52.57031345,152.76072,0.0454,32.65625381,34.50000254,34.15625191,180.6250811,0.083276965,2.36333056,23.28731953,90,72.95833333,167.5,-34.71875,-36.92708333,-46.2109375,-53.75,-56.73958715,-71.25000191,3.000143663,2.702865169,2.939009798,-91.00000763,-70.32800293
aspiny,-34.05643845,145.0951538,6.043376923,144.6641846,-49.91697693,111.5914154,129.5701004,-17.18470192,-47.15734786,-9.083488464,-45.71315384,138.6082153,0.001144179,2.755999141,0.192401961,-50.5625,-51.75000127,-60.37500305,278.12736,0.03846,8.65625,10.04166762,10.11875038,218.281284,0.021259833,2.19454208,7.442069729,90,64.91666667,380,-35.59375,-40.02083588,-38.30625229,-52.28125381,-55.3645846,-70.59375458,2.752525473,2.435356464,2.228863162,-90.03125,-69.60806274
spiny,-43.04457092,305.0143433,19.83452797,305.8319702,-51.69979477,245.2827911,254.5502625,-12.36116791,-115.9520733,-4.776126862,-48.03688431,303.2008057,0.000678689,2.260322396,0.162106298,-49.25000381,-51.53125254,-53.78125254,66.848664,0.053055,24.125,28.57291794,22.84375064,76.40632987,0.175645098,2.141014272,16.90161384,180,177.6666667,1290,-45.21875,-45.65625127,-48.51041921,-54.18750381,-54.81250127,-73.625,2.401930659,2.335394701,2.246936139,-80.28125,-72.09934998
aspiny,-30.42480469,105.1445313,38.30175781,104.7539063,-47.15820313,76.90625,291.2469304,3.102539063,-94.05011025,20.87695313,-42.55957031,101.8984375,0.00079375,3.1056745,0.102342156,-44.93750381,-43.8020846,-46.66666667,264.498816,0.025,41.71875,44.58333588,41.77083333,278.9063156,0.054338858,1.091992576,20.29046654,60,56.49999873,499.9999695,-34.40625381,-32.8020846,-37.48958715,-45,-47.71875254,-66.05208588,2.976591329,3.151942957,2.707842422,-95.6875,-64.9392395
spiny,-38.25249863,168.1000061,21.64374924,168.1199951,-56.65999985,109.6350021,207.9847634,-14.97249985,-90.10765311,-3.337500095,-48.14875031,164.4649963,0.000864,2.309751442,0.164285714,-52.28125,-52.51041794,-55.28125076,173.434528,0.04536,26,34.72916667,25.88750114,188.9063269,0.020155987,2.831221504,17.96929386,90,61.37500127,640,-40.96875,-40.15625127,-43.83125,-53.21875381,-55.04166794,-81.84375458,2.331520568,2.545848068,2.413123118,-98.81250763,-81.2816925
aspiny,-36.73666,150.5609741,26.83879662,149.9618835,-54.0396347,133.4024353,272.8363547,-4.828125,-89.86102785,-1.291920781,-52.91959,145.6859741,0.000808049,3.031090166,0.313970588,-52.53125,-54.29166794,-55.69375153,419.959072,0.01964,28.12500191,29.87500127,33.76875076,273.9062607,0.127086595,2.526093312,16.37832629,70,67.58333333,360,-31.00000191,-31.77083333,-43.20000153,-53.125,-55.00000127,-73.25625305,2.782034114,2.700626017,3.052616507,-99.09375,-72.97229767
spiny,-38.83522797,461.8409119,33.43323898,462.2954407,-55.51775742,335.8693237,294.0860316,-2.155539751,-96.78878242,12.47230148,-49.73721695,446.3352356,0.000848182,3.116334084,0.064746941,-50,-50.32291921,-54.56250229,181.537168,0.028375,35.875,38.02083588,42.91875153,139.6874636,0.011066564,1.919634688,17.19694928,190,157.875,900,-33.96875,-32.16666857,-47.84375153,-56.0625,-52.84375127,-81.61250305,2.703307026,2.365563901,3.349306852,-95.90625763,-81.02503204
aspiny,-41.05664063,368.8372498,24.43164063,367.4791565,-58.49544144,342.0351563,286.9826196,-5.464192867,-163.4565089,-2.083333254,-57.96614456,360.7096252,0.000573542,1.74091187,0.024107143,-62.56250381,-57.3020846,-63.57812691,176.724448,0.01918,37.15625,34.09375381,38.50781441,128.1249225,0.02735039,2.438407168,11.2996948,210,191.0833333,660,-46.90625,-41.19791921,-48.93750286,-62.65625381,-57.39583715,-76.32813072,2.007844428,2.003875402,2.110286784,-88.90625,-75.43912506
spiny,-35.60050583,77.8952713,33.40878296,77.71621704,-47.45692444,62.51013565,266.2960901,-0.336993247,-43.13117588,18.44087791,-36.02787018,74.62837982,0.001347568,6.162682371,0.168452381,-43,-46.14583588,-50.24375153,101.299208,0.06738,43.9375,45.36458715,43.31875229,210.156247,0.086770356,1.401799296,32.77343374,50,33.125,620,-37.28125381,-38.5625,-41.11250076,-50.875,-51.45833715,-63.16250305,6.403338733,6.260075485,5.220803706,-87.28125763,-63.1163826
aspiny,-33.38208389,135.1549988,1.360416651,134.7916718,-51.06833267,126.8483353,109.9900083,-14.51249981,-77.15574283,-14.37416649,-50.2508316,132.4533386,0.000828533,1.389059086,0.678571429,-51.46875381,-50.71631041,-58.38281441,234.857712,0.01446,11.81250095,32.17722328,16.35156274,236.5624607,0.031698748,1.016272512,23.01003024,110,124.6283661,400,-26.50000191,-36.06260131,-39.64062595,-51.65625381,-54.58113716,-64.82031441,1.399872587,2.86741523,1.783536655,-86.53125,-64.3103714
spiny,-41.86379623,224.2240601,31.26179314,222.8844299,-54.79304123,172.42453,213.1655901,0.04481132,-74.44482523,14.18455219,-47.84492874,211.0778351,0.001009434,2.86480083,0.18374095,-54.40625,-47.88541921,-55.11875153,290.604448,0.0169,35.62500381,34.62500127,35.46250153,213.9732391,0.068638824,1.447279744,19.53222041,110,90.875,520,-47.0625,-34.51041921,-49.97500153,-54.75000381,-56.30208588,-72.75000305,3.029057957,2.881475762,3.19651703,-93.46875763,-72.4230957
spiny,-33.47916794,217.7395782,45.26823044,217.3333282,-52.54948044,136.8854218,315.1983007,8.552083015,-73.98625475,20.59114647,-42.80208206,215.3958282,0.001030417,4.293468445,0.078552638,-46.21875381,-47.45833333,-48.41250153,305.580096,0.04457,46.5625,45.94791794,52.05,181.2499911,0.018574093,2.564311552,31.96733004,110,70.5,760,-32.125,-31.60416667,-42.40625,-49.03125,-52.63541667,-75.06875153,3.985556219,3.581182211,4.614058497,-95.34375,-75.09989929
spiny,-35.62028122,200.29953,27.20518875,199.1108551,-52.3083725,154.261795,291.2283283,-8.332547188,-79.4272638,6.71875,-46.85082626,185.146225,0.000880472,3.71202552,0.176119407,-46.84375381,-46.14583588,-48.39375229,209.560032,0.043775,42.78125381,25.73958397,18.00000114,251.0938644,0.018820552,1.570242048,25.07443081,70,56.20833206,690,-34.9375,-35.72916667,-37.89375076,-52.06250381,-51.59375127,-78.43750458,4.044318792,3.031096853,2.740685726,-101.1562576,-77.47270203
spiny,-40.61339188,81.84285736,39.29375076,81.43571472,-59.95357132,64.61785889,391.903548,-6.09375,-83.26687404,14.64999962,-52.1875,77.85356903,0.000952,4.707561275,0.234375,-50.96875,-50.67708333,-51.53125,237.443072,0.0413,38.625,38.9895846,39.43750381,210.0001127,0.067415327,1.12988928,25.53539282,50,48.16666667,650,-41.21875,-39.28125254,-47.65625381,-56.90625381,-56.46875254,-77.03125763,4.730456414,4.383020654,4.544564755,-96.84375763,-76.31256104
spiny,-41.74826431,140.5208282,36.56857681,139.6319427,-58.93576431,106.8090286,359.483521,-4.032986164,-100.0591275,15.13368034,-53.41059113,132.5833282,0.000838056,3.619546879,0.24254766,-51.71875381,-51.20833588,-53.9114596,218.400176,0.0406,40.125,41.72916794,42.18750064,230.4687053,0.017081002,1.6283648,20.37194249,50,43.95833333,489.9999695,-39.6875,-38.0625,-48.40625191,-57.5,-55.46875127,-76.11979294,3.573322172,3.623476091,3.816924058,-100.75,-75.89622498
spiny,-34.94901276,84.94407654,26.53207207,84.66118622,-54.60361862,64.98683929,296.7509219,-9.441612244,-106.5254194,-1.303453922,-44.96957397,82.40131378,0.000709079,2.785392002,0.314021164,-44.84375381,-45.56250381,-49.82291794,196.36896,0.03331,26.46875191,36.36458333,32.02083333,271.5625465,0.02277272,2.168704768,26.66513983,50,41.625,489.9999695,-33.84375381,-34.87500127,-43.12500254,-55.28125,-52.39583715,-73.0729243,2.683417377,3.253406168,2.897144531,-99.5625,-71.07416534
spiny,-33.95505142,328.2123413,36.44734573,328.0411072,-49.2881012,267.0085754,362.2384273,0.417808205,-97.92716332,13.10316753,-41.31806564,317.9417725,0.000728288,3.735290766,0.124193547,-42.81250381,-45.18750127,-50.60000153,110.134448,0.048485,44.03125,48.28125254,46.63125153,95.62488645,0.155987576,2.375671552,14.01240883,190,161.3333333,1190,-35.15625,-36.79166667,-48.25000305,-54.09375381,-52.4895846,-74.85000305,4.280574187,4.242586858,3.784541439,-84.62500763,-73.87277222
spiny,-40.59863281,67.453125,36.28320313,67.2265625,-56.49804688,51.6875,341.6890374,-5.642578125,-75.06142569,14.25585938,-47.62402344,63.12890625,0.00097,4.563072396,0.227808989,-49.65625381,-51.30208715,-54.35625229,282.708064,0.0383,38.31250381,40.36458588,40.15625153,215.0001079,0.068071835,1.586531328,19.48386212,40,45,479.9999695,-40.53125,-41.86458715,-45.36875229,-57.93750381,-58.4270846,-73.35000458,4.590126162,4.417922887,4.3090883,-96.5,-72.89247131
aspiny,-40.77480316,199.2347717,18.6328125,199.3218689,-66.68740082,197.0527344,296.6127924,-10.21376991,-212.7943804,-9.094141006,-66.57246399,198.2554626,0.000497375,1.390091688,0.889452335,-68.03125,-64.98438263,-69.59375458,237.90688,0.00644,20.9375,15.53125048,27.68125114,179.3748438,0.067898996,1.887225728,7.646715352,120,153.3125,290,-37.46875,-33.68750191,-45.01250153,-68.03125,-65.04688263,-70.26250153,1.411791635,1.15117688,1.543006281,-88.34375763,-69.37313843
aspiny,-41.3579216,275.2902527,-2.795100451,275.5722656,-52.76107407,274.5030823,174.7215527,-21.93301582,-106.2716851,-15.19585323,-52.64824295,274.7011108,0.00052854,1.650140454,1.012287824,-70.87500763,-67.61458588,-73.21875436,210.211424,0.00824,10.87500095,15.1041673,22.78125163,239.0625328,0.018739495,2.093133568,8.097252504,90,111.6249949,270,-47.6875,-44.65625254,-53.26339558,-70.96875763,-67.68750254,-79.66518293,1.266649258,1.182787599,1.249194441,-100.5312576,-79.04745483
aspiny,-37.90485001,437.5870667,10.73566246,438.5570984,-56.53304291,438.7075195,260.9455056,-10.67954922,-216.4635923,-10.25296497,-56.42756271,439.4320984,0.000404108,1.200603401,0.697552448,-61.53125381,-50.71631041,-61.83333651,160.287744,0.00626,17.68750191,32.17722328,28.60937595,123.9062473,0.003187501,2.084907776,8.453759079,300,124.6283661,489.9999695,-33.71875,-36.06260131,-43.26562691,-61.62500381,-54.58113716,-70.67708715,1.181019006,2.86741523,1.263296087,-85.375,-70.33048248
aspiny,-36.14583206,167.2250061,17.60000038,164.8666687,-52.3125,82.76667023,152.819521,-7.945833206,-78.88590235,-0.029166698,-46.51874924,156.5249939,0.000953333,1.749686114,8.91E-19,-51.28125,-42.5,-55.50000381,314.564928,0.0092,32.15625,18.5,37.35000153,247.5001067,0.038181331,1.309571072,22.06901615,90,134.375,270,-43,-30.53125191,-47.32500381,-51.34375381,-42.78125381,-69.53750153,3.180862078,1.49775619,3.336324393,-95.65625,-68.63388824
spiny,-43.82685852,43.90540695,44.13260269,43.96621704,-55.91131592,37.70270157,363.4369187,4.735641956,-103.0367724,9.521959305,-50.18412018,43.40202713,0.000870811,3.52463457,0.193401484,-52.50000381,-54.86719036,-55.73437691,147.693792,0.03994,49.15625381,49.95312786,48.79687691,133.8540316,0.058169082,1.900823168,37.13590532,30,21.90625,320,-45.375,-45.66406536,-51.39583524,-54.3125,-55.09375286,-61.76562818,4.020052689,4.03089808,3.973398414,-80.09375763,-61.18220901
aspiny,-37.82744598,89.7228241,20.61684799,89.05978394,-52.74048996,71.51087189,231.4192973,-3.528532505,-127.7424133,-3.108695745,-51.26766205,86.58695984,0.000633043,1.782140548,0.106067434,-52.40625,-48.42708588,-55.40625191,237.502784,0.0268,29.50000191,20.90625127,31.984375,197.6560652,0.03367617,1.933204352,22.51746423,50,83.20833333,360,-39.12500381,-32.21875191,-42.89062691,-52.875,-48.61458715,-61.81250381,2.000571082,1.623509599,2.152629629,-82.46875763,-60.72702026
aspiny,-36.74910355,499.1594849,19.51786613,499.7472534,-58.83726501,498.0179443,362.267758,-6.331194878,-274.1685351,-6.477097034,-58.64121246,499.9155579,0.000330651,1.323114793,0.722016363,-60.34375381,-59.89583715,-63.78750229,110.729696,0.112885,19.625,27.90625127,33.65000076,67.90868193,0.033801518,1.61572864,8.016993053,300,318.125,760,-33.46875381,-32.59375,-41.16250305,-60.50000381,-60.05208588,-76.95625305,1.176421342,1.222309368,1.318816419,-93.71875,-76.31461334
spiny,-29.63399696,157.9583282,40.08996201,157.5606079,-47.89346695,128.4640198,344.0665169,3.146780252,-94.74804123,17.02698898,-38.50284195,152.7840881,0.000787273,3.689690129,0.272600619,-40.09375381,-43.56250127,-47.05357306,145.630752,0.03782,41.84375381,41.03125127,53.29910769,167.3438251,0.018481527,2.712633856,16.16900339,100,118.4583333,670,-27.03125191,-28.6770846,-43.42410878,-48.93750381,-50.40625,-76.0580368,3.415287565,3.293387369,5.086512672,-96.62500763,-75.9125061
spiny,-36.16500092,195.6750031,31.03750038,195.3350067,-52.26625061,135.3800049,206.5138928,1.392500043,-75.84184449,15.09125042,-44.27500153,185.7200012,0.00096,2.710411595,0.129920364,-50.06250381,-48.28125,-54.50000272,224.535664,0.0278,36.78125,35.64583588,39.39285932,293.4375107,0.022501769,1.073273856,36.15699628,70,82.25,460,-36.40625381,-32.19791794,-44.41071701,-54.40625,-54.00000381,-62.60268184,3.234487669,2.892853568,3.200219218,-92.40625763,-61.35080719
aspiny,-34.37980652,424.0006104,18.45672989,425.0919495,-54.37605286,423.9260864,286.0025798,-8.2915411,-204.0950174,-4.38544178,-54.19486237,425.8049927,0.00043625,1.399570016,0.944420335,-56.90625381,-53.5625,-58.39285987,170.102304,0.009,19.68750191,16.06250095,20.27678626,100.312613,0.024242589,1.52841536,6.668628681,270,283.3125,580,-31.5625,-27.18750095,-39.70982306,-56.96875381,-53.68750191,-70.90625327,1.353795887,1.272112491,1.528638649,-83.00000763,-70.61030579
spiny,-32.98108673,94.75,42.93009949,94.42763519,-52.85115051,74.45723724,400.788633,1.951480269,-91.68826806,18.69901276,-44.38651276,89.23026276,0.000856711,4.373640438,0.236150239,-44.5,-43.34375191,-47.50625305,195.07008,0.06152,47.0625,37.00000191,46.64375229,199.3750036,0.010387727,2.011207936,28.25128347,50,53.81250191,839.999939,-32.81250381,-33.00000191,-41.31875229,-50.8125,-50.29687881,-78.80000305,4.756383826,3.48943929,4.384974253,-97.96875763,-76.37577057
spiny,-39.42264175,366.5082092,24.37858582,362.4856567,-56.11167908,276.9303284,192.5709514,-3.518954992,-49.21342244,9.119364738,-51.98463058,333.2274475,0.001358033,3.880173624,0.123529404,-49.65625381,-47.9583346,-59.55625305,182.50048,0.03008,29.59375,33.85416921,38.17500229,124.0624636,0.015036,1.983997952,17.16598229,190,90.875,344.0000244,-37.5,-35.79166794,-49.28750153,-54.18750381,-55.02083715,-80.46875305,3.88957261,3.998154499,4.766592251,-94.71875763,-80.37044525
aspiny,-33.34049606,83.5703125,36.47005081,83.26302338,-48.45117188,63.55729294,290.0587233,-5.8828125,-93.01362131,11.50260448,-44.36783981,81.49739838,0.000865417,3.107141068,0.226556017,-46.87500381,-46.41666921,-55.37500381,455.421632,0.0225,40.81250381,39.71875254,39.26562691,244.4197536,0.092438921,1.259520384,12.25567422,50,46.58333333,300,-36.15625381,-36.30208715,-42.03125,-47.84375,-46.4895846,-71.046875,3.445145497,3.548526938,3.381664295,-94.56250763,-70.92431641
aspiny,-38.57904434,249.6838226,6.439338207,249.9852905,-61.31617737,226.9411774,265.4163433,-13.5569849,-226.4915697,-15.2444849,-60.16360474,250.0955811,0.000365294,1.168237813,0.966250045,-59.31250381,-50.71631041,-59.32031631,308.718176,0.00525,7.8125,32.17722328,10.07031322,235.1560593,0.104289278,1.909391872,10.171983,150,124.6283661,300,-34.56250381,-36.06260131,-40.36719036,-59.43750381,-54.58113716,-67.57812691,1.133912631,2.86741523,1.409477392,-99.21875763,-66.31970978
spiny,-33.09210587,178.2006531,42.04934311,177.8733521,-47.74835587,144.4424286,329.7278799,3.171875,-75.10155886,19.9194088,-42.31620026,173.5608521,0.000989211,4.471817946,0.251420455,-47.625,-48.00000191,-53.68125305,158.940048,0.03774,45.3125,47.10937691,47.03125305,172.5000292,0.235376477,1.577304576,15.87223149,90,80.3125,509.9999695,-32.28125,-33.765625,-43.57500229,-47.87500381,-50.640625,-67.72500458,3.849035015,4.065095798,3.63601937,-86.37500763,-66.27255249
aspiny,-39.20803452,211.6267853,23.53928566,211.2910767,-56.79821396,196.9196472,255.7828147,-5.86339283,-141.1568346,-6.537499905,-56.015625,208.3589325,0.000625714,1.798339184,0.299710999,-58.78125,-59.31250381,-61.96875305,184.305216,0.030545,35.06250381,35.93750381,36.25625153,178.2812923,0.068426065,1.527188352,19.18014471,110,112.4166692,499.9999695,-44.40625381,-43.9270846,-43.32500153,-58.9375,-59.44791921,-73.63750305,2.164585005,2.020423149,2.138434535,-93.625,-73.30449677
aspiny,-50.58137894,311.0885315,9.31733799,311.530365,-62.30643845,311.0079041,187.8161453,-8.657167435,-178.3708889,-13.10790157,-62.21588516,311.6574707,0.000597989,1.037922843,1.928486508,-65.81250763,-57.90625381,-66.87500305,288.548096,0.00594,17.81250191,10.515625,27.09375153,175.4687428,0.044263873,1.40964672,10.17719953,200,224.9375,390,-43.34375381,-32.3125,-49.55000229,-65.93750763,-57.98437881,-73.65625305,1.037036459,0.957869236,1.208267327,-92.1875,-72.73524475
spiny,-39.27560425,285.5948792,31.60015106,283.7981873,-52.29028702,217.1310272,220.8979353,-1.064759016,-69.36103275,11.79631042,-46.34638596,267.6174622,0.001042289,3.187046315,0.266666679,-48.75000381,-51.96875127,-54.50000127,342.799552,0.03919,30.53125,38.6875,35.02604167,160.6249958,0.029907519,2.33597056,15.62311318,130,75.5,670,-36.78125,-41.66666667,-49.74479357,-54,-57.02083588,-80.76041921,2.68785571,3.279492536,3.566664383,-98.96875,-80.70819855
aspiny,-35.05430984,229.381073,25.44174767,228.7864075,-47.19478226,173.1371307,231.3382945,-10.87682056,-81.5775132,4.053398132,-43.70631027,221.1347046,0.000894175,2.768577578,0.122829587,-52.65625381,-44.40625127,-57.28125229,254.945376,0.01142,37.84375381,31.2083346,37.60000153,176.093787,0.098493531,1.47653888,11.1198589,130,132.2916641,380,-43,-36.36458588,-47.72500153,-55.34375,-44.9583346,-78.05000153,3.280608521,3.089738927,3.499496938,-96.375,-76.83325958
spiny,-35.78879166,170.3405151,26.89762878,169.8771515,-51.57273865,141.7995758,225.158857,-8.837822914,-73.91374774,5.625538826,-46.96605682,167.2241364,0.000952759,3.053864284,0.213616082,-49.9375,-49.29166794,-53.85625076,289.238816,0.11285,30.46875,38.01041794,26.7125,124.5311722,0.015013314,2.626195456,25.04846275,110,99.79166667,1490,-36.6875,-34.75000127,-40.25000076,-53.28125,-53.28125,-80.47500153,3.025093566,3.18415542,2.595856188,-93.75,-79.89665985
spiny,-37.63315201,292.5117798,23.06951904,291.3777161,-48.64832306,223.8876801,133.8458829,-2.550498247,-58.54036149,6.17504549,-41.94270706,279.0135803,0.001213188,2.152934732,0.209593332,-55.81250381,-49.63542048,-58.86250229,261.918976,0.01338,38.28125,36.27083588,39.81250229,177.8125018,0.117722742,1.138157568,14.91155614,170,130.1249975,499.9999695,-40.53125,-33.48958397,-51.76875305,-56,-51.41666921,-71.4625061,2.970832707,2.196727286,3.515544249,-90.65625,-71.01854706
aspiny,-34.82986069,165.0879669,29.94791603,164.5092621,-51.85532379,143.3842621,249.4487398,0.293981493,-155.1356201,3.23032403,-50.70486069,162.7129669,0.000608889,1.59973982,0.343664996,-52.43750381,-52.75000381,-57.48125381,242.255536,0.033,34.9375,35.14583588,38.31250153,257.678479,0.126064777,2.462401536,27.55288872,90,65.04166667,520,-37.84375381,-37.21875254,-41.65000153,-52.5625,-52.89583588,-64.75000458,1.807648602,1.95188279,2.083096538,-91.71875763,-64.07743073
aspiny,-38.58380508,80.98011017,24.625,80.46733093,-54.63245773,74.90625,245.3779283,-3.029119253,-114.4188761,-3.116477251,-53.99573898,78.17329407,0.000701477,2.130342702,0.489802632,-55.09375381,-55.97916794,-56.30625305,367.354432,0.01012,33,28.33333397,37.90625229,267.9017782,0.050167568,1.237742336,13.61879132,50,47.95833333,44,-42.21875381,-37.31250254,-43.85625229,-55.34375,-56.71875127,-65.75625153,2.476664955,2.125824395,2.579849319,-93.625,-64.6769104
spiny,-38.09992218,277.2314758,34.16782379,277.0293274,-51.3977623,225.6666718,326.941858,3.181327105,-126.0391019,9.298996925,-48.09838104,273.8024597,0.000624753,2.596987334,0.1828125,-50.25,-49.58333715,-54.93750254,80.333384,0.038195,37.75000381,42.3958346,41.73958588,76.87496394,0.112992488,2.06437504,11.20557448,170,153.25,800,-39.3125,-36.86458588,-49.74479294,-53.78125381,-54.61458715,-69.19792048,3.041565186,2.863346348,2.698524952,-77.43750763,-68.04209137
aspiny,-30.36971855,219.213028,18.64788818,218.3609161,-44.98019409,162.0581055,218.0984401,-11.61223602,-81.24907301,-0.231954277,-40.625,212.1725311,0.000750141,2.680818587,0.072963804,-48.75000381,-45.21875381,-52.99219036,250.01352,0.01246,27.50000191,26.76041794,28.20312643,161.0936671,0.089250877,2.126445184,12.486495,130,141.2499949,410,-35.96875,-34.03125,-46.15625095,-48.96875,-46.17708333,-74.62500381,2.815141745,2.924891952,2.973710696,-91.71875763,-73.31910706
spiny,-34.97983932,159.709671,26.51310539,158.9213715,-55.95211792,135.3790283,259.4770649,-7.986391068,-84.77028724,5.686995983,-49.04485703,150.1149139,0.000867419,3.054448801,0.244678927,-50,-49.26041921,-52.48437881,230.895168,0.027,36.50000381,36.44791667,40.91666857,169.9998379,0.049394146,1.13187008,16.21801291,90,100.7916667,610,-34.59375,-33.1770846,-46.38541667,-56.15625,-56.18750381,-74.0989596,3.404509896,3.247041502,4.169928262,-93.5,-73.40564728
aspiny,-37.16327286,507.2444763,8.379845619,508.9596558,-59.36501312,507.1419983,235.3311099,-9.876285553,-224.9079179,-15.68492889,-59.16188812,509.5146484,0.000407943,1.026646487,0.498425239,-61.8125,-50.71631041,-61.59375095,146.470912,0.006085,20.5,32.17722328,29.43750143,99.99984503,0.044632021,1.571648768,7.124648465,340,124.6283661,590,-35.3125,-36.06260131,-47.71093941,-61.87500381,-54.58113716,-76.20312881,1.192883928,2.86741523,1.31025597,-87.00000763,-75.51718903
spiny,-41.39921951,306.7562561,22.74843788,306.5281372,-55.17265701,214.5187531,279.1003906,-11.2265625,-83.05076164,2.610937595,-47.58515549,288.4468689,0.000796375,3.398427703,0.079268303,-48.65625,-51.47917048,-52.86250229,192.555408,0.03283,30.71875191,37.1770846,32.24375191,190.1562959,0.025265502,2.146734336,20.17603379,130,63.58332952,740,-39.03125381,-37.35416667,-46.79375305,-53.56250381,-58.83333715,-76.40000305,2.94862077,2.721590051,3.197895562,-95.40625763,-75.36566162
spiny,-37.74600983,332.5265808,35.15225983,332.8484192,-52.11436081,240.4122314,304.0095746,2.186170101,-75.86462111,15.14627647,-44.24268723,303.0984192,0.000939149,4.071519832,0.116485506,-43.34375381,-43.77083588,-50.95625229,155.374656,0.051395,37.65625,40.70833333,40.86250229,140.937537,0.057835035,2.260205056,19.511607,170,102.2083333,880,-36.90625381,-36.87500254,-48.48750229,-48.8125,-52.29166667,-77.00625153,3.916029699,3.859796336,3.713617315,-91.5625,-76.58605957
spiny,-34.83293152,85.44230652,32.76202011,84.9182663,-52.95552826,68.99038696,282.7249355,-5.838942528,-83.45384017,14.11658669,-45.46274185,81.9182663,0.000886154,3.380261347,0.203378378,-46.65625,-45.96875381,-50.03125254,153.424592,0.04082,34.50000381,35.17708333,38.81250254,204.6872973,0.148217097,1.006450688,37.01572138,50,42.79166667,499.9999695,-35.43750381,-33.5520846,-43.25000127,-53.78125381,-54.43750254,-63.70833588,3.358881141,3.361367808,3.865191275,-78,-62.75639343
aspiny,-37.34564209,412.3547974,13.13731098,413.2449646,-50.66887665,321.849762,188.3003288,-15.95486069,-54.72335789,-6.983585835,-45.46717072,385.2020264,0.00105596,3.45829004,0.190891897,-49.75000381,-50.56250254,-66.9437561,142.02304,0.08572,13.65625,24.77083397,15.55625076,90.93761444,0.007333949,1.497266816,6.532075984,249.9999847,230.4166565,1009.999939,-39.09375,-46.23958588,-42.95625076,-53.62500381,-56.55208715,-80.91250458,3.515984335,3.623374031,2.48738818,-90.25000763,-80.34249115
aspiny,-42.68621445,47.68493271,19.4340744,47.45719147,-55.13912582,39.48116302,288.2379099,-16.54023933,-92.09176285,-6.380565166,-51.12243271,46.06678009,0.000751575,3.136421881,0.331183749,-51.31250381,-51.51041794,-51.60416857,300.860736,0.010985,16.81250191,21.1770846,22.52604262,287.3437405,0.084857807,1.542094336,13.87292468,30.00000191,58.50000127,240.0000153,-45.84375381,-35.96875127,-44.90625318,-53.50000381,-52.44791794,-69.35417048,2.861331954,3.022232176,2.899371369,-100.40625,-68.87960815
spiny,-37.07094574,263.6655273,45.94763565,263.5506897,-54.5422287,193.75,437.2201605,2.705236435,-94.58666596,26.89273643,-45.56756592,252.4594574,0.000844459,4.636808677,0.099719304,-47.00000381,-47.80208333,-50.80729421,109.92988,0.120345,49.09375381,52.10416921,49.37500254,105.0000787,0.021658091,2.153937408,22.59451086,130,115.5416692,1460,-37.12500381,-36.29166921,-45.51041857,-58.15625,-57.76041794,-77.69271215,4.677202082,4.989833161,4.187373938,-89.03125763,-77.27115631
aspiny,-39.44805908,402.9475403,8.177196503,404.2537537,-60.25366211,403.8552551,289.4686746,-12.26438999,-250.996652,-15.43996906,-60.08216858,405.6260071,0.000340572,1.148626983,0.519999949,-62.40625381,-57.32291667,-61.85937754,121.162568,0.00885,11.59375095,10.00000032,15.57812595,111.2500802,0.009858523,1.221851136,6.778162521,249.9999847,274.0833333,540,-38.125,-32.1666673,-46.64583651,-62.46875381,-57.4583346,-73.08854802,1.157590954,1.169867457,1.405788056,-93.3125,-72.48322296
spiny,-33.52951431,291.319458,32.83854294,290.8923645,-52.54426956,213.034729,244.0746474,-0.001736109,-61.77630455,15.66319466,-44.51301956,271.2638855,0.001124028,3.977165886,0.0890625,-46.03125,-48.17708588,-51.94791985,194.35896,0.075645,37,37.86458333,40.47396088,160.0447446,0.041486066,3.433086976,18.50118261,90,107.625,1120,-32.375,-35.02083588,-46.8489596,-55.40625381,-54.93750381,-82.47917048,3.80076773,3.807269939,4.169791771,-97.625,-80.59220886
aspiny,-32.54567337,103.7163467,31.44831657,103.3461533,-53.71754837,94.81730652,218.6966957,1.862980723,-96.42849079,4.158653736,-52.86899185,102.1634598,0.000889231,2.254699743,0.19578469,-54,-54.47917048,-58.91667048,233.965024,0.03264,38.84375,40.35416794,39.1145846,270.0000107,0.046442047,1.81191808,36.32773409,50,38.87499873,380,-34.50000381,-33.44791794,-39.90625254,-54.09375381,-54.58333588,-61.72917048,2.697339626,2.790757608,2.816496433,-90.68750763,-60.76758957
aspiny,-40.22379303,520.0464478,19.6686573,521.5992432,-60.88694382,521.6401367,403.3625858,-8.355029106,-321.1508797,-9.371151924,-60.73693085,523.6698608,0.000296507,1.257267173,0.639058611,-61.56250381,-61.25000381,-62.36719036,107.314848,0.095015,20.65625,21.45833333,24.046875,74.21878725,0.106675692,1.335810432,6.956818103,330,346.3333333,155,-36.46875,-34.37500254,-42.78125095,-61.68750381,-61.36458588,-73.07031631,1.183663311,1.189624923,1.309935575,-82.37500763,-74.07720184
aspiny,-40.41896057,124.6557236,13.05217171,124.3405685,-59.91604996,121.9772263,300.8586525,-14.81872368,-190.5361578,-8.620100975,-59.71107101,123.1212921,0.000442458,1.578353438,0.970353982,-58.78125,-56.02083588,-61.29687881,288.786368,0.01172,11.53125095,9.760416985,21.18750095,235.625118,0.023572175,1.170596864,9.553246272,70,83.04166667,290,-38.46875381,-34.72916921,-42.42187595,-58.9375,-56.28125254,-70.47656822,1.569718857,1.438391228,1.674262706,-93.09375,-69.07585907
spiny,-36.44341278,153.6520233,34.19425583,153.4324341,-55.16638565,112.6418915,265.3090363,-8.46875,-67.77490542,16.6469593,-48.54053879,146.6655426,0.001134054,3.92126604,0.138833333,-49.15625381,-50.13541921,-51.61875153,158.171808,0.0554,35.5,43.58333588,38.85000229,160.6250405,0.039096989,1.100407296,27.50145221,90,85.75,939.999939,-37.34375,-33.70833333,-41.95000153,-55.09375381,-56.88541794,-74.76875305,4.012206272,4.240818613,3.734794468,-93.06250763,-74.60316467
aspiny,-38.75205612,44.78783035,30.92023087,44.70723724,-52.09580612,39.61348724,314.8375175,-9.637746811,-77.43900435,2.918996811,-48.84416199,44.43914413,0.000892368,4.077963431,0.367857138,-49.6875,-50.56250254,-52.00312767,352.724,0.01208,37.37500381,42.76041794,39.69375114,342.3437476,0.093895964,1.081592064,19.61023283,30,34.125,200,-39.21875381,-38.52083333,-41.61562805,-51.96875381,-53.87500381,-62.23437767,3.89958807,4.315374363,3.358562122,-98.40625763,-61.66906738
aspiny,-36.3303566,133.3821411,39.54732132,132.9428558,-58.51517868,122.3321457,329.2129778,4.721428394,-144.00447,17.40803528,-57.4955368,131.9678497,0.000683429,2.268513279,0.150698324,-58.12500381,-58.60416921,-64.36250458,199.066048,0.06528,49.78125,51.27083588,44.04375076,226.7187387,0.009344356,1.9363648,36.70590397,70,60.95833079,650,-39,-38.28125254,-42.74375381,-58.25000381,-58.69792048,-72.45000153,2.622626926,2.555166747,2.019308638,-95.65625,-70.92790222
spiny,-38.78588104,116.4074097,29.70080948,116.1782379,-56.50694275,98.68981171,260.9765554,-8.583333015,-80.99490071,9.357639313,-49.23379517,111.5416641,0.000911111,3.223638339,0.142424242,-50.15625,-50.00000254,-54.22656536,172.50608,0.06574,34.3125,35.54166794,30.82812643,185.6250018,0.158224106,1.249789184,23.07020919,70,74.08333333,900,-37.21875381,-38.54166921,-42.1171875,-58.34375381,-58.5625,-74.82813072,3.474148059,3.285375056,3.033837723,-93.84375763,-73.46250916
aspiny,-30.05542374,188.8856201,29.26326561,188.00354,-41.91184998,142.929245,179.686602,-3.902417421,-73.24807881,9.532429695,-38.38237,181.412735,0.000976792,2.405088554,0.094902122,-50.31250381,-44.81250254,-53.81250095,284.20352,0.0137,42.25000381,36.79166794,35.67969036,194.062531,0.12503168,1.45763072,15.67485702,120,95.54166667,390,-41.25,-34.84375318,-44.46875191,-50.37500381,-44.94791794,-74.62500381,3.09866498,2.860630431,2.902417309,-95.75000763,-74.39974213
aspiny,-32.6517868,335.7857056,31.28273773,334.1994019,-48.56398773,227.0297546,162.662702,-6.453125,-36.27755022,9.258184433,-40.8861618,305.2261963,0.001771429,4.579247371,0.061363636,-46.15625381,-46.02083588,-55.25000381,135.457632,0.0362,34.75000381,43.94791667,36.96875381,125.6250441,0.003224947,1.409340544,14.61180997,190,169.9166667,910,-35.84375381,-36.67708588,-38.90625,-50.78125381,-52.75000381,-75.18750763,4.075621404,3.999105734,3.615301522,-88.71875763,-75.21250153
spiny,-41.06423569,170.3958282,38.56944275,170.4166718,-59.61458206,125.8541641,414.7687147,0.993055582,-106.5075089,15.42013931,-51.64236069,165.840271,0.000756944,3.894601519,0.171405456,-49.87500381,-49.21875254,-51.76562754,217.930304,0.03633,40.34375,43.20833588,43.20833524,177.0312935,0.068702482,1.278618624,23.43335604,80,79.66666667,690,-40.46875381,-36.43750127,-47.5677096,-59.12500381,-55.68750254,-74.38542302,4.020990864,3.772378133,4.093883376,-93,-73.62293243
aspiny,-39.56936646,231.4931335,20.22458839,231.2568665,-58.25583649,226.8685913,278.9924447,-8.395833015,-158.7835193,-7.636904716,-57.99542236,228.9487152,0.000547637,1.756831196,0.656473234,-59.5,-58.12500381,-61.60937754,197.864144,0.01267,20.9375,18.46875064,27.05208429,149.0625441,0.0552238,1.897965312,8.355113062,150,162.5,460,-35.68750381,-33.64583715,-44.89062754,-59.59375381,-58.26041921,-73.23958715,1.60858929,1.48797843,1.822780789,-89.43750763,-73.00822449
spiny,-37.882267,80.93895721,33.44549561,80.77906799,-57.5515976,66.3953476,297.1262725,-5.35755825,-83.81671744,11.4375,-51.50363541,78.6191864,0.000926047,3.546834196,0.215,-51.50000381,-50.93750254,-54.35000229,251.452192,0.01946,34.81250381,39.82291667,33.65625153,228.7500352,0.1265084,1.187037824,17.57980239,50,34.91666667,310,-37.3125,-36.25000127,-44.33750229,-55.03125,-57.43750127,-64.15000381,3.681676024,3.68669569,3.310291523,-88.0625,-62.62680817
aspiny,-35.53125,67.82371521,17.81650734,67.4006424,-50.23237228,48.48397446,190.8978698,-16.30528831,-51.1004759,-2.951121807,-44.31730652,62.44230652,0.00114359,3.747276687,0.292921687,-44.25,-45.38541794,-47.08593845,547.373568,0.0115,18.21875,34.4895846,28.01562595,484.7354889,0.102490924,2.569239808,19.78659268,40,51.99999873,230,-38.50000381,-37.34375127,-43.03906441,-50.06250381,-50.14583588,-69.35156441,3.539739947,4.25359927,3.839319089,-103.8125076,-68.08029938
spiny,-30.59993744,472.3415833,17.51825523,467.857666,-44.83013535,354.1992493,117.5176019,-1.785581708,-57.91583838,3.185643673,-38.05476379,448.6460266,0.00104297,1.961979915,0.0625,-46.87500381,-42.44791921,-56.97656345,152.896544,0.03918,30.12500191,25.45833333,37.35156441,139.0626132,0.066939987,2.437477632,14.93994842,270,308.75,810,-32.40625,-27.8645846,-46.98437786,-47.09375381,-43.80208588,-76.8671875,2.33591845,1.722390761,2.604696339,-92.53125763,-75.79611206
spiny,-39.79397964,424.402771,37.63657379,426.2037048,-55.14930725,273.9212952,386.1928661,0.900462985,-93.23788263,17.16782379,-46.35763931,417.9259338,0.00078537,4.193529781,0.033669122,-46.12500381,-46.26041921,-51.59375381,114.021752,0.073905,39.46875,42.51041794,43.11875153,127.8125048,0.106968932,2.392758272,18.97629033,150,112.4166692,1040,-38.4375,-37.97916794,-47.62500153,-55.71875381,-54.95833588,-75.2312561,3.812401369,3.815264388,3.781571703,-88.34375763,-74.21052551
aspiny,-41.76967621,52.18981552,30.79745293,51.92592621,-59.3807869,47.375,219.0190141,3.581018448,-137.5506511,5.701388836,-58.0370369,51.04166794,0.000717407,1.58881166,0.38995215,-59.93750381,-57.78125127,-61.06875076,364.706944,0.026995,35.25,35.4375,33.19375076,367.6562607,0.16396454,2.943881728,25.39294432,29.99999809,34.83333333,78,-45.28125,-43.09375,-46.64375,-60.03125,-57.91666667,-68.03750076,1.794451812,1.71565651,1.7095416,-100.65625,-72.70935822
aspiny,-44.48186111,105.9248276,32.49694061,105.759613,-56.54457855,91.85227203,292.1423433,-0.09812063,-88.65517466,5.601180077,-53.91193008,102.3985977,0.00088042,3.31518286,0.367919013,-55.59375,-54.65625381,-55.01562818,468.02592,0.01212,35.15625,35.15625,38.50520897,205.3124905,0.07924708,1.327776768,10.83560593,70,88.875,310,-43.90625381,-42.5,-48.06771024,-55.65625381,-56.90625381,-74.00521342,2.804842145,2.857046575,2.616227186,-96.6875,-73.17420959
spiny,-39.11086273,440.7321472,40.28943634,441.5773926,-54.5736618,325.7440491,410.757671,2.127976179,-109.6688859,21.51413727,-47.9821434,435.3869019,0.000725238,3.78332031,0.052122646,-46.5,-47.14583588,-50.28125305,111.03028,0.053695,44.09375,45.46875254,46.78750305,101.5626118,0.123653941,1.68467264,15.22752455,170,158.5,436,-35.03125,-36.47916921,-47.01875229,-54.34375381,-55.04166921,-75.5937561,3.557025569,3.75538666,4.005740429,-87.28125763,-75.05843353
spiny,-37.36105728,376.6576843,30.47500038,375.5827026,-53.48365402,293.428833,324.8634987,-5.029807568,-89.24658904,9.123077393,-49.31538391,349.8500061,0.000833692,3.655234442,0.202651515,-48.78125,-50.00000127,-53.46875,153.395168,0.033955,32.1875,32.13541857,39.25,136.2500787,0.006840927,2.092144384,21.2313733,210,137.7916641,400,-33.9375,-34.30208333,-48.99218845,-51.21875,-55.03125127,-70.41406441,3.266752977,2.822668597,3.796149399,-84.6875,-70.21352386
aspiny,-34.75193405,230.2886658,32.03930283,229.8518066,-47.03253937,176.795105,262.484764,-0.585695863,-106.4795074,12.82828617,-43.67686844,224.920105,0.000768041,2.401592213,0.127044693,-48.8125,-47.16666921,-54.63125305,231.679088,0.01272,44.21875381,45.13541667,46.64375305,154.0626138,0.03514351,2.254660352,10.59896401,130,105.375,400,-37.53125381,-36.82291921,-47.31875305,-48.84375381,-47.34375127,-73.97500458,2.981485388,3.062503654,3.458056191,-91.18750763,-73.22882843
spiny,-42.47415924,131.1442261,44.88942337,130.5336609,-49.0234375,104.7980804,342.441234,6.646634579,-86.37993941,12.05648994,-46.48677826,125.615387,0.000981154,3.982655633,0.201473798,-51.25000381,-54.12500254,-54.79166921,154.967888,0.03966,52.18750381,51.31250254,51.26041921,138.1696463,0.2047351,1.315266304,19.22873256,50,28.66666603,370,-46.21875381,-50.62500254,-49.38541921,-52.43750381,-54.41666921,-62.63541921,4.330147925,4.508583323,4.483329589,-72.71875763,-61.74271011
aspiny,-35.17679214,522.4094849,4.081302166,523.4328003,-52.64571762,519.0870361,186.9723799,-13.5812149,-161.8043899,-14.5538826,-52.4684906,522.2677612,0.000480223,1.127548324,0.441698012,-51.78125381,-45.46875,-59.25625305,194.845184,0.01298,8.53125,-2.5,22.96250114,122.8125021,0.021555273,1.129788032,8.425491562,290,280.9375,469.9999695,-32.0625,-29.17187691,-47.44375153,-51.84375,-45.5,-71.91250305,1.215251732,0.951828456,1.47963369,-85.28125,-70.5905304
spiny,-42.00454712,312.4181824,27.48181725,311.0522766,-56.8539772,225.5840912,220.0252912,-3.085795403,-58.43498682,6.46818161,-50.53352356,288.595459,0.001201091,3.8078455,0.125000005,-52.21875381,-52.42708588,-56.14062881,162.631536,0.028605,32.25000381,35.51041794,38.06250191,144.3750113,0.048613124,2.238629632,26.55531572,130,69.70833333,660,-43.875,-41.36458588,-51.46093845,-55.65625381,-58.58333588,-79.47656822,3.976624067,3.81185483,4.601566983,-95.43750763,-79.61817932
aspiny,-35.6287117,272.2141113,14.38335419,272.75,-53.89635086,212.2388611,223.768551,-9.985458374,-76.58104281,-7.224937916,-50.39727783,253.0111389,0.000778317,2.934098193,0.18482143,-54.28125381,-54.03125127,-61.06875153,158.307792,0.053835,14.31250095,21.4270846,25.99375076,143.4375048,0.00683841,3.156992512,9.188640017,170,150.9166616,540,-34.56250381,-32.82292048,-40.49375229,-56.28125381,-56.55208588,-69.68750458,2.961358429,2.948859657,2.041196378,-84.84375763,-69.08229065
spiny,-41.18660736,114.6107178,16.00267792,114.4178543,-55.94017792,84.38571167,192.608553,-14.96696472,-68.43487869,0.236607119,-48.31964111,111.8428574,0.000877571,2.817504319,0.213888898,-50.34375,-48.578125,-56.43750381,181.749024,0.065525,19.53125,28.39062691,21.65625,245.3127056,0.119957462,1.96742656,24.00325275,30.00000191,51.0625,460,-40.53125,-38.29687691,-46.31250191,-57.09375381,-54.59375,-66.75,2.758428482,2.765332112,2.601103569,-83.00000763,-65.23100281
spiny,-34.74431992,172.875,41.52367401,172.4545441,-51.68655396,128.9924316,321.1988098,0.768939376,-66.99233635,23.33428001,-44.55492401,163.9734802,0.001105455,4.804572849,0.152272726,-45,-48.64583588,-48.09375254,159.676448,0.07548,43.875,45.63541921,43.48958588,125.6249994,0.004649144,1.297763328,23.10998495,70,62.24999873,780,-36.09375381,-38.83333715,-42.5208346,-53.59375,-53.60416921,-70.90625509,4.871668971,4.838993879,4.566445356,-84.43750763,-70.2893219
spiny,-50.82544708,101.8982162,23.31339264,101.6321411,-61.8727684,85.90892792,279.0160248,-15.82499981,-94.08263477,-3.012500048,-54.58526611,99.99107361,0.000850571,2.967267842,0.1535,-56.37500381,-53.48958715,-59.31250381,126.088688,0.04946,27.53125191,32.91666794,28.59375,120.7031235,0.100509867,2.01348864,16.23342123,70,82.54166412,750,-53.00000381,-48.93750254,-55.1875,-61.93750381,-60.66667048,-75.75,3.337903759,3.255100688,3.054738797,-86.71875,-75.10520935
aspiny,-33.43533707,385.8625488,4.929247856,386.5265198,-52.94345093,379.1320496,208.562513,-11.46387959,-179.7977645,-14.42464828,-52.57075119,385.9653625,0.000415346,1.13688152,0.381479758,-55.8125,-45.11458333,-56.90625229,192.310912,0.011,10.84375,2.25000004,21.28750038,100.9375006,0.023961663,1.936862976,5.048134078,260,293.2916667,680,-31.65625,-24.09375127,-41.76250153,-55.90625,-45.3020846,-83.45625153,1.236772062,0.902975085,1.361826543,-99.46875,-82.91417694
spiny,-37.69010544,291.1822815,32.56901169,291.0416565,-56.06510544,189.1979218,277.843307,-5.22265625,-83.76955772,12.73697948,-46.44010544,276.9010315,0.000918958,3.343699239,0.104446467,-47.0625,-47.50000127,-51.30469036,127.714456,0.040755,32.43750381,41.30208588,39.234375,130.1561296,0.042786203,1.498285312,18.28790891,150,112.9583333,960.000061,-36.75,-35.96875127,-47.71875191,-54.90625381,-54.01041921,-79.88281441,3.313076173,3.56671556,3.734167543,-94.09375763,-79.26220703
aspiny,-35.03732681,122.0972214,31.18836784,121.09375,-54.65798569,110.2256927,275.1354322,-2.426215172,-143.3568794,7.620659828,-53.3984375,118.3680573,0.00063,1.913870162,0.309830236,-56,-57.5,-61.37500127,376.491136,0.03006,34.15625,35.67187691,34.83333715,262.0312572,0.178156614,2.21362688,27.96225181,60,43.875,479.9999695,-36.56250381,-37.81250191,-44.76042048,-56.09375381,-57.53125381,-74.69791921,2.003180002,1.914188799,2.101384583,-104.3125,-74.0203476
aspiny,-35.87789917,140.329895,30.33698463,139.7113342,-55.15818405,117.8440704,334.8511935,-2.093105555,-107.5763229,8.415270805,-51.81539917,134.9239655,0.000690928,3.122772591,0.244483986,-51.87500381,-50.93750381,-56.31875305,257.57456,0.04832,26,26.34375191,36.93125153,209.7099572,0.036908466,1.535819136,11.16291497,90,76.5,420,-34.34375381,-31.75000191,-39.09375076,-57.00000381,-56.0625,-69.2250061,2.762349063,2.763540562,2.412232643,-90.21875,-68.15795135
spiny,-41.19696808,79.73863983,43.99810791,79.16287994,-59.06060791,63.12878799,440.1703022,-1.515151501,-98.74035293,15.64015198,-51.79261398,74.20454407,0.000860606,4.46290152,0.209198113,-53.25000381,-55.36458715,-57.32500381,221.835024,0.04572,47.53125,50.5208346,46.68125153,150.1562446,0.042812634,1.090352384,20.3536425,50,65.6666654,570,-40.53125,-41.4583346,-46.33125229,-59.5,-58.60417048,-72.60625763,4.970453931,4.730697337,4.372401752,-90.96875763,-71.66426086
spiny,-39.29255295,92.48403931,31.4428196,92.25798035,-55.73603821,72.5,306.8004683,-12.79321766,-104.7424288,0.480718076,-49.02991867,90.53457642,0.00080234,2.930096005,0.284980613,-48.5,-47.88541794,-51.94375153,184.10248,0.05064,31.68750191,30.32291857,33.99375076,189.1071349,0.025932379,2.708825856,22.83579004,59.99999619,58.04166667,608,-39.43750381,-36.53125,-41.41250076,-55.15625,-53.44791667,-78.39375305,2.937839269,2.768044958,2.967317267,-96,-77.34165955
spiny,-33.2578125,364.6666565,36.30143356,364.080719,-48.95051956,273.263031,291.0660598,4.639974117,-72.87226477,18.12174416,-41.74479294,345.5078125,0.0009675,4.07238032,0.102036667,-42.71875381,-45.48958588,-50.01875229,187.529472,0.051605,40.5,43.79166667,45.55000305,145.1562196,0.020021876,4.68899328,16.34087826,150,86.79166667,930,-32.6875,-33.4583346,-45.63750153,-47.50000381,-50.67708715,-81.8125061,3.658971291,3.645587446,4.016146893,-96.90625,-81.04807281
aspiny,-39.36278915,279.4130859,16.52793884,280.5016479,-64.22102356,278.5604248,288.803925,-4.899420738,-289.2647383,-12.16928768,-64.03517914,281.6531372,0.000378245,0.99157675,0.391667501,-66.62500763,-53.81250381,-65.4937561,123.597064,0.00376,29,-0.93750006,28.87500076,168.1249589,0.03994865,1.475259904,6.896793709,150,188.75,260,-38,-32.21875,-41.19375381,-66.65625763,-53.93750381,-65.61875458,1.116014337,0.724581899,1.190609211,-79.21875,-60.38869476
aspiny,-45.45542145,706.1985474,9.000184059,707.1812744,-64.90128326,704.7573242,301.7525581,-11.68713188,-286.6885406,-17.27086449,-64.74908447,706.5169067,0.000338706,1.047269249,1.414763752,-66.90625,-56.34375381,-63.56875381,109.138968,0.00431,17.15625,4.864583731,24.73750114,71.25011086,0.018807782,1.84660544,5.284798744,460,505.4166565,720,-46.68750381,-30.21875064,-47.54375381,-66.93750763,-56.45833588,-75.45625305,1.113712969,0.853806092,1.211396504,-83.03125,-73.84357452
aspiny,-35.05776596,67.07575989,25.88068199,66.49242401,-54.03219604,56.93181992,250.9689055,-3.653409004,-79.73908224,2.071969748,-52.26799393,62.93560791,0.000897576,3.10024569,0.295554493,-54.96875381,-53.85937691,-55.0089313,394.811456,0.02126,31.12500191,31.73437786,36.83482361,290.7813489,0.040704571,1.88037824,25.95664371,30,30,280,-37.1875,-33.578125,-40.86160878,-56.12500381,-54.90625191,-67.40178789,3.444214933,3.433161824,3.472864578,-99.875,-66.60931396
aspiny,-33.59101105,432.6432495,19.62796593,432.1003723,-51.45597458,410.3777466,240.1887528,-6.812727928,-139.199525,-4.952554703,-50.94662476,426.5921631,0.00058,1.719439477,0.094419629,-56.37500381,-55.33333588,-58.34375305,133.230128,0.0253,25.81250191,23.93750127,25.61250114,116.5624261,0.034448396,1.273529856,31.34580551,250,251,900,-38.90625,-33.57291921,-46.78125153,-56.50000381,-55.40625254,-74.20625458,1.87271803,1.675946503,1.967410558,-87.71875763,-74.14987946
spiny,-35.38810349,139.6552429,16.55947495,139.6088715,-50.22883224,112.1391144,194.0159042,-17.00403214,-62.46573311,-1.236391187,-44.33014297,133.477829,0.000984758,3.116782792,0.223863652,-44.93750381,-43.63541921,-47.39583333,144.8491155,0.073065,16.93750191,24.8541673,19.20833397,235.0000441,0.053151403,0.157398624,27.5312816,70,70.04166667,593.3332926,-36.53125,-35.2083346,-39.3645846,-50.875,-50.98958588,-76.79166921,2.99279265,2.817856379,2.706950869,-96.90625,-75.32037354
aspiny,-37.76740646,217,21.95609093,217.3006287,-55.95806885,180.8291168,260.1321598,-5.260284901,-67.66260673,-5.054588795,-51.73457336,211.9003143,0.000904304,3.921146296,0.200934915,-55.09375381,-54.26562691,-61.50000381,178.411232,0.07854,24.8125,23.90625191,25.39843798,108.5938662,0.041783802,1.15700608,9.951470704,140,147.0625,700,-35.15625,-34.34375,-42.33594036,-58.34375381,-57.43750191,-75.14843941,4.208898202,3.839902887,2.619588903,-86.9375,-74.66946411
aspiny,-37.62539673,154.9264221,22.60245323,154.5221558,-54.10225296,135.6067963,251.0425425,-9.819422722,-70.77684526,-6.269580841,-52.41534805,148.0696259,0.001008987,3.580129068,0.471866781,-55.71875381,-54.09375254,-58.95625305,324.418624,0.01644,23.00000191,24.1145846,26.68125153,215.9375399,0.06327752,1.00419872,10.34356609,100,101.7916667,380,-35.875,-34.01041667,-39.99375153,-56.84375381,-55.27083715,-75.15000305,2.961445458,3.114299627,2.95487915,-99.28125,-75.4125061
spiny,-29.38619423,225.7891846,8.847481728,224.7388,-45.01912308,177.1324615,136.9854845,-8.114738464,-81.02251472,-7.747201443,-39.56296539,221.0186615,0.00066403,1.656403636,0.147894359,-44.93750381,-43.0208346,-52.20833588,110.793784,0.03683,25.28125,22.14583524,31.28125191,145.6250846,0.031374685,1.44263296,15.84064592,150,164.0416667,440,-29.78125191,-27.53125,-43.96875,-49.00000381,-47.88542048,-69.18750509,1.946830806,1.588653066,2.229449413,-81.65625763,-67.96443939
aspiny,-34.76286697,87.72058868,40.09375,87.23529053,-58.44301987,76.27941132,286.0428355,2.319852829,-148.1470514,14.24816132,-57.66911697,85.55882263,0.000697647,1.92252174,0.028929625,-58.0625,-58.18750381,-60.37500286,213.492544,0.02838,43.40625,48.453125,42.42187691,246.5624213,0.044863697,2.6026368,27.72774574,50,43.18749809,340,-36.28125,-36.17187881,-40.02343845,-58.18750381,-58.265625,-62.12500381,2.274719359,2.261162114,2.234687585,-88.0625,-61.07242203
aspiny,-36.6917038,525.5328979,12.36549664,528.8508911,-48.8479538,416.9649048,218.4866144,-13.12902069,-63.58883632,-7.801900387,-45.73172379,498.634491,0.000843509,3.487555754,0.189206441,-49.59375381,-53.69791921,-62.86458524,140.350912,0.029075,15.50000095,17.4375,23.65625095,132.8126937,0.028520074,1.886012672,8.804428426,310,226.7083282,730,-35.90625,-34.94791921,-43.80208588,-51.06250381,-55.82292048,-75.56250509,3.130522738,3.206963476,2.449802692,-88.5625,-75.24282837
spiny,-41.28451538,388.9944153,28.94123077,387.7350769,-53.83721924,300.7052307,237.3880639,-0.520988822,-42.40379389,12.66044807,-48.20056152,358.5055847,0.001519104,5.765676068,0.118506008,-48.12500381,-47.96875381,-56.96250305,155.2808,0.09894,35.28125381,39.19791794,39.42500229,136.4955008,0.08358825,2.986184704,27.75513422,190,126.0416641,1500,-40.03125,-39,-51.83125305,-53.46875381,-55.70833715,-77.65000458,4.810002756,4.775626572,5.140430176,-91.375,-76.95381165
spiny,-39.99479294,241.75,30.93333244,241.2624969,-60.07291794,179.0375061,286.283892,-7.061458111,-66.37021961,14.21041679,-53.57083511,223.2708282,0.001124667,4.342173283,0.092760187,-51.78125381,-48.82291667,-54.10625305,179.631072,0.034565,36.125,39.6770846,39.4,170.6250012,0.011824357,2.171879168,23.67126461,110,87.375,910,-38.65625,-36.31250127,-46.53125076,-58.1875,-56.80208333,-79.33125,4.195967683,3.95418299,4.636141358,-97.96875,-78.33370972
spiny,-41.46777344,231.2851563,43.45605469,230.8867188,-56.48828125,160.40625,389.2333384,1.641601563,-114.3441455,19.37695313,-47.14355469,223.6523438,0.000759375,3.421019197,0.111507948,-48.12500381,-45.66666921,-50.60937691,181.868128,0.03046,44.31250381,47.71875254,48.28906536,152.5000036,0.053678326,3.873096448,22.23361018,130,107.4166641,760,-40.4375,-36.76041667,-47.08594036,-54.21875381,-54.71875254,-75.17969322,3.299356502,3.400244389,3.940582524,-88.93750763,-74.07302094
spiny,-38.55823898,143.1193237,36.58522797,142.3465881,-58.07528305,96.35227203,361.7184754,-4.416193008,-89.04359547,13.42329502,-50.24573898,135.7784119,0.000889773,4.070002654,0.219878049,-49.9375,-50.96875,-53.18229294,184.926912,0.05602,42.5,44.36458588,44.76562627,196.8749613,0.015257731,1.899178752,27.68235487,50,41,650,-37.59375381,-36.94791667,-46.14583333,-56.50000381,-56.28125,-73.8958346,4.13520298,4.399851413,4.42052622,-94.71875763,-73.44106293
aspiny,-39.77171707,186.6899719,18.78689957,186.3072052,-59.3080864,181.1285248,351.1882374,-10.62853146,-250.020467,-5.033721924,-58.90077591,184.7168121,0.000377853,1.402815288,0.91969343,-59.34375,-51.18750127,-61.55729485,226.775216,0.01498,23.06250191,7.354166667,33.15104357,159.9999666,0.041602671,2.185806592,8.51071857,110,176,410,-37.5,-31.57291794,-43.75521024,-59.40625381,-51.34375254,-74.74479675,1.336683143,1.039892106,1.440917426,-91.34375,-73.80310059
spiny,-43.94270706,179.1517792,33.3102684,179.3422546,-59.578125,135.9434509,307.4739153,-13.90922642,-85.63999032,4.566964149,-51.71354294,177.8303528,0.000939405,3.594387105,0.172321438,-53.03125,-52.06250127,-52.96875191,176.9292,0.04582,33.15625,41.95833588,35.92187595,123.2813597,0.031693976,3.10554368,12.70265283,110,130.9583333,840,-45.28125,-40.14583333,-46.20312595,-59.09375,-58.13541794,-84.7109375,3.524424795,3.702857362,3.549037004,-99.65625763,-85.15707397
aspiny,-37.47265625,116.9947891,26.59288216,116.6996536,-51.65972137,90.91146088,302.9116391,-11.24479198,-82.1586211,0.873263896,-47.4921875,113.6267395,0.000821667,3.696419508,0.299404762,-48.68750381,-47.8958346,-52.29062729,266.631808,0.01898,27.21875191,33.02083588,27.43125095,223.2811749,0.056290209,1.760009728,13.78370566,70,80.625,340,-41.15625,-36.89583333,-45.00312729,-52.65625381,-51.26041794,-75.67500381,3.340533451,3.999001448,3.088630308,-98.71875763,-75.00658417
aspiny,-34.45341873,116.0094376,38.23171997,115.4551849,-54.77122498,109.8679276,291.9082193,2.08785367,-108.9517816,13.46344376,-54.20578003,111.1485825,0.000798113,2.667286494,0.305542453,-56.81250381,-55.44792048,-62.31875458,201.436224,0.04622,44.1875,45.1770846,35.87500229,241.0937846,0.066412255,1.552102144,23.7731294,70,58.58333333,520,-37.43750381,-36.44791667,-40.72500229,-56.90625381,-55.54166921,-65.51250305,3.189760221,3.035971756,2.466876071,-91.09375763,-65.07750702
spiny,-37.69577026,413.3658142,31.69669151,412.9632263,-51.5546875,315.2132263,242.7140323,-2.018841982,-81.69382466,12.71277618,-45.92279434,403.7591858,0.00091,2.971031335,0.170432877,-48.71875,-50.88542048,-55.46250229,175.084272,0.03744,36.40625381,39.78125254,38.28750076,133.2812905,0.078146063,1.646988416,12.2742062,230,167.5416667,880,-37.65625,-37.44792048,-50.61250229,-51.40625381,-53.92708715,-80.05000458,3.004350078,2.844242562,3.004271045,-94.09375763,-78.92382813
aspiny,-42.81589508,82.73097992,29.386549,82.49728394,-57.62567902,73.05706787,404.9075296,-7.84918499,-197.3545274,4.131793499,-56.67934799,81.51358795,0.000463913,2.049826166,0.411666667,-58.40625381,-59.05208588,-60.51041921,327.722144,0.0211,32.625,32.375,32.33333588,267.187506,0.0679636,1.988786304,16.64915758,50,43.62499873,300,-45.28125381,-46.07291921,-47.44791794,-58.43750381,-59.21875254,-68.42709096,2.123072581,2.090336276,2.152900129,-95.40625763,-67.31521606
aspiny,-27.85369301,85.4318161,15.79119301,85.11363983,-44.55823898,58.61931992,119.1315013,-10.08522701,-55.70366129,-2.811079502,-38.76988602,83.83522797,0.001092727,2.134349261,0.169545455,-41.90625381,-46.58333588,-51.94791921,235.731312,0.04258,17.81250191,27.9479173,16.95833333,307.3438704,0.030682333,1.751763968,44.68012551,50,36.25,489.9999695,-32.84375,-34.19791667,-30.93750191,-43.90625381,-46.91667048,-60.13541921,2.416272013,2.428649482,2.020920537,-93.78125763,-59.96723557
spiny,-43.49750137,32.41999817,46.06874847,32.42499924,-62.32125092,24.97500038,533.0661907,-4.973750114,-125.6252604,-8.90874958,-55.58250046,32.45999908,0.0007568,4.244690168,0.401593624,-55.4375,-53.58333588,-57.27344036,352.271168,0.02352,47.21875,48.78125381,47.39062595,369.2188859,0.04847699,1.315021056,29.61137961,20,27.41666667,320,-42.00000381,-37.29166794,-46.64844131,-60.09375381,-55.82292048,-72.08594131,4.329165234,4.199300099,4.063144838,-101.4062576,-71.91506958
aspiny,-39.4296875,94.11458588,26.97395897,94.15625,-61.78645706,76.34375,218.2209271,2.046875,-157.6037855,-1.0078125,-58.30729294,93.30208588,0.000658333,1.38021021,0.1625,-60.15625381,-58.37500381,-59.69791794,453.120864,0.0227,30.59375191,32.10416667,28.9895846,345.1322317,0.109593317,2.475473664,28.68488422,50,40.5,210,-43.81250381,-39.39583333,-46.18750254,-60.18750381,-58.41666794,-59.78125381,1.500890965,1.478045616,1.465560913,-101.8125076,-75.55773926
aspiny,-38.19086838,838.5115356,5.858078957,840.3105469,-57.61278152,841.003418,291.7443408,-14.69857121,-236.4869362,-14.71808338,-57.4858551,842.5025024,0.000318264,1.233559874,1.389285714,-59.1875,-56.46875381,-63.34375305,102.970728,0.00579,5.906250477,4.645833532,9.181250381,63.90613317,0.022834703,2.171853312,4.993314654,570,555.708313,800,-39.03125381,-29.44791794,-43.95625153,-59.28125381,-56.51042048,-75.79375305,1.282615077,0.959649963,1.343242843,-91.875,-75.34182739
aspiny,-36.23606491,82.55405426,31.79138565,82.2077713,-51.1984787,67.75675964,356.9312514,-7.827702522,-89.5073029,12.25464535,-46.95185852,80.64865112,0.00077,4.006597332,0.554020101,-48.21875381,-46.51042048,-47.72396088,389.1112,0.01322,33.34375,31.63541857,28.72395992,271.4062929,0.066345714,4.61404928,10.98801114,50,55.58333333,260,-37.21875381,-33.89583588,-41.44791794,-50.75000381,-49.85416794,-70.45312754,3.650051436,4.116280632,3.264695669,-101.2812576,-69.2375412
aspiny,-34.58159637,328.131958,20.09409714,327.4902649,-53.875,262.8166809,294.4847506,-8.287847519,-93.45151668,-6.268402576,-49.87638855,312.2819519,0.000681389,3.163851565,0.206268436,-54.28125,-56.32291667,-62.50000076,110.782544,0.0419,21.34375,24.21875064,22.78750038,98.59386086,0.021957887,2.788234496,7.815746105,190,194.2083333,690,-34.90625,-36.13541794,-39.95625229,-57.12500381,-58.52083333,-70.75,3.310382891,3.619182316,2.591707428,-81.90625,-70.51532745
aspiny,-44.77689362,450.1061707,12.9114666,451.3012695,-62.48825073,451.4345703,336.2260585,-12.91567039,-247.7880022,-13.47270012,-62.36208344,452.5198669,0.000357747,1.356971945,1.443365012,-65.31250763,-61.28125381,-66.61250305,148.943296,0.006105,16.5,14.75,23.38750076,81.24999702,0.009151489,1.49093632,22.58371608,290,389.625,530,-46.90625,-32.96875381,-50.11875,-65.375,-61.28125381,-75.72500153,1.405709013,1.144005714,1.397236561,-85.03125,-74.63965607
spiny,-40.23077011,196.4375,32.75360489,195.9855804,-59.04567337,146.2788391,368.430358,-8.179086685,-108.4097181,7.246394157,-50.72836685,190.9134674,0.000735577,3.408515297,0.213071905,-49.25000381,-50.54167048,-51.92500305,180.567264,0.05286,36.3125,38.21875127,37.61250229,181.718722,0.029556759,1.84904576,23.40278158,90,71.12499746,910.000061,-38.9375,-36.91666794,-46.25625229,-54.5625,-57.40625254,-82.07500153,3.406229534,3.388868911,3.871704539,-100.5625076,-80.51889038
aspiny,-35.30796432,291.7169495,13.55564499,292.0907288,-59.35705566,290.2294312,281.1824351,-10.49032211,-229.2925393,-9.277621269,-59.1727829,291.6157227,0.000411161,1.221542578,1.049484551,-62.03125381,-57.15625,-62.98437881,249.662016,0.01008,14.53125095,10.85937548,21.78125048,150.0001103,0.046862975,1.094335872,7.753305571,170,210.3125,420,-32.625,-30.00000095,-44.25781536,-62.125,-57.34375191,-72.94531441,1.175460941,1.096496207,1.394327816,-88.65625763,-71.87664795
spiny,-38.984375,112.2072372,38.46546173,112.1842117,-55.18914413,91.22697449,354.7299848,-1.554276347,-103.9987969,15.88322353,-43.63404465,109.375,0.000743947,3.411020455,0.209598225,-43.375,-44.50000127,-48.42500153,264.565616,0.06478,39.5,41.23958333,38.41875229,174.3750721,0.090288319,3.289750016,24.72129302,70,74,920,-36.84375,-37.5208346,-46.46250153,-57.00000381,-55.77083715,-75.23125,3.460560015,3.558670806,3.575213817,-93.65625763,-74.57196045
aspiny,-34.2353363,297.6923218,34.96202087,297.9721069,-52.09110641,261.8009644,317.6915118,4.184615612,-102.1926676,13.9480772,-50.23701859,290.4028931,0.000737692,3.12530023,0.227176782,-52.62500381,-53.48958333,-58.19922161,238.482688,0.01308,34.84375,35.17708588,39.51953316,161.5625024,0.065882511,1.867351552,8.534078082,170,131.3333333,530,-34.71875,-35.2395846,-40.3242197,-54.75000381,-58.36458715,-74.91406631,3.014679608,2.791136821,2.35698499,-91.75,-74.5377655
aspiny,-37.49987411,236.9811554,12.82147408,237.6430817,-52.43991852,236.3187408,243.2646394,-9.328984261,-163.2905137,-5.851705551,-52.22327042,237.6502075,0.00046888,1.489724088,1.257439807,-56.625,-53.09375127,-57.23437738,239.244688,0.00494,16.56250191,15.16666762,15.58984447,174.3751168,0.013016039,1.579934592,14.24761713,160,150.4583333,340,-45.84375381,-30.1770846,-46.07031393,-56.68750381,-53.47916794,-66.7929697,1.508063666,1.263258604,1.485622213,-85.03125763,-65.88147736
aspiny,-40.09007263,98.19117737,35.63235474,97.64705658,-56.90441132,80.25,316.356567,-1.970588207,-145.8704786,13.78308868,-54.51654434,95.375,0.000669412,2.12578234,0.007181719,-57.1875,-53.65625381,-57.88541921,344.72576,0.0096,42.78125381,34.46875,46.60937627,226.4062464,0.097126581,1.58699584,13.66398545,60,78.375,200,-45.43750381,-36.4375,-50.84896088,-57.1875,-53.6875,-72.17187881,2.797544903,2.067791667,2.944797314,-93.96875763,-71.795784
spiny,-40.38095093,155.3670654,27.50744057,154.9662628,-53.18650818,119.9861145,238.1580354,-15.0109129,-67.23907019,3.125496149,-46.6830368,149.3412628,0.00113873,3.547476979,0.145222938,-47.56250381,-44.51041667,-53.41875153,181.070544,0.046,28.03125,22.31250127,34.91250229,133.4374994,0.110953309,1.982620544,18.2023309,100,104.8333333,1190,-42.03125,-38.57292048,-37.70625229,-55.34375,-52.71875254,-74.08750305,3.841497896,3.526136484,3.045811956,-87.18750763,-73.51293182
spiny,-42.61006546,567.786499,29.68722343,567.326355,-54.12721252,428.6437988,253.6239977,-2.404314041,-48.63187871,13.26935863,-50.24751282,514.8583984,0.001355752,5.199044637,0.047801303,-53.28125,-51.65625254,-56.38021088,53.94362,0.04422,38.59375,42.04166921,42.03125254,91.56245738,0.030613009,1.215588864,12.22296898,310,262.1249949,870,-43,-39.09375254,-49.49479485,-55.15625381,-56.71875381,-73.52083715,5.072835248,5.129657816,4.85925699,-82.9375,-73.77882385
aspiny,-35.21972656,100.2226563,17.13085938,99.203125,-49.90429688,71.3984375,145.4349908,-10.953125,-56.53313164,-4.295898438,-45.94726563,94.87890625,0.001135,2.545659516,0.024622116,-49.84375,-50.04687691,-51.45833588,597.264192,0.02502,27.25000191,33.54687786,30.12500191,263.2810473,0.018253187,2.147975936,15.13065517,50,37.78125,420,-39.18750381,-37.796875,-40.31250127,-50.40625,-51.48437786,-76.03125254,2.976337675,2.94357089,2.835603509,-100.4375076,-75.47213745
aspiny,-31.53178787,83.5,35.20635605,82.59051514,-53.5177803,76.70474243,251.1897118,2.328125,-111.9163273,11.34913826,-52.74030304,77.89224243,0.000823793,2.222873958,0.038390585,-56.50000381,-55.48437691,-60.83750381,513.464384,0.02296,45.56250381,44.296875,47.28125381,228.9062142,0.047019206,1.441600256,12.33384936,50,26.9375,350,-35.5625,-34.92187691,-38.85625153,-56.53125381,-55.56250191,-73.27500458,2.660697303,2.707389083,2.868150451,-98.81250763,-72.99589539
spiny,-32.86505508,102.6761398,39.00852203,102.8125,-52.79119492,70.40341187,404.649198,5.647727489,-154.6704483,14.653409,-42.734375,103.1136398,0.000515909,2.61724927,0.237057526,-41.78125,-43.98958588,-48.55468941,88.841184,0.061395,43,43.6770846,44.32031441,163.6717767,0.0431518,1.123688448,25.13739613,50,50.70833206,580,-30.06250191,-31.54166857,-43.10156536,-51.62500381,-51.0208346,-65.65625381,2.639077188,2.729702318,3.381707107,-83.65625,-64.78707886
spiny,-33.97805786,122.1010666,37.23271179,122.4281921,-55.48936081,108.3989334,327.2579986,-0.789893627,-95.94470533,13.69348431,-44.63829803,121.3404236,0.000798298,3.409703777,0.189501916,-44.96875,-51.96875127,-51.29166794,281.314944,0.05546,37.90625,40.81250254,42.96875127,123.9062473,0.119535215,1.054473664,15.31038573,80,57.58333079,860,-33.40625,-41.39583588,-47.2083346,-59.00000381,-59.28125127,-79.85417175,3.384780266,3.915368685,3.890813091,-95.03125763,-79.6576767
spiny,-40.88541794,185.3863678,20.251894,184.6306763,-56.33806992,142.032196,248.6009019,-17.31723404,-72.44783438,-4.405776501,-50.71733093,172.5416718,0.000987197,3.466078428,0.224002088,-49.71875381,-50.36458715,-54.83593845,180.715872,0.03379,26.53125191,31.51041794,27.35156393,269.3749666,0.0405709,1.17476032,14.25274231,70,45.95833333,410,-38.15625381,-38.64583715,-49.04687595,-57.90625,-56.13541921,-76.4375,2.770646473,2.929776642,3.050775465,-99.90625763,-76.34992218
spiny,-41.01724243,226.8922424,42.57543182,226.8879242,-59.6896553,158.6637878,340.3083656,-1.238146544,-88.34214521,16.63038826,-50.77262878,225.2801666,0.000960345,3.862015608,0.080107527,-50.9375,-50.79166921,-51.31770833,292.185408,0.0409,45.34375,45.0520846,45.23437627,215.3124958,0.022295639,1.600629632,21.47274781,70,57.625,630,-40.5,-36.60416794,-44.5729173,-55.34375,-53.77083588,-75.40625127,3.962950057,3.500541411,4.044306093,-96.96875763,-75.30392456
spiny,-34.86791611,445.686676,32.29916763,443.4633484,-48.97000122,343.2999878,217.7798733,3.007083416,-67.59574454,13.45374966,-42.0008316,415.3166809,0.0010098,3.194058457,0.037873131,-43.59375381,-43.32291794,-49.7239596,200.095456,0.041435,37.1875,37.90625127,42.90104485,148.4375447,0.149942681,2.261890048,17.30121481,210,160.5833333,1080,-34.375,-31.48958524,-48.29687627,-48.75000381,-52.67708715,-79.33333842,3.011664946,2.913081964,3.704270795,-94.68750763,-78.66729736
spiny,-34.77757263,131.8970642,30.24908066,131.3161774,-54.77022171,95.52941132,228.65326,0.73713237,-87.20406315,7.368566036,-43.43106461,129.2352905,0.000846324,2.542169523,0.173261206,-48.34375,-45.70312881,-51.70625305,157.999552,0.05755,43.40625,36.82812691,43.86875076,196.4062452,0.008573316,1.546310784,24.18782966,70,88.375,760,-40.21875,-35.32812691,-48.76250076,-56.59375381,-54.26562691,-80.76875305,3.842614265,2.825120853,4.433927184,-100.90625,-80.77006531
aspiny,-37.9872818,1119.771118,13.54273224,1121.701172,-55.04683685,1120.633179,334.9542049,-9.924963951,-256.0379217,-9.693713188,-54.90919495,1123.776123,0.000313006,1.313035136,0.80490808,-56.15625,-60.51042048,-64.40625153,59.547116,0.229105,12.87500095,18.89583397,24.25625114,36.87503934,0.06247887,2.336648704,3.472113536,720,589.1666667,1030,-30.68750191,-35.08333333,-46.69375381,-56.25000381,-60.63542048,-78.11250458,1.119367455,1.148666734,1.21379639,-89.21875,-77.29488373
spiny,-39.2296524,446.4389648,42.0443306,446.7558289,-54.25363541,313.450592,389.0250113,0.936773241,-81.59297652,23.3648262,-49.2943306,423.508728,0.000967907,4.893924819,0.035307015,-49.03125381,-50.08333333,-51.15625191,210.982144,0.058835,46.28125381,47.37500381,49.29687786,189.3749982,0.113283351,1.861696128,21.29566784,130,61.91666667,700,-36.03125,-36.43750127,-46.44531536,-53.62500381,-57.23958715,-72.27344513,4.957589516,4.685048961,4.53861343,-92.78125,-72.23723602
spiny,-32.30833435,344.3361206,27.10902786,343.0888977,-50.47777939,251.1416626,215.188487,1.358333349,-86.16193278,10.13402748,-40.51250076,328.8083191,0.000779556,2.475589042,0.102876105,-45.84375381,-40.10416794,-51.43750191,197.584736,0.040295,31.62500191,21.27083429,42.65625191,167.96875,0.094158262,1.658260736,19.18082536,190,135.5416667,960.000061,-32.28125,-27.00000191,-46.15625,-48.75000381,-51.09375127,-77.8359375,2.875894375,1.859926334,3.355912945,-94.40625763,-77.26193237
aspiny,-35.11510468,105.8125,34.8125,105.53125,-48.7109375,83.42708588,311.5027865,-3.520312548,-96.31601675,17.19062424,-43.37968826,103.53125,0.000771667,3.233919273,0.413287312,-48.03125,-48.35937691,-50.50000191,499.877376,0.01916,46.75,47.375,47.98437691,162.5001878,0.042711094,1.77097216,8.058344289,50,38.9375,330,-40.125,-37.578125,-44.5703125,-48.25,-50.46875191,-75.35938072,3.224150252,3.19780209,3.269016568,-97.125,-73.97757721
spiny,-39.42844391,319.0162964,37.65443802,320.1956482,-51.44248199,263.5525513,395.4698903,2.662590504,-143.5935879,12.32518101,-46.94248199,321.6594238,0.00056471,2.762645206,0.193605868,-48.43750381,-50.60416921,-53.13125076,96.906576,0.066365,42.87500381,45.68750127,43.73125076,80.31257987,0.170850918,1.641645056,13.27194478,190,170.6666667,1170,-41.18750381,-40.84375254,-48.64375229,-55.06250381,-55.1458346,-72.88125305,3.08486071,3.038632109,2.995787694,-80.65625,-71.45566559
spiny,-39.07363129,259.755127,25.55137062,257.994873,-49.81635284,190.8407593,195.4284128,-4.793664455,-76.49759256,6.308218956,-46.95462418,239.3082123,0.000946301,2.549200281,0.129997309,-51.96875381,-46.29166794,-52.93229357,281.624384,0.00522,31,26.96875191,34.27083397,100.0000387,0.01208302,1.284698496,8.48381375,140,193.4166616,260,-42.65625,-34.26041794,-46.44271024,-52.25,-47.89583715,-59.43229485,2.746296364,1.99134582,3.000360678,-68.9375,-57.30238724
spiny,-39.92773438,237.1953125,39.39746094,236.8046875,-54.77050781,158.7304688,414.5168659,-3.572265625,-101.141474,15.71875,-47.79785156,227.1523438,0.000774063,4.122112747,0.129261376,-48.5625,-48.87500381,-53.13750076,154.11952,0.057525,45.18750381,50.48958333,48.09375305,159.2187583,0.072580814,2.623668224,19.00568662,110,77.83333333,640,-37.5,-38.51041794,-45.50000229,-53.84375,-55.65625254,-72.21875153,4.449678031,4.816197594,4.242618868,-89.46875763,-71.46766663
spiny,-36.703125,115.0687485,32.12343597,114.3562469,-56.375,77.75624847,248.0300915,-6.493750095,-77.07679322,13.4609375,-42.22812653,109.2562485,0.00090225,3.239516176,0.125162345,-42.65625,-44.23958588,-47.62500254,157.403648,0.06408,31.53125191,35.50000381,27.14583492,205.6249231,0.105545349,1.963302528,29.37118413,70,76.20833333,1019.999939,-37.84375381,-38.67708588,-30.85937754,-56.46875,-55.01041667,-75.29167175,3.233774798,3.192760265,2.547034176,-96.28125,-74.6204834
aspiny,-35.41666794,183.1442261,24.34775734,182.9198761,-50.26522446,132.2628174,165.603888,-5.015224457,-94.20985767,5.310897827,-45.26362228,180.7371826,0.000875385,1.671796974,0.015573287,-48.40625,-39.70312691,-54.04166985,124.868192,0.02868,27,14.84375,39.32812691,141.5625364,0.085050374,1.624898432,11.17759344,90,169.75,420,-37.43750381,-27.42187595,-49.79687691,-52,-74.53125381,-74.18750254,1.798243443,1.158583403,2.815447939,-89.1875,-73.46755219
aspiny,-32.75133514,434.8272095,10.89789486,435.1417236,-50.31024551,433.4090881,224.8088697,-8.676136017,-182.8086532,-10.81291771,-50.07879257,435.6654358,0.000417353,1.225575689,0.917168675,-52.50000381,-42.81250381,-53.41875229,121.202512,0.01024,15.625,1.1875,24.05625153,105.4686382,0.084573798,1.968578944,7.164520174,270,356.1875,124,-30.68750191,-24.18750191,-42.00625153,-52.59375381,-43.109375,-69.41875153,1.228595353,0.979926334,1.464403658,-91.875,-68.58792877
aspiny,-34.71718979,583.0079956,22.43972778,583.8435059,-55.54097366,579.1134033,365.641762,-7.260688782,-270.2311528,-2.794388294,-55.31428146,584.1291504,0.000355487,1.354712243,0.768041391,-56.93750381,-59.48437691,-61.32292048,164.139152,0.03726,23.00000191,25.26562691,28.7916673,63.74999881,0.055086434,1.850024448,4.934319279,350,274.75,740,-31.84375191,-36.15625,-42.90625,-57.03125,-59.62500381,-77.80208842,1.262991624,1.337120602,1.37600516,-85.8125,-77.31426239
aspiny,-41.84833527,414.6174011,18.40617561,415.6093445,-62.03173447,415.7115173,292.9242148,-9.308174133,-224.375394,-7.506786823,-61.94812775,416.5207214,0.000452721,1.30504783,1.383333256,-64.78125763,-59.80208715,-65.55625153,164.339328,0.00606,22.71875191,16.98958365,24.58125191,149.6875733,0.028060993,1.600594688,9.106875728,250,157.5,499.9999695,-46.09375,-41.40625254,-48.11875305,-64.78125763,-59.88541921,-69.73125305,1.359791134,1.330625032,1.477407937,-83.15625,-68.99760437
aspiny,-39.53807068,231.5838318,32.86024475,231.3829346,-59.68142319,226.8035736,286.9848234,0.453373015,-168.3208493,6.505828381,-59.34263229,229.0912628,0.000642222,1.705113487,0.564143444,-62.46875381,-64.03125,-66.40000305,225.348896,0.05198,30.43750191,30.87500191,36.43125,104.687497,0.014648953,1.188247936,6.467069087,150,173.375,560,-35.21875381,-35.875,-46.58750305,-62.65625381,-64.21875,-77.73125153,1.486388146,1.282422011,1.446571602,-88.03125763,-76.45797729
aspiny,-37.94759369,202.0722046,0.102484472,201.5861816,-56.90896606,184.2298126,173.8143978,-20.27270889,-103.1452298,-15.37732887,-56.17643738,198.0442505,0.000601832,1.683928593,0.413095257,-58.15625,-58.51041794,-67.01041921,220.36152,0.048925,0.84375,4.125000159,0.427083333,181.8749607,0.124726444,2.634340352,12.18555888,130,132.0833333,670,-36.46875,-34.9375,-38.9739596,-58.6875,-59.06250254,-81.11458588,1.663913212,1.594070822,1.715117826,-100.53125,-79.63563538
aspiny,-44.97984695,473.1904907,9.939856529,474.480896,-64.01171875,473.7718201,308.6183983,-17.19624329,-211.3389637,-14.99138165,-63.8203125,475.6520386,0.000407024,1.461147744,0.764195251,-67.875,-60.66666794,-67.95312627,138.529536,0.013895,4.34375,17.3854173,17.50000032,82.81249553,0.035915323,2.66035328,5.739074814,270,327.0416667,226.6666667,-47.53125,-32.5625,-45.61458524,-68.03125,-60.83333588,-82.59896342,1.501789517,1.295973545,1.482308666,-93.03125,-83.38054657
aspiny,-38.38497925,92.72479248,26.55488396,92.3550415,-52.38813019,80.42227173,258.4444037,-1.537815094,-73.19624078,7.430409431,-49.57116699,88.48529053,0.00089479,3.56988504,0.418317103,-48.93750381,-52.34375191,-54.54375229,388.119296,0.01806,25.46875191,24.28125095,31.64375153,284.9999666,0.038977932,1.265797376,14.99345835,60,51.4375,380,-35.40625,-33.65625381,-39.83750381,-52.18750381,-54.359375,-66.91875305,2.952525643,3.452782663,2.869158404,-96.40625,-66.51364899
spiny,-33.67897797,155.25,34.78977203,155.2386322,-54.84233093,111.25,298.1665076,-3.096590996,-92.45536207,13.19744301,-46.54829407,153.6420441,0.000848864,3.233910493,0.12183908,-47.9375,-48.65625,-50.61718941,160.389952,0.05537,35.90625,37.53125,37.296875,186.8750006,0.020291815,3.320776704,24.27927705,90,61.125,830,-33.5625,-33.68750381,-43.09375,-54.40625,-55,-74.89843941,3.142356624,3.030679995,3.401117846,-95.6875,-75.24223328
spiny,-37.02121735,217.125,26.65239143,216.4104919,-48.69868851,159.8364258,215.9389101,-10.20640469,-84.95329039,2.662808657,-41.12422943,211.1604919,0.000886296,2.547441456,0.232692308,-45.09375381,-45.22916667,-51.95625305,195.574896,0.035855,30.87500191,38.28125254,27.70000153,182.812497,0.062333882,1.801988864,17.52371868,130,112.7916667,600,-37.53125381,-37.66666794,-42.11250076,-47.75000381,-51.50000254,-74.03750153,2.588050799,2.645530597,2.527674759,-92.46875,-72.94451904
spiny,-37.40476227,220.8869019,42.35342407,220.4345245,-53.9977684,164.2232208,290.8780198,2.136904716,-110.9734196,13.21502972,-48.22395706,215.2678528,0.000847381,2.61921766,0.149909428,-50.06250381,-49.66666794,-53.85625153,176.982464,0.0325,47.21875,47.80208333,46.68750229,165.6250805,0.151450798,2.19193472,14.23219158,110,114.2083282,630,-38.03125,-37.26042048,-47.66250305,-54.34375381,-54.57292048,-76.0625,3.088882793,2.810487066,3.441032639,-94.4375,-75.56982422
aspiny,-33.1640625,354.7333374,11.92708302,354.7749939,-51.09062576,313.0458374,211.4333101,-10.29635429,-142.2250777,-8.501562119,-49.9453125,352.1333313,0.000516,1.47863768,0.015833333,-56.625,-56.03125381,-64.62500572,152.525904,0.030735,14.59375,19.87500095,26.30468845,132.8124702,0.030466657,1.341274496,14.80129749,200,282.75,560,-40.84375,-34.57812881,-44.94531536,-56.68750381,-56.07812881,-73.82031822,1.682598953,1.281583142,1.651613501,-87.93750763,-73.23257446
aspiny,-37.67222977,435.3511658,13.59980679,436.4419861,-55.34079742,435.934845,247.8277549,-9.177167892,-185.5836645,-8.475111961,-55.20892715,437.0401001,0.000465342,1.328380041,0.966641395,-54.34375381,-53.98958588,-60.04167048,193.789488,0.22246,8.71875,11.52083429,25.45833397,128.2812804,0.026813038,1.580123392,12.87747023,260,232.1249949,560,-31.46875191,-29.70833397,-44.46875254,-54.50000381,-54.05208588,-75.01042175,1.107943524,1.140446973,1.475435539,-87.84375,-73.67507935
spiny,-35.27533722,283.2854614,39.44045639,281.7246704,-48.92356491,211.7550659,304.6213866,-3.406672239,-52.70167039,21.73859787,-43.11866379,252.7094574,0.0013,5.907023236,0.168080359,-46.96875,-48.97916667,-49.21875,169.58944,0.0668,45.53125,47.6770846,44.15625381,126.7186701,0.043594446,1.480085376,13.9309005,170,159.9583333,890,-37,-36.4895846,-44.34375,-52.25,-54.47916794,-75.53125,5.371530788,5.875984936,4.87424357,-89.96875763,-76.2541275
aspiny,-35.18680573,51.04999924,20.42638969,50.98333359,-50.46875,42.86111069,244.9687885,-9.992361069,-84.64678397,-1.319444418,-48.04791641,50.51944351,0.000780444,2.882694309,0.01474104,-50.43750381,-50.76041921,-54.25000381,467.85904,0.02626,28.12500191,36.76041667,38.54166794,179.151684,0.02664691,1.528647936,8.829038516,30,25.79166667,360,-37.53125381,-38.58333588,-38.92708333,-50.5625,-50.91666921,-72.73958333,3.092056695,3.022533289,2.933150018,-92.15625,-71.52575684
spiny,-36.6336441,197.2340393,37.38031769,197.1462708,-53.24933624,153.0611725,303.0854008,4.198138237,-77.41836607,19.48204803,-46.25930786,180.1861725,0.000961277,3.913871364,0.146334901,-46.12500381,-47.40625254,-51.43750229,94.737656,0.07696,40.5,45.54166921,46.46875381,160.3124589,0.077374354,2.20057856,24.06134655,90,96.16666667,949.999939,-35.78125381,-36.35416794,-47.96250076,-54.93750381,-54.42708588,-74.98750305,4.14364361,4.493890238,4.327547015,-91.00000763,-74.14933777
aspiny,-37.68353271,102.82341,32.10019684,101.9424591,-49.3482132,87.63491821,264.2672577,-2.388888836,-109.3496898,11.27281761,-48.59226227,98.47618866,0.000767302,2.395820069,0.139005234,-51.375,-48.79166921,-51.83593941,182.348176,0.00822,37.5,37.88541921,41.63281441,168.9060926,0.06184189,1.151682688,11.17299981,59.99999619,30.16666603,180,-40.59375,-42.18750127,-47.68750191,-51.4375,-49.46875254,-62.76562786,2.584711401,2.605527026,3.115442491,-79.90625763,-61.28577042
aspiny,-35.25886917,257.466217,31.73986435,257.1030273,-52.35599518,200.5844574,322.5253645,-1.546452761,-84.09326397,8.113175392,-46.55236435,247.0641937,0.000793514,3.853782326,0.255416136,-50,-50.65625,-53.45312786,197.383456,0.02668,32.46875,33.75,35.25000095,136.71875,0.029514173,1.879595392,10.48363367,150,132.75,590,-34.15625,-34.40625381,-40.00781536,-54.43750381,-54.90625381,-71.77344131,3.706756284,3.781745253,2.974483048,-78.21875,-71.29203796
aspiny,-33.16593933,473.0587463,26.45718765,472.7737427,-53.11968613,380.5762634,324.1229798,-5.707187653,-81.59758371,-6.940625191,-49.40499878,452.2025146,0.000791,4.006828663,0.191501976,-54.40625,-53.81250254,-63.46093845,116.209488,0.04966,28.34375191,32.9375,33.44531536,84.37500149,0.058176134,1.336761984,5.870875041,290,247.3333384,840,-32.96875381,-33.66666794,-39.24218941,-55.87500381,-56.89583715,-75.82031441,4.321603513,4.275470028,2.568395467,-85.12500763,-75.46890259
aspiny,-32.79315567,333.7832336,7.566840172,334.3824463,-51.22296524,329.1309509,182.6453072,-11.6160717,-128.408785,-10.9609375,-50.86681366,332.3799744,0.000537242,1.416846534,0.220209058,-53.96875,-53.57291794,-59.54687691,217.522496,0.03255,8.6875,16.78125064,11.76562548,188.1694943,0.049237326,2.38536192,16.91103905,210,179.375,620,-34.0625,-31.57291667,-44.09375,-54.15625,-53.68750254,-73.40625381,1.526330615,1.326612089,1.64448868,-94.03125,-72.67868805
aspiny,-32.288517,213.7776184,25.1667881,213.2761688,-51.5992012,171.366272,258.8744649,-7.034156799,-68.82123645,-3.897892475,-48.0181694,201.5319824,0.000944186,3.773770493,0.246698121,-52.37500381,-54.84375381,-56.78750229,218.541648,0.06744,28.90625191,29.81250191,28.25625114,164.6874249,0.053408939,1.364809472,8.885173452,130,125.8750076,540,-34.40625381,-34.84375,-39.75625153,-55.34375,-57.40625381,-70.26875458,4.152176585,4.390318692,2.734802512,-86.21875,-68.67988586
aspiny,-41.19454193,444.0228882,22.47447205,443.2605591,-56.33890915,402.5986023,303.8034035,-5.802816868,-187.2076799,-6.324383736,-55.75263977,438.5528259,0.000488169,1.61325285,0.014583331,-60.65625381,-56.32812691,-61.25625229,176.015024,0.01242,32.34375381,29.85937595,34.16875305,110.156253,0.029103549,2.751824896,10.7629784,250,279.6875,550,-47.34375381,-39.87500381,-48.85000305,-60.75000381,-56.43750191,-71.23750153,1.854886402,1.840065397,1.926627829,-82.34375763,-70.68408203
aspiny,-30.33394623,62.57598114,26.53615189,62.11519623,-51.80575943,58.1936264,198.1777914,-4.525122643,-106.5254634,-2.242034197,-51.12745285,60.90441132,0.000835686,1.854853692,0.434236451,-53.4375,-55.43750254,-60.2723247,361.080768,0.03178,31.75000191,37.62500127,28.12500136,450.7813454,0.067169257,1.254786048,46.75751807,30,27.29166667,350,-34.59375,-35.26042048,-35.4330368,-53.53125,-55.66666921,-63.00000327,2.25801667,2.338276745,2.093358456,-101.4687576,-61.16090012
spiny,-38.47480011,246.2352142,42.46908569,245.8924713,-52.52822495,196.6061859,422.7918456,5.175739288,-148.5671344,12.88474464,-49.08098221,241.8897858,0.00059543,2.848457087,0.239350181,-46.4375,-47.41666794,-53.70625305,104.156048,0.02706,36.375,44.85416921,40.51250153,162.812382,0.116804019,1.312183168,19.42871409,150,112.1666692,378,-34.625,-35.91666921,-46.33125229,-49.21875,-53.87500127,-75.01875153,2.761461991,2.785689391,2.853987666,-94.59375763,-73.97957611
aspiny,-37.57087708,180.1005096,29.80605698,180.4162445,-47.44265366,140.2268066,246.3557534,-7.105025768,-90.3958523,8.191043854,-45.46842957,176.4407196,0.000848866,2.697031849,0.164491155,-49.90625381,-49.32291921,-56.40625381,206.196992,0.00798,36.9375,39.78125127,38.12500153,186.5624189,0.065669432,1.153908864,12.72842289,110,99.5,249.9999847,-40.96875381,-41.77083588,-48.30625153,-49.90625381,-49.51041667,-70.89375,2.908460224,3.057504306,3.103612626,-90.53125,-70.53907013
aspiny,-40.40296173,548.0071411,13.84265327,549.1505127,-58.87911224,547.456665,329.4463794,-10.12664509,-239.8592319,-10.88651276,-58.66906357,550.2727661,0.000349101,1.377471498,0.631220715,-57.68750381,-56.62500127,-59.83125229,105.196152,0.126335,13.5,14.58333397,25.01875114,64.53125179,0.044995621,1.501609216,4.996345362,350,400.4166768,900,-34.90625381,-31.43750254,-44.86250153,-57.84375381,-57.52083588,-77.88125305,1.204547096,1.267778265,1.377525863,-92.5,-76.95485687
aspiny,-46.44849396,65.08795929,27.50462914,64.99305725,-66.84490967,62.46990585,292.1344586,-1.747685194,-189.7807796,-0.962962985,-66.03761292,64.49536896,0.000562778,1.533683729,0.4836,-66.21875763,-60.57292048,-65.88125458,420.55984,0.03293,36.125,39.63541667,37.80625153,271.093756,0.082920291,6.652205351,19.72991612,40,54.375,440,-48.90625,-41.3958346,-50.11875305,-66.43750763,-60.66666794,-80.95000458,1.74967715,1.69340372,1.791804568,-99.375,-81.6468811
aspiny,-36.13251495,170.6424103,21.92563248,170.6687775,-61.51081085,167.8122406,267.3579662,-6.257252216,-166.4954794,-8.449762344,-61.23035431,169.3465118,0.000571097,1.603448756,0.739600889,-62.59375,-61.07291794,-66.07500153,272.902624,0.01245,22.4375,15.59375,29.6875,219.2187458,0.065339506,1.05968704,11.33023795,110,129.6249975,400,-33.37500381,-27.40625,-41.79375,-62.8125,-61.30208715,-75.81250153,1.47123336,1.140068673,1.801099764,-97.15625,-74.11423492
aspiny,-36.00314331,354.8254089,8.718226433,355.1578064,-57.20530701,350.039093,242.3077151,-12.60858917,-179.2667225,-12.16480446,-56.89001465,353.7213745,0.000433128,1.348775934,0.396501182,-62.40625381,-61.94791667,-64.2,175.045392,0.009345,14.46875,19.5208346,22.55,139.5312548,0.160879478,1.355374208,10.92507543,210,247.5833333,590,-41.21875,-34.75,-48.95000229,-62.56250381,-62.09375127,-75.14375153,1.388890575,1.234027924,1.452921531,-90.71875,-74.67279053
spiny,-36.10584641,112.6371002,37.19455719,112.7661285,-53.84475708,81.14516449,309.0888804,-3.790322542,-87.17609443,13.58568573,-43.93346786,111.3588715,0.000885,3.549739937,0.183333333,-45.875,-46.16666667,-51.13125076,176.646384,0.06451,37.78125,39.67708333,33.47500076,231.5624952,0.05477798,1.218080888,27.99012096,70,65.83333206,790,-35.65625,-35.19791667,-38.70625076,-54.59375381,-53.96875127,-74.9062561,3.609865385,3.498310085,3.192830784,-99,-74.45582581
spiny,-33.19357681,119.3877335,31.13107681,118.6863403,-47.43315887,104.0486145,214.4877603,3.233506918,-79.84346611,13.12963009,-42.40161896,116.1724548,0.00090375,2.694778318,0.305681836,-47.84375,-45.5208346,-53.94271151,107.965952,0.043795,31.1875,31.41666794,26.75000191,220.7812071,0.211056739,1.874527744,16.39639691,70,126.4999949,530,-31.84375191,-32.00000381,-42.4114596,-49.6875,-49.15625381,-70.53125127,2.553382345,2.544862104,2.481194983,-94.18750763,-70.12418365
aspiny,-35.19487381,79.69944,29.21629143,79.40589905,-48.22787857,69.62921143,271.5898348,-9.584620476,-104.3474642,8.92275238,-46.24122238,77.92134857,0.000733034,2.60083626,0.319642857,-49.46875381,-48.05469131,-58.80729421,332.401536,0.029625,37.90625,38.36718845,40.16666667,214.6875858,0.110406376,2.34064128,15.28256384,50,52.37499809,350,-37.28125381,-36.16406441,-45.16666794,-49.59375381,-48.18750286,-75.9739596,2.809441365,2.80848893,2.980340231,-99.21875763,-75.12527466
spiny,-38.64941406,118.4570313,34.10807419,118.2825546,-51.78710938,104.9270859,311.605243,-0.638020813,-81.54737589,9.64453125,-43.22851563,115.4453125,0.000865833,3.801510016,0.210854185,-46.09375,-48.83333588,-50.27678789,222.65776,0.05446,45.0625,46.80208715,46.63393021,123.4375387,0.221457779,1.52016384,15.36759979,80,96.70833333,949.999939,-41.15625,-40.9583346,-47.67410932,-58.25000381,-55.96875381,-76.80804007,4.608691409,4.457439162,4.416716207,-89.56250763,-76.07496643
aspiny,-44.09210587,31.57456207,21.4868412,31.54824638,-57.63158035,29.64035034,172.0945394,-7.024122715,-92.11276171,-2.717653513,-56.59320068,30.89693069,0.000951228,1.843817275,-0.002165355,-57.84375381,-53.78125254,-56.56250229,225.907072,0.01692,31.62500191,34.77083588,35.56250076,226.4062911,0.035312966,1.417300992,11.17311023,20,27.625,249.9999847,-48.43750381,-43.20833588,-46.57500153,-58.25000381,-53.95833715,-73.33125458,2.602678905,2.624924787,2.820798826,-99.53125763,-73.72788239
aspiny,-42.83267975,445.8828735,13.28527641,446.8318787,-60.6775322,446.1840515,288.0399638,-8.218510628,-234.221781,-11.72215271,-60.51730347,447.4277344,0.00038579,1.229556564,1.404545455,-61.46875381,-58.09375381,-63.84375127,191.82192,0.00745,16.37500191,10.25000032,23.93750064,138.7945414,0.080078952,1.047581568,6.194566099,270,247.1249949,489.9999695,-35.03125,-30.47916857,-47.9375,-61.62500381,-58.1770846,-76.22917175,1.185436403,1.05481921,1.336006644,-101.125,-75.64860535
spiny,-37.01522446,112.2019196,42.40144348,111.9262848,-54.56089783,87.01602936,438.6750107,3.186698675,-138.5382415,13.89823723,-47.92387772,110.2820511,0.000633974,3.17307134,0.282026144,-46.78125381,-46.5520846,-51.48125305,158.85984,0.05778,44.71875381,37.64583588,34.11875076,248.1250018,0.053754795,1.593821568,28.10313562,50,47.58333206,680,-32.78125,-33.7083346,-43.10625229,-52.59375381,-52.34375381,-75.92500458,3.64611331,2.845568254,2.803240248,-96.21875763,-73.46385956
aspiny,-35.33815384,79.625,27.64505577,79.00933075,-48.56669617,69.59887695,182.6143505,-12.96921635,-84.20945117,5.617537498,-47.64132309,76.4832077,0.000995224,2.1335031,0.01051751,-51.4375,-49.56250381,-53.33333333,491.354752,0.00686,36.53125,32.85416794,41.31250254,299.8437881,0.071942404,2.171886336,15.40639135,40,48.04166667,160,-38.6875,-35.93750254,-43.97916921,-51.4375,-49.63541667,-65.82292175,2.613488782,2.197139035,3.250467174,-94.59375763,-65.14850616
aspiny,-36.62259674,121.477562,12.16025639,121.1217957,-54.44230652,98.89102936,199.6795085,-11.18589783,-120.5996446,-7.993589878,-50.64503098,119.1121826,0.000597436,1.652172445,0.438026316,-55.03125,-52.46875381,-57.59375,396.64576,0.03038,15.84375095,7.953125238,6.78125,272.343874,0.106722668,1.541491584,27.00318716,70,53.5,570,-38.87500381,-39.51562881,-36.4375,-57.34375,-57.29687691,-73.43750763,1.73062798,1.827450348,1.703375602,-97.68750763,-72.10683441
aspiny,-35.12291718,50.58889008,16.20555496,50.42222214,-45.6534729,39.00833511,173.2127231,-14.26180553,-54.57974949,0.814583361,-42.57083511,48.16110992,0.001017333,3.161964715,0.098660713,-44.75,-41.86458715,-53.23125381,282.220288,0.01686,22.90625191,17.98958429,27.17500153,282.656163,0.058385886,1.255023104,23.47489817,30,47.83333333,239.9999847,-37.37500381,-33.2708346,-42.76250229,-45.875,-43.85416794,-64.13125076,3.375918806,2.978031309,3.205738949,-98.5625,-63.22340012
spiny,-36.70552826,376.0673218,33.33894348,375.5336609,-54.41345978,257.1826782,283.2543778,-3.481971264,-71.76069617,17.20072174,-44.47836685,345.3894348,0.000986923,3.990721587,0.068359382,-45,-45.57292048,-49.53906536,102.552104,0.081125,36.00000381,42.04166794,41.06250381,125.9375066,0.057324186,1.739066624,20.88209341,150,116.4166692,1320,-35.84375381,-36.5208346,-48.08594036,-54.68750381,-56.88542048,-78.89062691,3.952205152,3.78665268,4.018378694,-92.0625,-78.10100555
spiny,-38.36363602,112.7045441,37.45454407,112.234848,-56.54450607,83.82196808,290.0352885,-3.543560505,-81.6631526,13.66761398,-46.48011398,106.3484879,0.001015152,3.533777698,0.150223214,-51.06250381,-48.34375,-54.25625229,205.640656,0.04934,46.37500381,43.375,43.96875153,222.8125036,0.214304119,2.058944896,27.04515535,70,70.125,840,-41.21875,-40.31250381,-45.40625305,-56.15625,-57.12500381,-77.23125458,4.420505251,3.761981447,4.305413093,-101.625,-76.95752716
aspiny,-40.65534592,329.1666565,19.19565201,328.5923767,-59.46331406,316.335144,250.754151,-3.926177502,-188.6450161,-9.217391014,-58.90579605,324.8442078,0.000508913,1.309194683,0.016294643,-62.46875381,-54.30208588,-63.04166921,130.863136,0.020385,31.43750191,17.06250095,35.05208715,128.9062202,0.012250268,1.3372032,12.04137945,190,275.2083333,610,-44.8125,-35.40625254,-47.51041921,-62.53125381,-54.33333715,-75.52084096,1.562055591,1.208149086,1.663177941,-89.09375,-74.60540009
aspiny,-36.84753799,84.67045593,18.85890198,84.45454407,-64.41477203,79.24242401,239.9180798,-4.613636494,-179.9853881,-10.02462101,-63.73484802,83.67424011,0.00054697,1.327894427,0.530357143,-64.46875,-58.40625,-64.56875,416.706976,0.024435,23.8125,20.62500095,25.34375114,340.7813609,0.135835811,1.302865664,34.00248441,50,55.3125,479.9999695,-40.21875,-33.1875,-45.49375229,-64.65625,-59.046875,-73.88750153,1.47060921,1.360344917,1.537383979,-95.03125763,-71.41384125
aspiny,-34.3928566,94.375,-1.986607194,94.67857361,-50.9508934,68.625,96.23228861,-18.3191967,-53.0875288,-13.16964245,-48.0602684,93.01786041,0.000957143,1.797778356,0.551538462,-51.71875381,-50.71631041,-54.46428735,211.252736,0.01816,1.812500119,32.17722328,5.066964422,246.8749881,0.035037123,2.373841152,18.15494284,50,124.6283661,320,-37.09375,-36.06260131,-38.75893075,-52.62500381,-54.58113716,-60.67411096,1.855679211,2.86741523,1.986214757,-85.75000763,-60.22387695
aspiny,-35.34221649,363.8024597,24.34528542,365.2572632,-46.14453125,327.1367188,235.7952068,-0.689313591,-73.46524313,5.737444401,-44.92801285,358.6506653,0.000866875,3.237682968,0.459786812,-47.50000381,-50.01562881,-55.42500229,181.615776,0.03188,24.06250191,22.03125,30.11250153,139.5312846,0.012682589,2.466296832,8.774122815,230,168.8125,570,-35.43750381,-35.45312881,-41.25000305,-47.96875381,-51.35937691,-73.03750458,2.542888601,2.900497768,2.491941731,-87.59375763,-72.63658905
aspiny,-40.5185318,206.966568,27.4115181,207.319046,-50.639534,178.745636,263.2535052,-4.3352108,-90.10574639,1.612463713,-48.78143311,202.9164276,0.000783837,2.947301223,0.471915605,-50.5625,-50.51041921,-51.54375305,275.437632,0.01558,29.25000191,31.1666673,30.13750114,162.1875316,0.020406546,1.302980992,9.276517502,130,152.1249949,479.9999695,-40.1875,-39.6770846,-44.35625229,-50.71875,-51.12500381,-77.71250458,2.510741186,2.376763588,2.22797909,-92.71875763,-77.00527954
spiny,-31.60110283,407.6176453,27.35294151,406.6617737,-52.38051605,262.6470642,171.3817927,2.553308725,-66.29592402,13.98897076,-43.05882263,390.6691284,0.001003235,2.556415461,0.027665705,-44.1875,-43.10416794,-49.22500229,120.474672,0.047385,31.09375191,28.27083397,40.78125076,122.8126585,0.112924814,2.240793088,18.92291472,170,161.875,1100,-30.81250191,-29.36458524,-48.92500229,-50,-49.82291921,-77.76875458,2.46979509,1.997839,3.050234038,-92.15625,-77.00247192
aspiny,-36.28258896,165.8571472,19.08303642,165.3267822,-52.53303528,129.4571381,205.4947877,-5.899553776,-74.23725611,-5.326785564,-48.13035583,158.2446442,0.000870286,2.778619236,0.236583937,-50,-52.00000191,-56.64062627,198.45928,0.016285,16.34375,20.328125,29.56770929,152.8125405,0.030323107,1.422049792,8.735452707,100,86.4375,440,-34.81250381,-35.03125191,-40.89062627,-53.5,-55.15625191,-67.25000127,2.443984163,3.010752591,2.534670064,-83.59375,-66.51059723
aspiny,-30.0399704,341.3104553,11.22674465,340.8796387,-48.66744232,330.1494141,196.5307384,-10.19505787,-118.8361372,-7.561192036,-48.27994156,336.9302368,0.000567953,1.652261006,0.389888196,-54.25,-54.32292048,-61.35000305,160.168064,0.053065,14.31250095,20.96875191,28.71250153,143.1249678,0.092290148,2.31173888,12.64151117,190,242.6666667,690,-32.46875,-28.42708397,-43.56875153,-54.34375381,-54.43750127,-73.18125153,1.624742875,1.368070086,1.714147603,-88.09375763,-71.61641693
spiny,-37.05945206,243.2561035,37.75152588,242.4237823,-53.54496765,177.1493835,363.1221146,-1.152438998,-106.8975943,14.26829243,-46.35137177,232.3932953,0.000745244,3.416204682,0.166977619,-47.50000381,-47.68750127,-50.27344131,134.792592,0.04695,42.62500381,45.80208588,45.76562691,162.3437852,0.040973939,2.496823296,18.9256658,90,103.1666667,760,-36.81250381,-36.26041921,-47.43750286,-53.28125,-56.03125381,-74.13281631,3.504873134,3.538655613,3.650205369,-91.15625,-73.31303406
aspiny,-37.7622757,158.5223236,25.8091526,157.5535736,-55.2399559,137.96875,240.4030443,1.6953125,-130.3549344,-1.372767806,-54.32700729,153.5580292,0.000664286,1.82249197,0.05297619,-58.50000381,-40.40625,-60.79375305,246.092256,0.020005,35.40625,2.09375,34.39375076,196.5625435,0.03602495,1.56843456,31.47024804,90,211.7083333,400,-42.84375,-30.07291857,-44.50000153,-58.59375,-55.37500254,-64.60625153,2.226335819,1.204362895,2.088568425,-85.5,-63.55082321
spiny,-37.80529022,112.6057663,44.96394348,112.4230804,-55.72595978,78.81730652,405.883413,3.879807711,-125.3666066,17.07452011,-48.78125,110.9326935,0.000713462,3.237936299,0.214566476,-46.53125381,-48.62500127,-52.73750305,189.376096,0.03189,47.125,48.76041921,48.87500305,232.812494,0.100696012,1.619337472,22.32452031,50,35,251.9999817,-36.40625381,-35.5625,-44.18125153,-55.71875381,-55.96875,-65.28750305,3.278658837,3.363066247,3.534980595,-91.28125763,-64.3289032
spiny,-36.15104294,67.21250153,32.35729218,66.93333435,-53.63020706,52.91666794,266.7289667,-6.802083492,-85.57257264,10.96249962,-45.78541565,65.4291687,0.000914,3.112087444,0.271482411,-48.1875,-48.79687881,-50.86250229,257.352496,0.04376,37.93750381,42.35937691,43.03125305,236.7188185,0.041815601,1.21572224,25.1453128,30,42.4375,469.9999695,-36.78125,-34.75000191,-44.60000229,-56,-53.59375,-68.54375,3.233941474,3.392563282,4.031581987,-94.90625763,-68.09973907
aspiny,-33.40592957,110.9497452,27.34632683,110.6481934,-53.72809219,106.2190704,280.8783459,0.309600502,-196.047507,-0.079574734,-53.12789917,109.6842804,0.000484536,1.427946168,0.491044776,-55.50000381,-54.21875254,-56.68125381,231.135856,0.020925,35,33.95833333,40.56250305,230.6249589,0.21735926,3.059912704,16.56741392,70,83.70833333,560,-35.03125,-34.21875127,-38.81250153,-55.59375,-54.35416921,-73.6062561,1.615898289,1.52741994,1.749715927,-97.15625763,-72.43812561
spiny,-38.43444443,588.3261108,29.93308449,587.6956787,-52.98743057,436.2649536,266.7910764,-5.625339508,-99.75527632,9.0390625,-46.640625,571.8600464,0.000775707,2.663221949,0.121274779,-46.28125381,-48.92187691,-54.70000229,88.903048,0.03793,34.4375,38.296875,39.91875,79.99999821,0.107222773,1.702454144,10.94589398,350,314.6875,1200,-33.78125381,-35.8125,-53.22500153,-52.50000381,-54.42187691,-83.0062561,2.605102886,2.430231101,3.227251332,-91.875,-82.50605011
aspiny,-34.15580368,46.18571472,8.571428299,46.07500076,-50.60312653,44.03035736,125.0578036,-9.146428108,-91.4921121,-10.52991104,-50.15446472,45.40714264,0.000774143,1.345675811,0.005978263,-55.28125,-53.78125127,-57.97500076,443.305856,0.01362,12.68750095,16.6875,16.10000019,491.8749928,0.049460836,1.877729024,49.04793116,29.99999809,18.75,47.99999695,-40.84375,-38.76041667,-41.40000153,-55.5,-54.08333333,-60.84375076,1.662837624,1.573201202,1.636446465,-94.46875,-58.38957214
spiny,-24.2678566,433.1547546,11.20461273,423.2232056,-43.02604294,286.2321472,73.17870584,0.348214298,-70.85048126,-5.081101418,-34.08481979,406.4196472,0.000941905,0.959681311,0.021264368,-38.9375,-38.75,-49.25000381,95.787344,0.036535,23.5625,11.75,35.90625191,82.81211555,0.128487274,1.998873088,9.432924545,230,285.8333333,730,-24.5625,-26.76041794,-46.29687786,-42.1875,-44.15625254,-77.85156822,1.418251041,0.850195944,2.30170615,-90.37500763,-76.91028595
spiny,-38.18706512,435.362854,34.73567581,435.3177185,-51.53385544,370.1892395,358.2390847,1.459201336,-123.8567294,8.894097328,-45.71267319,432.7916565,0.000628889,2.908697715,0.114583325,-45.21875,-47.09375381,-47.62500229,69.681216,0.05127,39.28125381,46.30208588,45.93125305,70.15625387,0.234812409,2.978270208,9.004644649,270,218.4583282,1800,-38.4375,-39.78125127,-48.58750305,-54.81250381,-53.39583588,-69.76875305,3.177257955,3.148136648,3.257078724,-73.09375763,-65.65114594
aspiny,-32.00880432,132.4313354,32.00836182,131.6549225,-44.04665375,99.88732147,230.8226685,-6.731073856,-81.83519955,9.285211563,-41.1452446,127.5211258,0.00091493,2.803198428,0.189266094,-43.21875,-44.6458346,-47,274.80464,0.01214,36.6875,36.33333588,35.640625,236.7186397,0.05700415,1.69516672,15.73926223,80,73.33333333,270,-34.78125,-35.97916794,-40.54687691,-43.28125381,-45.04166794,-65.421875,3.108658342,3.212700425,3.41884743,-90.56250763,-64.71183777
spiny,-42.00045776,425.6305237,35.70680237,426.2867737,-55.94209671,333.0698547,337.0201588,-2.541360378,-75.06681672,14.77297783,-51.04411697,416.6268311,0.000981765,4.534937154,0.19666665,-52.03125381,-53.31250254,-55.31875229,165.120592,0.03052,37.71875,39.07291794,40.77500229,142.9687142,0.004699362,1.751679744,16.96248033,230,178.7083282,989.999939,-38.56250381,-36.41666794,-49.18125153,-55.00000381,-57.61458333,-78.99375458,3.991494064,3.661304318,4.160698908,-93.56250763,-78.80503845
spiny,-39.47708511,388.9083252,32.91805649,389.2083435,-54.81944275,296.3833313,345.4968863,-0.712499976,-74.30160394,16.90486145,-49.24166489,363.8555603,0.000943222,4.71417727,0.215121951,-48.375,-47.75000381,-49.60000229,93.798776,0.05378,34.78125,38.27083333,39.20000076,145.3124583,0.021471892,3.682779904,20.18155956,70,77.79166667,890,-38.125,-37.50000127,-51.16875076,-54.18750381,-55.46875127,-79.74375,3.877805939,3.993287561,4.427119874,-95.34375,-79.29507446
spiny,-45.35668182,102.4568939,35.99568939,102.8706894,-62.29849243,71.37931061,340.0302425,-11.91271591,-102.7785124,-7.502155304,-56.57758713,102.6637955,0.000921034,3.312037128,0.245974815,-54.3125,-49.09375127,-54.40104167,272.356064,0.03755,39.625,45.32291794,39.85937564,195.9375292,0.029232226,2.130230016,21.92828359,50,49.125,105,-41.50000381,-36.38541794,-42.65104357,-61.18750381,-52.40625127,-80.17187627,3.348235015,3.788296634,3.482443789,-100.8125,-78.85513306
aspiny,-37.26689148,194.0202637,14.51435852,193.6148682,-51.83995056,152.3310852,173.5339213,-10.90160465,-51.6529799,-7.952280521,-47.76351166,180.5405426,0.001156757,3.370417082,0.213501633,-49.03125381,-49.94791794,-52.68125229,206.175392,0.04188,16.0625,21.6458346,20.09375,138.0580515,0.027683675,1.121817856,10.95296691,120,104.7916667,700,-37.34375,-42.9270846,-41.23125153,-53.40625381,-55.04166921,-71.95000305,3.561528181,3.337599354,2.545704463,-87.96875,-71.23371887
aspiny,-40.18229294,393.0260315,3.192708254,393.046875,-54.89453125,377.90625,215.7003569,-13.734375,-185.3413838,-13.86848927,-53.9296875,392.6614685,0.000376667,1.16092309,0.682123966,-57.03125,-50.71631041,-59.90104485,187.830688,0.006605,5.906250477,32.17722328,9.151042064,167.9688841,0.080467135,1.793085952,8.581867558,230,124.6283661,480.0000305,-38.25000381,-36.06260131,-43.51041857,-57.15625381,-54.58113716,-75.02604294,1.242267734,2.86741523,1.280802467,-93.15625763,-74.12104797
aspiny,-36.0598526,179.5224609,17.84703445,179.4923706,-50.85127258,175.6254272,304.7060797,-8.209004402,-215.3560597,-2.721504211,-50.48283768,178.7305145,0.00038061,1.415633077,1.06231349,-49.84375,-49.20833715,-51.99219131,187.36696,0.01832,21.25,18.17708429,27.85937595,97.81253338,0.03476632,2.138178048,3.944188393,110,124.2499975,430,-31.62500191,-31.43750127,-41.01562786,-50,-49.46875254,-71.78906441,1.37802003,1.319167449,1.547806318,-80.6875,-70.84624481
spiny,-38.37957764,239.8646545,25.876791,240.7476044,-49.24840927,209.8686371,248.087319,-7.635748386,-102.2756614,-2.457205296,-48.17993546,237.8336029,0.000771592,2.448958042,0.211550647,-50.84375381,-51.62500381,-57.93125305,127.699696,0.03208,24.71875,21.58333524,16.48750076,126.8750727,0.137210131,1.698076544,12.52023504,130,149.8333333,410,-35,-38.05208588,-44.26875153,-50.93750381,-51.75000127,-66.60625458,2.243868775,2.142381115,2.327469148,-77.96875763,-63.56872559
aspiny,-30.5202198,121.7573547,25.71691132,121.7205887,-46.12591934,89.47058868,249.3489191,2.537683725,-135.5669708,5.340992451,-42.54227829,120.625,0.000560294,1.770414792,0.035491074,-45.90625381,-42.87500254,-52.75000191,271.40336,0.01764,36.625,32.72916921,40.79166857,263.7501061,0.033462066,1.374203904,19.04898813,70,59.25,350,-34.90625381,-32.44791794,-41.69791921,-46.59375,-46.00000254,-67.24479548,2.347380566,2.069299403,2.389602345,-94.21875,-66.15589905
spiny,-38.92736435,191.5135193,41.06503296,191.0067596,-56.87922287,143.0236511,421.8009487,0.794763505,-86.39381657,18.52871704,-50.79729843,180.2770233,0.000892568,4.915057596,0.202867397,-50.78125381,-49.46875127,-54.96875153,370.4088,0.056525,43.375,47.35416921,43.59375153,201.8749714,0.025095802,2.06887296,21.86450868,70,49.16666667,680,-38.25000381,-37.625,-49.74375305,-58.375,-56.35417048,-77.98750458,4.816944936,5.118272089,5.22847802,-100.6250076,-77.43245697
spiny,-37.37316132,185.8014679,41.90073395,185.4264679,-55.95588303,127.4485321,329.9329141,4.128676414,-84.53376019,20.93566132,-46.86764526,171.2205811,0.000958824,3.901042521,0.142825444,-50.5625,-54.85416921,-54.68750229,176.651968,0.06338,45.84375381,48.63541794,50.39375305,124.0623444,0.073125757,1.533826816,19.82145979,90,88.83333079,870,-36.50000381,-40.53125127,-45.03750076,-54.81250381,-57.45833715,-71.96250153,4.002405804,3.939496381,4.301945797,-85.62500763,-70.79068756
spiny,-34.08016205,142.6358643,32.51630402,141.8967438,-54.34103394,96.15760803,276.752293,-3.650815248,-70.77076208,14.38315201,-48.05163193,128.3152161,0.001008478,3.911969713,0.162322275,-48.43750381,-48.92708588,-52.70625229,205.579328,0.043375,34.09375381,38.55208333,33.13750076,214.84375,0.038029734,2.193619712,32.80315133,50,19.16666667,208,-33.5,-34.44791667,-38.70000076,-55.34375,-59.65625127,-65.66875,3.920761419,3.800498979,3.386876625,-94.625,-62.67683411
spiny,-41.3571434,65.70982361,38.3537941,65.22767639,-56.5189743,47.1205368,373.4509805,-8.119420052,-82.95480127,15.65959835,-48.6841507,62.5758934,0.000902143,4.520994677,0.25,-50.71875,-53.55208588,-54.59375305,359.487168,0.02208,40.6875,40.03125127,40.60000076,217.8571075,0.155089214,1.328794624,18.60929358,40,25.5,330,-41.75000381,-43.35416921,-45.55625305,-55.50000381,-57.68750381,-66.29375458,4.351523536,4.311221653,4.259133531,-89.3125,-65.50995636
aspiny,-43.72816849,49.6267128,24.76327133,49.39212418,-57.16780853,43.89725876,205.0308306,-5.100599289,-105.3558016,-0.260273993,-55.62799835,48.16780853,0.000856712,1.926302143,0.013003357,-56.53125381,-56.01041921,-58.64375305,579.173568,0.01602,35.34375,34.7708346,37.61250229,215.7813311,0.036564991,1.08163904,10.13576313,30,25.70833333,400,-44.46875381,-43.1145846,-45.85625,-56.625,-56.09375254,-78.46875305,2.412772652,2.310526706,2.716340527,-99.84375763,-77.85530853
spiny,-37.64430237,167.4485321,40.99540329,167.4816132,-53.16176605,129.4338226,376.7100132,0.655330896,-102.9203815,11.24356651,-42.96415329,165.5661774,0.00076,3.668602704,0.154053272,-44.5,-46.65625381,-50.40000229,193.118864,0.04566,44.28125,44.82812881,43.29375229,155.3125679,0.10590221,1.331665664,18.40587326,90,74.1875,880,-39.90625381,-40.171875,-45.65625153,-55.46875381,-46.82812691,-72.10625305,4.128099156,3.907048535,3.687579916,-89,-71.37044525
aspiny,-33.87687683,253.6024933,20.83687592,253.824173,-44.13333511,202.2016602,200.7801775,-8.282083511,-47.73925299,2.411041737,-41.73125076,235.7975006,0.0011452,4.298781673,0.30106383,-46.59375,-47.71875191,-50.70625305,317.825344,0.01452,25,24.10937691,28.97500153,182.8120947,0.11574655,1.50913408,11.80906576,150,158.9375,469.9999695,-36.50000381,-34.06250095,-43.08750153,-46.87500381,-48.51562691,-72.80625458,3.739968462,3.591779736,2.634749056,-85,-71.90076447
aspiny,-34.53295135,512.6256714,20.02443886,514.1896973,-52.80270767,512.503418,301.0259878,-6.590173721,-211.633452,-3.97249651,-52.60251999,515.5163574,0.000417384,1.422221292,0.755639798,-54.40625,-55.31250127,-58.75625305,141.185456,0.07264,23.31250191,21.87500064,28.14375153,95.31261027,0.073126286,1.361005184,6.58957217,320,287.6666667,690,-32.18750381,-32.39583397,-43.72500229,-54.50000381,-55.35416921,-73.53750153,1.374866153,1.364847086,1.478389622,-82.90625,-72.64405823
spiny,-41.23749924,65.44374847,22.96640587,63.42499924,-57.96406174,50.88437653,205.7697744,-19.5703125,-70.58978173,-1.926562548,-52.34218597,60.43125153,0.001124,2.919613887,0.289854569,-55.90625,-55.82292048,-57.19531536,412.559424,0.03624,36.125,43.67708588,34.78125191,238.5937423,0.020983953,1.878790784,16.13203789,29.99999809,33.83333333,370,-42.5,-40.41666794,-45.59375286,-60.09375381,-58.79166921,-76.24219131,3.185888221,3.565508732,3.179708731,-99.50000763,-76.06157684
spiny,-34.97842407,79.77083588,45.2633934,79.76190186,-52.8727684,64.43452454,495.6887165,3.328125,-142.1821488,13.36086273,-43.4196434,79.51190186,0.000575714,3.486241484,0.316772439,-43.25000381,-44.47916794,-48.68750153,131.247944,0.05387,35.12500381,42.09375127,37.33125305,200.781256,0.059521444,1.578610304,25.84675977,50,57.37499873,468,-35.15625,-35.03125254,-39.18750153,-53.50000381,-51.43750254,-71.9187561,2.911173617,3.258799768,2.852322853,-89.71875,-70.54140472
spiny,-39.26458359,117.5666656,48.01770782,117.5708313,-54.70729065,83.96666718,456.3493692,5.182291508,-146.1649551,16.91562462,-50.02500153,116.5791702,0.000637333,3.123880472,0.094089927,-50.68750381,-49.15625381,-52.40625381,134.100376,0.046245,49.31250381,50.10416921,47.60000076,186.4062995,0.116252497,2.628450816,20.37740148,70,71.66666412,509.9999695,-38.6875,-36.41666921,-44.39375076,-57.28125381,-54.66666921,-69.69375305,3.074848046,3.280163817,3.356954208,-85.78125763,-68.4197998
aspiny,-39.24248505,345.8259583,9.410205841,345.6503296,-55.88330841,270.2800598,214.7805378,-15.61550617,-67.07527957,-13.7919302,-52.75,324.5205688,0.000854241,3.222856535,0.15327757,-55.53125381,-55.77083715,-63.67187627,128.474336,0.03166,9.500000954,14.51041762,15.63020929,96.09371424,0.017378222,2.447097856,8.025714976,200,193.9166667,660,-38.4375,-35.9583346,-43.94271215,-58.78125,-58.0208346,-71.68750381,3.225951921,3.317406048,2.509355019,-82.09375,-70.9221344
spiny,-34.3125,292.3999939,26.78125,291.7562561,-50.734375,182.5249939,170.9506721,-3.435937405,-71.21864207,5.931250095,-44.93125153,284.1187439,0.001005,2.398483398,0.044884492,-46.78125381,-49.03125191,-52.14844036,206.064512,0.045,29.1875,28.70312691,29.77343845,335.9377086,0.048572343,2.279096832,23.5713573,110,107.1249962,550,-34.15625,-33.015625,-45.02344036,-50.8125,-52.03125191,-66.75000191,2.393242218,2.068035376,2.547143208,-84.43750763,-65.90883636
spiny,-41.04487228,143.7532043,37.9118576,143.1923065,-58.46154022,111.2532043,341.6807471,-2.577724457,-102.9338562,6.544871807,-46.21955109,140.0961609,0.000801026,3.31009533,0.168055556,-49.46875381,-51.00000254,-53.28125318,197.449456,0.04266,44.8125,46.40625254,46.00000254,130.2232742,0.183127001,1.192938496,16.3707225,90,88.875,830,-44.68750381,-43.40625127,-49.35416794,-59.40625381,-58.31250381,-75.25521215,4.101153461,3.887092083,4.189079904,-90.50000763,-74.99486542
spiny,-34.9004364,400.7863464,32.4414978,398.370636,-48.86737061,310.1061096,286.9578822,-3.26598835,-86.65447878,12.39752865,-43.33720779,381.3691711,0.000844651,3.334958027,0.166997155,-46.5,-46.8333346,-53.28125,150.233184,0.03678,40.34375,44.93750381,43.95312691,141.7187899,0.163958058,1.811492736,17.24256554,210,182.875,850,-33.65625,-33.55208333,-45.93750381,-48.87500381,-50.62500254,-72.94531822,3.863979113,3.430244772,3.631687432,-87.62500763,-72.46549225
aspiny,-45.48159027,453.8797302,3.885341883,454.6157837,-55.62355804,454.0160217,249.8284272,-16.59211731,-184.7356645,-15.34256554,-55.50060654,454.9861755,0.000380973,1.351994893,1.599477807,-56.34375381,-56.32291667,-63.2135423,123.666592,0.11981,6.21875,9.489583333,12.10416698,93.35927665,0.042190734,2.698838016,5.947493275,290,371.25,540,-38.1875,-32.25000064,-52.6770846,-56.50000381,-56.40625254,-75.94791921,1.200172918,1.087059294,1.380611654,-84.09375,-75.77318573
aspiny,-34.70694351,235.452774,17.38888931,233.375,-59.48680496,219.6138916,186.8681296,-4.596527576,-130.6869928,-8.291666985,-58.9319458,227.6277771,0.000721333,1.395421725,0.031988189,-63.9375,-50.71631041,-64.69375305,208.73848,0.01342,29.59375,32.17722328,33.46875153,182.031244,0.023718283,1.544694016,22.93319319,140,124.6283661,460,-38.375,-36.06260131,-45.91250153,-64.03125,-54.58113716,-69.06250458,1.763969185,2.86741523,1.943396867,-88.5,-68.21963501
spiny,-40.16319275,101.8090286,33.38628387,101.2951355,-57.24565887,76.08333588,314.202296,-2.881944656,-98.76859689,9.624132156,-50.19444275,96.375,0.000805,3.182288255,0.321621616,-52.53125381,-50.79167048,-57.70312595,288.347136,0.0245,37.1875,37.89583588,40.34375,349.0625024,0.148687035,2.1101952,28.19405705,50,27.91666603,320,-40.59375,-38.5,-49.30468845,-56.84375381,-59.77083588,-69.22656822,3.348606134,3.113353712,3.687784312,-103.8437576,-66.3115921
aspiny,-31.51182365,253.9234161,27.4780407,253.1993256,-48.43384171,197.8198242,281.3018604,-7.675675869,-76.12745864,2.673423529,-44.94538116,242.3051758,0.000871351,3.720475005,0.236363642,-45.50000381,-49.50000254,-54.03125305,233.500064,0.41428,18.46875,28.59375127,27.58750076,164.1742438,0.035823815,1.152314112,9.833484585,150,116.8333308,550,-29.06250191,-31.63541857,-36.01875076,-47.87500381,-53.45833588,-72.34375458,2.868005184,3.229832175,2.579759109,-89.78125763,-71.75469208
aspiny,-37.19606018,176.089035,27.41823578,175.8544464,-59.28553009,147.5975952,324.9018896,-9.002140045,-99.39022849,4.417380333,-55.76198578,171.6404114,0.000751233,3.273436097,0.187247481,-58.375,-55.26042048,-60.64062881,209.45472,0.11054,28.53125191,33.08333588,30.90625143,178.0357063,0.059969548,1.670304256,9.891298377,110,111.6666641,600,-36.4375,-35.41666667,-42.84375095,-61.93750381,-59.52083715,-75.61718941,3.074991902,3.217971238,2.692776822,-93.9375,-75.07688904
spiny,-38.49042892,451.1632996,26.4448204,448.7038269,-48.65793991,332.7803955,161.2500778,0.225506753,-35.55687814,13.55686951,-44.78997803,389.3941345,0.001768108,4.4469584,0.069185423,-46.90625,-47.02083715,-54.29375153,99.909832,0.0465,35.5625,37.32291794,38.23750305,101.5624255,0.029660573,1.189094528,12.54131007,270,230.1666667,840,-38.03125,-34.7395846,-48.22500305,-48.96875,-51.77083715,-75.00625305,4.143106031,4.400859881,4.521256913,-85.90625,-74.60412598
spiny,-32.15357208,218.6178589,29.4241066,217.8321381,-51.03214264,165.125,277.2301379,-3.89821434,-63.59836596,14.47232151,-43.0044632,205.3500061,0.001020143,4.396404708,0.166258185,-44.15625381,-44.48958715,-49.30625153,216.38368,0.090405,31.5,35.53125127,35.87500153,140.4687911,0.054803193,1.44352576,20.5879705,110,92.20833333,1140,-31.09375191,-31.4479173,-44.62500229,-52.90625381,-51.39583588,-76.80625153,3.857287975,4.021143684,4.326086535,-91.4375,-75.90489197
spiny,-37.48281097,98.05000305,29.53359413,97.41874695,-55.17031097,72.52187347,275.7268662,-8.98828125,-78.09998738,11.75625038,-46.19843674,88.79374695,0.0009235,3.535078664,0.190265483,-47.40625381,-47.89583715,-53.36250229,216.366,0.0713,35.46875381,39.47916921,35.66875076,200.1562119,0.059190109,1.562397696,28.85037217,50,57.25,640,-37,-37.79166794,-45.78750076,-58.40625381,-56.7395846,-73.52500153,3.289553505,3.301314844,3.370564774,-95.15625,-72.72707367
spiny,-32.41805649,266.9944458,30.03541756,266.5027771,-49.3152771,193.2277832,243.5053902,-5.090277672,-78.97880808,10.83402824,-41.05902863,256.0472107,0.000893778,3.116001046,0.074897437,-44.5,-44.80208588,-49.66250381,200.776256,0.03448,30.03125,33.92708333,35.08125153,171.562463,0.003022523,1.763134976,21.47259556,150,98.83333333,999.999939,-34.3125,-30.25000191,-46.58750153,-48.03125,-51.88541794,-80.67500305,2.932168929,2.377343,3.21524843,-97.09375,-79.35147095
spiny,-33.03808594,277.6132813,37.60644531,276.6315002,-48.36653519,225.8697968,329.022381,1.900065064,-70.73649707,17.89518166,-43.13737106,255.90625,0.000980625,4.737466838,0.302439051,-44.00000381,-45.88541921,-49.47916921,229.58048,0.04532,41.18750381,43.14583588,42.15625,151.8028826,0.080024309,2.338791424,13.11100706,150,111.4166667,870,-33,-34.45833588,-41.78125127,-49.09375381,-52.83333588,-78.97916667,4.056005519,4.13036469,3.879132924,-94.50000763,-78.85771179
aspiny,-47.03178787,73.29310608,20.84051704,73.35775757,-61.05765152,69.59698486,322.1211211,-4.176185131,-250.1919377,-9.840517044,-60.04741287,73.23275757,0.00039069,1.272378513,0.062234043,-64.96875,-60.9583346,-63.28125381,391.213248,0.03249,25.93750191,37.93750254,33.90625,328.9062679,0.024103235,1.282571264,33.65638177,30.00000191,34.625,400,-56.15625,-48.6145846,-56,-65.09375763,-61.05208588,-76.375,1.529534827,1.55372619,1.511111686,-100.1562576,-76.12644196
aspiny,-39.9408493,121.4776764,22.9508934,121.3571396,-59.4040184,111.9285736,211.6260552,-6.493303776,-114.0356356,-7.8125,-58.7912941,119.9821396,0.000774286,1.843452217,0.099467328,-60.84375381,-57.78125381,-61.65625327,228.717072,0.0338,32.09375381,36.89062881,31.7544651,254.6875477,0.101849526,1.407713024,25.64780148,50,33.625,390,-42.31250381,-39.6875,-46.60714395,-60.9375,-57.85937881,-66.8928615,2.206539676,2.378079676,2.2759687,-93.90625,-66.12167358
spiny,-32.92129517,241.3101807,20.19791603,240.1944427,-52.71064758,168.1342621,184.2619241,-8.689814568,-62.4797866,5.14004612,-38.77430725,229.3657379,0.000887407,2.946600017,0.104545459,-45.03125,-41.37500254,-49.55625229,116.090224,0.059775,22.03125191,25.59375064,23.95000076,128.90625,0.099351287,1.540177024,26.28199275,130,153.4166667,1280,-34.40625381,-30.53125064,-46.17500153,-53.71875,-52.37500254,-74.5125,2.893732392,2.507416322,3.002457188,-88.875,-73.02037811
spiny,-46.53693008,229.7689362,35.42329407,230.344696,-63.07291794,160.3825684,365.7567191,-5.247159004,-112.9351334,8.5,-57.56344604,229.1704559,0.000798636,3.242790606,0.174759632,-56.93750381,-54.40625,-56.75000095,200.47112,0.032395,39.43750381,42.81250381,41.42187786,143.3483213,0.112942591,1.912325888,17.39541226,110,95.125,630,-45.34375381,-40.4375,-51.14844036,-59.37500381,-60.46875381,-78.17187691,3.479435331,3.380664514,3.885290374,-93.46875763,-77.29866791
aspiny,-46.16331482,44.82876587,24.19820213,44.5693512,-55.20077133,39.64041138,230.5694922,-13.45697784,-85.72072864,2.669948578,-51.84096909,43.15325165,0.000893973,2.67692535,0.001625002,-55.84375,-56.62500254,-58.91875305,629.208448,0.01146,33.87500381,31.3958346,32.59375076,249.8214245,0.121393315,1.600914816,9.426860896,29.99999809,23.95833333,190,-50.28125381,-43.53125127,-51.40000229,-56.625,-57.65625254,-75.26250305,2.957301127,2.615049567,2.927766289,-98.37500763,-74.26939392
aspiny,-44.14238739,136.4546356,22.33115005,135.790329,-51.53099823,114.5917358,279.3697985,-15.20110893,-61.44933976,-4.823588848,-48.26360703,129.4889069,0.001017742,4.598447484,0.262068963,-52.59375381,-50.79166921,-53.68750286,198.328256,0.2846,28.53125191,33.78125,30.89062691,166.0937518,0.004520265,1.094185472,13.0407207,30,92.66666158,249.9999847,-55.1875,-43.12500254,-48.02344036,-59.21875381,-54.26042048,-62.61718941,3.307017742,4.778095019,3.170749099,-80.90625763,-60.34999084
aspiny,-38.35783386,193.3714752,24.35343361,193.4489441,-57.53829193,184.3345032,343.0379399,-5.128961086,-219.9897763,-10.23723602,-56.90581131,193.0510559,0.000424296,1.553219535,0.403125029,-59.90625,-58.7083346,-60.80729421,180.408576,0.031715,30.03125,32.41666667,32.35937595,165.7812446,0.100671105,2.849398528,14.85944146,110,120.0833384,650,-43.21875,-40.05208588,-44.92187754,-59.96875381,-58.76041921,-74.36458333,1.801470819,1.75514524,1.841909153,-91.90625763,-73.18378448
aspiny,-37.59973526,85.1808548,15.87433529,85.07978821,-55.5033226,80.72074127,187.6257008,-8.101063728,-120.9882117,-7.96675539,-54.84375,84.09574127,0.000669255,1.545626568,0.429090909,-57.62500381,-60.45833715,-61.45312881,284.958944,0.0283,17.56250191,37.8020846,31.49218893,353.5713851,0.138903767,2.541860096,31.99406085,50,40.75,410,-42.28125,-42.02083333,-42.41406345,-57.71875381,-60.58333715,-67.94532013,1.769539956,1.70947778,1.709985309,-99.15625,-67.01851654
spiny,-38.49431992,136.75,38.41950607,136.3257599,-59.77272797,111.765152,354.665414,-1.635416627,-77.79836479,21.03598404,-52.05492401,132.405304,0.001023636,4.560200456,0.128423773,-52.65625381,-51.08333588,-55.22916794,138.22736,0.07467,39.34375381,45.7083346,42.97916794,131.0937554,0.059785396,1.609070336,24.76288048,90,92.875,1300,-38.78125,-37.06250127,-46.83333333,-62.34375,-59.2395846,-78.40625,4.408073843,4.615323005,4.465875379,-92.1875,-77.76429749
aspiny,-38.1402626,48.1366272,34.9883728,47.9273262,-51.8306694,38.97093201,266.8772723,-4.450581551,-96.09587922,12.08066845,-49.66133881,46.8575592,0.000895814,2.766501589,0.155833332,-49.6875,-49.75,-55.04166921,518.903616,0.01354,39.46875,37.59375254,41.88541794,317.1874583,0.110995963,1.21537024,17.31336946,30,31.33333206,220,-37.25,-37.2395846,-44.16145897,-49.90625381,-49.82291667,-67.49479421,3.056195104,2.968423859,3.37795674,-100.6250076,-66.83568573
spiny,-42.73741913,556.6591187,28.28733826,556.7451172,-53.46590805,442.8555298,335.3014712,-1.087256551,-97.13374543,5.226866722,-44.31006622,543.4967651,0.000684675,3.433658985,0.096874987,-45.96875381,-47.48958588,-49.24375153,91.231512,0.039715,36.59375,38.875,40.43750229,69.37500089,0.103963852,1.617394944,8.666897808,290,202.5000051,1500,-47.15625381,-44.29166667,-51.73125229,-59.28125381,-58.3958346,-74.50625763,4.146439035,3.760649731,4.290357962,-80.81250763,-73.9276123
spiny,-27.49660301,174.8179321,20.47486496,170.5733643,-40.81861496,135.8994598,128.1788192,-7.250339508,-37.78049062,3.363111496,-36.57506943,158.3288116,0.001508478,3.433544159,0.255916044,-43.68750381,-44.73958588,-44.45982252,220.877056,0.0177,32.34375381,30.59375127,35.46875163,187.8124923,0.004325714,1.410515456,15.82918004,110,108.6666667,489.9999695,-28.93750191,-27.7916673,-37.78125163,-44.84375381,-46.50000254,-60.80357415,3.448712978,2.817110226,3.396141275,-80.6875,-60.29000473
aspiny,-37.77997589,99.48342133,18.8169651,99.06632996,-53.88807297,89.63392639,304.3723695,-12.72034454,-146.7633335,-2.557716846,-52.1897316,97.31377411,0.000531224,2.064928235,0.164123101,-56.84375381,-54.00000254,-59.25000191,416.23232,0.01358,28.875,28.26041857,35.44791857,226.093784,0.155992746,1.336425472,10.90956786,59.99999619,55.87499746,300,-42.09375381,-39.47916794,-47.67708588,-56.93750381,-54.07291921,-79.1927096,2.165474217,2.147214931,2.223453319,-99.96875,-78.35794067
aspiny,-32.10961151,114.383522,-1.043797374,113.6496201,-48.03101349,105.8863602,112.0903687,-19.09493446,-55.78129728,-11.38210201,-47.35842896,109.8996201,0.000887727,2.006590445,0.803875969,-49.65625381,-57.09375381,-57.53125381,412.892288,0.02122,-1.875000119,8.062500954,4.500000477,284.0623856,0.077246197,1.323708032,13.49105914,70,65.625,400,-33,-29.90625,-35,-50.09375,-69.53125763,-70.65625763,2.102349916,1.32833009,1.892342144,-91.75,-70.57167816
aspiny,-43.95923996,86.2228241,20.82744598,86.2771759,-56.60529709,74.44021606,323.1780467,-7.717391491,-174.5476338,-8.087635994,-55.49048996,86.07880402,0.000466739,1.845953138,0.216294643,-57.68750381,-55.14583588,-58.03750229,277.678944,0.01694,24.93750191,24.60416794,24.88125114,238.28125,0.013189774,1.235352704,23.93736951,50,52.41666667,320,-46.84375381,-44.47916921,-47.66875381,-57.75,-55.29167048,-67.58125305,2.067313084,1.96157908,2.0347158,-92.00000763,-66.55606079
aspiny,-34.87195206,268.7789612,24.64481735,267.9923706,-51.7416153,208.6829224,248.196825,-8.320883751,-70.88268288,-6.357850552,-46.86852264,254.2682953,0.000947561,3.519710905,0.22850948,-50.5,-51.13541921,-56.32812754,200.542144,0.06424,24.25,31.64583524,24.51041794,115.4687479,0.015882378,1.258951552,8.068937071,150,150.625,770,-36.34375381,-35.94791921,-36.65625191,-54.37500381,-55.10416921,-77.26042302,3.739828565,3.805796928,2.383305872,-89.625,-77.19487762
aspiny,-37.20876312,474.7489319,-2.006067514,475.7111206,-54.51589203,473.2525635,212.3452008,-19.97809219,-130.5406808,-15.0539093,-54.34407043,475.8127136,0.0004286,1.628041008,1.059217928,-59.90625,-61.78125254,-66.97916794,130.90852,0.006695,-1,15.06250095,13.22916714,101.2500376,0.017625246,1.848770816,4.239199097,310,281.4583333,433.3333333,-39.5,-32.72916921,-45.32812691,-60.00000381,-61.91667048,-76.06250509,1.546773524,1.219956563,1.412839928,-86.28125763,-75.1085434
spiny,-38.42477036,68.83333588,28.74189758,68.99536896,-54.79745483,47.17592621,260.4990406,-6.090277672,-98.81127457,3.959491014,-46.28819275,68.94907379,0.000766481,2.63292051,0.316355653,-48.06250381,-46.28125254,-50.40000153,196.804416,0.02448,31.75000191,34.76041794,31.61875076,339.0625715,0.097301304,1.484107264,24.80419496,40,40.83333333,276,-38.9375,-37.43750254,-44.17500153,-54.59375381,-52.9270846,-69.85000305,2.66426049,2.533556732,2.862231356,-97.50000763,-67.72437286
aspiny,-40.65525436,100.8178177,21.0851059,100.9321823,-53.29787064,94.20478821,232.633987,-1.934507966,-149.5237997,-4.887632847,-52.51163483,100.0970764,0.000563032,1.537462257,0.379032269,-56.96875381,-55.3958346,-58.63021151,267.645056,0.012505,32,32.72916921,36.72396024,230.1563323,0.270871907,1.177708288,12.0919962,60.00000381,65.25,280,-44.84375381,-41.91667048,-47.96354421,-57.00000381,-55.47917048,-74.06250381,1.78370007,1.655939031,1.910776398,-99.0625,-73.41339111
aspiny,-33.61073303,324.1277161,25.23301697,323.2255554,-50.77445602,241.875,235.3526266,-8.597826004,-106.8798539,5.429347992,-47.09375,319.8125,0.000718696,2.170445495,0.010199387,-52.06250381,-46.56250381,-55.88541921,172.855808,0.01932,32.625,22.6979173,36.8055581,115.7812476,0.069769837,1.665028736,11.78834833,170,263.625,520,-34.53125,-31.80208524,-45.74653074,-52.12500381,-46.58333588,-75.43750339,2.542220008,1.734504175,3.095220601,-89.71875,-75.48195648
aspiny,-38.45043945,359.5145874,18.23122215,359.8301697,-63.05119705,359.0222473,393.8076428,-9.04890728,-311.5686548,-10.13284779,-62.894104,359.8854675,0.000310419,1.265561665,1.107391638,-62.43750381,-61.95833588,-66.1375,207.468544,0.007515,16,20.83333397,25.7125,146.5625018,0.101382934,1.273202432,7.495966745,230,206.9583333,489.9999695,-31.1875,-30.81250064,-42.46250305,-62.59375,-62.07291794,-74.61875458,1.087087889,1.143004368,1.306229836,-90.3125,-73.91643524
spiny,-38.09121704,646.3265991,35.34487534,646.4448242,-48.90315247,498.8479614,261.3560953,-1.056587815,-64.88361855,18.81193733,-43.11430359,608.8739014,0.001079459,4.077560995,0.052375218,-47.46875,-46.86458588,-54.03125381,136.612704,0.02936,40.93750381,41.21875381,46.34375229,80.46886325,0.03897474,2.188711936,14.53659353,310,266.25,1100,-40.84375,-36.61458333,-50.70000381,-52.3125,-53.71875127,-78.0812561,3.697332379,3.766746432,4.522171436,-86.50000763,-77.8194809
aspiny,-36.85986328,117.8046875,19.05175781,116.8847656,-49.15820313,85.6953125,198.6147687,-14.26855469,-67.78311564,-1.404785156,-45.58056641,109.0058594,0.000953437,2.925104874,0.276240209,-47.78125,-50.12500381,-52.40625381,413.45296,0.0087,20.375,31.60937691,28.29375191,230.46875,0.04708869,1.095792128,11.5589183,70,54.56249809,249.9999847,-40.28125,-39.03125191,-43.64375153,-48.87500381,-52.07812881,-67.27500153,2.910641337,3.20731066,3.018133016,-94.87500763,-66.10267639
aspiny,-32.16015625,167.784729,28.49392319,167.65625,-43.89887238,141.4791718,221.2744286,-4.814670086,-100.0567791,4.302951336,-42.46875,165.0868073,0.000758611,2.205546584,0.225,-45.6875,-48.91667048,-51.63125305,237.233088,0.00954,31.53125191,34.48958333,34.30625076,202.9685974,0.056059051,1.597984,12.26267797,100,65.37500127,220,-35.5,-39.31250381,-42.75000229,-45.6875,-48.9895846,-62.56250305,2.309418489,2.4021642,2.568119861,-84.25,-61.70571136
spiny,-34.5195961,244.1864471,42.02171707,243.9152527,-49.19597626,189.1525421,344.1302392,4.736758709,-68.92371362,24.1705513,-42.19968033,220.1610107,0.001051186,5.080531428,0.124553574,-44.37500381,-42.04166921,-46.62500286,91.559712,0.08058,48.75000381,49.85416921,50.78125381,104.8437506,0.061993271,1.21517056,26.13430296,150,121.7500051,1450,-36.53125,-34.17708588,-49.71875191,-49.15625381,-48.97916794,-77.61718941,4.775377122,5.032812043,4.802256403,-89.75000763,-77.56858063
aspiny,-37.12181854,230.8849487,13.70326328,230.8622742,-55.09043121,224.405426,235.8054664,-8.293417931,-158.1585535,-9.959486008,-54.61877823,228.6985626,0.000505619,1.483656758,0.834196333,-56.71875,-51.54167048,-58.86979548,238.507488,0.012335,16.96875191,7.468750556,25.02604294,136.4062577,0.021201761,2.723395072,7.049638063,140,187.125,520,-36.50000381,-27.1458346,-45.81771024,-56.93750381,-52.23958715,-79.77083588,1.514006527,1.123859791,1.657296755,-94.37500763,-79.38030243
aspiny,-44.24055862,166.8984375,18.31412697,167.046875,-62.73828125,162.6992188,303.4768703,-10.83723927,-194.9197395,-12.01887989,-62.29817581,166.0026093,0.000467188,1.554069624,0.267892656,-64.87500763,-60.66667048,-64.18750286,219.979024,0.016975,23.125,26.34375127,23.10156345,186.7186427,0.127457619,1.959992704,12.05852295,100,107.8333308,430.0000305,-48.90625,-44.97916921,-49.11719036,-64.96875,-60.84375127,-77.01563263,1.722870603,1.789266101,1.82917492,-96.93750763,-76.37684631
aspiny,-40.39346695,52.55113602,29.05965996,52.33522797,-59.72443008,44.76704407,263.1993527,-8.342329979,-115.211742,-2.061079502,-58.3125,51.20454407,0.000777273,2.277976028,0.1012987,-61.34375,-58.82291794,-63.82031536,311.530432,0.05132,32.5625,37.58333715,28.82812595,340.6250477,0.03640249,1.783267328,36.60444413,30,36.12499873,420,-43,-40.31250127,-44.11719036,-61.40625381,-59.07292048,-68.76562691,2.651256023,2.645005144,2.272395778,-98.31250763,-68.23964691
aspiny,-38.77020264,162.9166718,14.98863602,162.2462158,-50.54545593,129.9457092,168.8397171,-7.961174011,-47.22168982,-9.180555344,-47.36489868,151.1982269,0.001246869,3.625246492,0.337954111,-50.46875381,-51.62500381,-56.72916921,428.413312,0.04416,13.03125095,17.3333346,17.25000127,249.8437911,0.043141712,2.065588224,10.16248953,90,63.29166667,400,-37.53125381,-37.87500254,-42.8020846,-52.875,-56.06250127,-74.61458842,2.844663441,3.184400164,2.14794941,-100.90625,-74.1435318
spiny,-33.86422348,338.5517273,39.04633713,338.2025757,-51.68211365,240.8017273,335.2575873,2.942888021,-83.29900279,21.25323296,-42.54094696,322.5172424,0.000867586,4.032791126,0.070833334,-44.40625381,-42.84375191,-47.45000076,144.406752,0.04652,47.43750381,43.46875,46.10625305,129.7990829,0.013762459,1.119590912,14.15578314,150,137.9375,949.999939,-37.28125381,-34.82812691,-49.36875153,-50.15625,-50.42187691,-77.94375458,4.666537407,3.956245422,4.55479312,-90.53125,-77.20362091
aspiny,-34.46736526,489.0183105,17.9822979,489.9070435,-53.82020569,488.4732666,306.8963437,-8.035344124,-225.275554,-4.449421883,-53.64920425,489.9554443,0.000391291,1.360133654,0.858195199,-53.81250381,-55.66666921,-60.70000381,161.275712,0.00938,14.56250095,18.27083333,27.81875153,93.59378368,0.060253777,1.136837504,6.690710875,320,266.375,560,-28.53125191,-30.3645846,-44.40000305,-53.84375,-55.77083715,-73.24375153,1.190706083,1.27889667,1.481754659,-82.71875,-72.25844574
spiny,-37.74448395,196.1544189,29.3952198,197.2205811,-57.87867737,128.2205811,334.2761871,-8.897058487,-110.2737442,7.409926414,-48.33639526,198.7794189,0.000682353,3.030255337,0.218259542,-48.53125381,-48.30208333,-50.58125076,140.444576,0.040105,32,38.6875,33.93125076,174.2188483,0.063827537,2.513251584,18.73342728,90,59.08333333,730,-35.25,-36.92708333,-47.64375,-58.4375,-57.56250127,-74.28125153,2.959471099,3.264804624,3.406350731,-89.68750763,-73.7013092
spiny,-34.6892128,382.7311707,27.73887062,381,-47.97988129,310.1917725,212.5783461,-2.829195261,-65.50992525,12.53724289,-39.85702133,360.3869934,0.001037466,3.29762661,0.134374992,-40.375,-44.0208346,-46.11875305,174.015456,0.042785,32.78125,35.19791667,31.71875114,113.750115,0.213954881,1.188663936,14.40142856,190,115.5416616,1180,-39.03125381,-39.28125254,-44.78125229,-54,-52.43750127,-77.01250305,3.518286698,3.243482163,3.214108088,-88.34375763,-75.21587372
spiny,-36.9263382,91.6205368,39.9743309,91.20088959,-58.109375,77.73213959,339.8867125,-3.035714388,-85.82918975,18.9084816,-49.0725441,87.2767868,0.000926429,3.960462579,0.135137793,-50.40625,-51.28125254,-52.05000305,196.444352,0.05054,40,37.67708588,38.16875153,156.8751037,0.078050606,1.21848576,25.02670131,60,59.33333206,770,-36.59375,-40.54166921,-44.05000305,-59.28125381,-59.25000381,-69.85625305,3.835196594,3.587648844,3.879955325,-88.15625,-69.76208496
spiny,-33.76649475,371.1423645,37.74392319,371.0486145,-51.08333206,262.506958,337.7473012,2.551215172,-86.71492614,17.48611069,-43.07986069,358.784729,0.000833333,3.929455316,0.074218754,-43.50000381,-42.52083715,-48.88750076,133.680704,0.056675,40.375,44.56250254,46.55625229,162.3437554,0.075059645,1.91755136,20.27025713,150,97.91666412,920,-29.1875,-32.44792048,-45.39375153,-52.68750381,-53.59375381,-72.97500458,3.678936738,3.669954524,4.128663264,-89.96875763,-72.16201782
aspiny,-35.46785355,356.5306091,6.538248539,356.8330078,-53.0030098,353.59375,216.514223,-14.65511036,-139.564198,-10.98893261,-52.77311325,355.7652893,0.000479414,1.551677275,0.745216031,-54,-53.94791667,-59.890625,156.860064,0.047525,5.437500477,14.50000032,11.39062548,114.062503,0.066166416,3.101348096,7.186676192,230,249.2916616,360,-30.1875,-30.58333397,-39.96093845,-54.18750381,-54.16666794,-74.54687691,1.318030465,1.408742715,1.55362871,-97.3125,-73.18881226
spiny,-42.62916565,176.8533325,48.42166519,176.363327,-51.74458313,139.9233398,398.8144946,2.041666746,-112.6591001,3.950833321,-47.51166534,172.4049988,0.000828,3.555753005,0.230309192,-49.90625381,-49.21875254,-51.65625327,145.52152,0.03746,54.96875381,54.2708346,50.96428735,124.3749931,0.232021928,1.361688192,16.43886056,100,91.95833333,720,-43.34375381,-42.09375254,-45.0848247,-55.62500381,-50.76042048,-70.56250109,3.814190339,4.029802903,3.655803872,-82.65625763,-68.77597046
aspiny,-34.20766068,345.6868286,20.98991966,345.7903137,-53.41633224,281.6276855,281.206929,-7.340053558,-86.33353448,-6.215389729,-50.41633224,324.1021423,0.00072914,3.267697507,0.196428549,-54.53125381,-56.26041921,-62.88281441,124.346704,0.040775,21.5,26.89583397,24.46875048,96.87492251,0.068958417,2.212146944,6.050367079,209.9999847,200.2083333,660,-33,-34.35416667,-39.15625286,-56.875,-57.90625254,-70.36718941,3.410617984,3.892691205,2.540227893,-80.71875763,-69.54286194
spiny,-38.26499939,308.0750122,31.60375023,307.2000122,-59.45000076,214.8350067,305.0213282,-6.432499886,-70.88703873,11.22624969,-51.28250122,294.4100037,0.0010292,4.33600706,0.096875004,-51.56250381,-51.69791667,-53.81250076,451.421856,0.048695,36.59375,42.28125254,42.36875229,176.5623391,0.030504851,2.850089472,20.50220126,130,63.625,979.999939,-37.75000381,-35.54166667,-47.51875,-56.78125,-59.15625,-84.0875,4.216278806,4.327122581,4.919002396,-101.15625,-83.20810699
aspiny,-38.26335526,450.3840942,11.33313274,450.9919739,-61.0290451,448.3154297,251.3885388,-11.5969553,-185.4367477,-14.78792763,-60.88341522,450.2598877,0.000469038,1.352216124,0.875494071,-65.46875,-59.96875254,-67.16875,186.482464,0.00814,16.12500191,13.37500032,20.6875,98.43748808,0.057848394,1.206068096,20.90359328,300,326.5,580,-41.3125,-31.95833333,-51.20625153,-65.5625,-60.07291794,-78.98125,1.449970645,1.229416557,1.563047029,-91.00000763,-75.59745789
aspiny,-41.87638855,333.4841309,9.022000313,334.0694885,-63.42203903,333.4701233,323.1906462,-15.43624496,-232.0192386,-13.90598583,-63.27484131,334.4659119,0.000354778,1.392651559,0.964960613,-65.62500763,-61.28125127,-66.02500153,172.610496,0.007665,11.5625,15.36458397,14.79375057,121.8749955,0.059409253,2.33168128,6.650188023,220,238.875,88,-40.03125,-32.3333346,-45.40625,-65.71875763,-61.39583333,-72.10000305,1.346567002,1.189677485,1.429706959,-100.6875,-72.03744507
spiny,-40.79882813,45.859375,36.94238281,45.65234375,-56.0078125,36.16015625,330.4135133,-7.143554688,-72.4352322,14.5703125,-49.41210938,42.703125,0.001039375,4.568677928,0.223648645,-50.53125381,-51.96875254,-53.06250381,332.606144,0.02398,39.46875,41.54167048,40.78906536,208.5937113,0.056037601,1.423689216,27.02370329,29.99999809,25,249.9999847,-41.18750381,-41.69791794,-43.96093941,-56.93750381,-57.46875254,-62.30469131,4.437494885,4.564935266,4.253346118,-83.03125,-60.62676239
spiny,-40.59375,193.6201019,46.79227829,194.0710754,-53.28982925,146.2303925,462.5258065,5.933823586,-140.1955742,15.2984066,-50.63174057,193.4705811,0.000646863,3.324399284,0.241366916,-51.28125,-50.66667048,-53.05625153,129.452272,0.037775,50.12500381,52.2083346,49.27500305,178.1250089,0.028957564,1.909131776,20.23643506,90,62.66666412,499.9999695,-40.125,-38.46875127,-44.61250305,-52.71875,-52.61458588,-71.56250458,3.257326995,3.586739445,3.514342291,-91.375,-70.57548523
spiny,-35.31602859,193.5121002,35.95463562,192.5786285,-53.22278214,164.3568573,336.609712,-3.385584593,-110.141858,13.66381073,-44.55141068,185.727829,0.000726774,3.070172462,0.204884112,-46.15625381,-48.87500127,-52.75000305,191.35904,0.05394,36.71875381,41.27083588,40.77500153,159.374848,0.032979731,1.120969216,19.68207685,110,104.8333333,870,-32.875,-33.27083333,-46.52500305,-53.50000381,-55.76042048,-80.95625153,2.799487099,2.754781675,3.273543444,-96.96875763,-80.3756485
spiny,-33.49772644,247.4090881,27.10113716,245.4181824,-50.54659271,190.9181824,203.7340367,-3.032386303,-99.51979359,4.724431992,-46.76931763,239.6272736,0.000789455,2.033846069,0.170454553,-47.625,-46.85416921,-54.06250254,204.657936,0.02956,35.62500381,33.02083333,39.37500254,204.0624171,0.07012178,1.170135808,21.40822174,130,165.2499949,540,-33.5625,-31.09375127,-48.2708346,-49.71875381,-49.02083588,-69.93750509,2.465206712,2.024786581,3.106514331,-92.28125,-69.58885956
aspiny,-34.49409866,410.2666016,19.71896935,409.7954407,-49.10292816,338.4973755,242.2157678,-8.071022987,-84.08477248,-6.560096264,-45.80922318,392.5620728,0.000776014,2.897892589,0.276735238,-50.68750381,-53.81250254,-60.83750305,128.370248,0.063285,21.375,26.97916794,29.38750153,96.24988586,0.115608238,2.153582592,5.995347795,230,215.7083333,760,-34.59375,-35.6458346,-42.91875153,-52.71875,-56.48958715,-74.2937561,2.948517225,3.443268292,2.474618688,-84.03125763,-73.30898285
spiny,-43.1875,450.4342041,39.59737015,451.3500061,-55.96447372,342.6789551,381.1894603,1.777960539,-88.02728285,15.56842136,-52.72927475,435.5434265,0.000938421,4.445593802,0.135750237,-53.90625,-52.10417048,-55.86719036,170.608896,0.025485,44.71875381,45.42708715,46.64062786,154.3749571,0.008762905,1.446262016,15.31345859,209.9999847,89.125,620,-38.90625,-36.10416794,-46.40625191,-54.12500381,-53.32291794,-79.10937881,3.775242196,3.637358464,4.135926998,-95.53125763,-78.72344208
aspiny,-38.7390213,119.0168915,34.95016861,119.0743256,-55.18243408,99.52702332,333.3443347,-3.867398739,-120.7777352,15.90962791,-52.84121704,117.9155426,0.000678378,2.760995438,0.266326531,-53.78125381,-56.05208715,-56.66406441,192.72752,0.05456,36.15625381,35.09375254,35.68750095,184.2187494,0.032250252,1.369945344,24.50616656,70,73.20833333,820,-40.21875,-42.98958333,-45.92187595,-54.06250381,-56.32291921,-75.22656631,2.813597208,2.900306767,2.810817252,-93.84375763,-74.67325592
aspiny,-37.22278214,201.2742004,19.54939461,200.7016144,-53.36391068,150.3830719,335.3956701,-12.43951607,-161.4948646,-7.830645084,-50.58366776,197.6169281,0.000476774,2.06968771,0.017897727,-55.87500381,-51.89583588,-57.40625381,260.607872,0.01816,27.25000191,27.4270846,37.5833346,180.8238029,0.374734998,1.295524224,11.89170024,90,147.375,410,-38.65625381,-36.73958333,-45.77083715,-55.96875381,-51.92708588,-75.13541667,2.052447858,2.157119622,2.431757172,-95.46875,-74.21445465
spiny,-42.94157791,146.5760803,33.59239197,146.6141357,-60.15760803,107.625,396.5961066,-7.013586998,-123.9716803,10.57472801,-52.14266205,143.967392,0.000666304,3.200606316,0.264264976,-47.59375381,-47.90625,-50.68750381,202.347344,0.035175,38.46875381,36.125,33.97916921,212.0312899,0.046831667,1.441469952,26.55322957,70,53.37499809,690,-36.09375381,-36.31250191,-44.19791794,-55.46875381,-54.46875381,-75.97916921,3.098712973,3.095640006,3.236000921,-97.84375,-73.91915894
aspiny,-35.30686569,218.8770447,12.68698788,217.559433,-53.81096268,165.442627,170.1568771,-15.39497948,-47.45903168,-10.53432369,-49.41291046,199.3934479,0.001284918,3.607520306,0.196120698,-52.65625381,-53.16666921,-61.19375229,148.024992,0.04418,20.75000191,23.88541667,26.48750076,139.2411739,0.003711688,1.345098496,8.537195258,130,111.4166667,640,-34,-33.94791794,-39.40000153,-57.06250381,-57.65625254,-75.86875305,3.80538621,3.979444727,2.576443554,-90.21875,-75.02033997
spiny,-31.04501534,500.9494019,23.00037193,499.9866028,-47.43563843,367.5104065,174.9358262,-0.796875,-99.43135606,0.746279776,-42.14583206,490.3735046,0.000711845,1.733373907,-7.72E-19,-48.34375,-47.65625254,-51.81771151,114.172056,0.0136,34.78125,33.23958524,36.91666921,89.58321065,0.151859939,2.146193664,9.721559641,290,234.9583232,850,-40.53125,-32.18750254,-49.61979485,-49.18750381,-53.23958715,-77.41667175,2.471283517,1.857517771,2.729294565,-87.75,-76.84947968
aspiny,-37.01160812,343.6875,10.21101189,344.8154907,-57.42462921,344.6520691,262.0045376,-11.20639896,-196.6425318,-11.67313957,-57.21041489,345.9669495,0.000404821,1.331136471,0.664687481,-58.65625381,-57.12500191,-61.92708588,117.1574,0.035345,8.75,17.71875095,18.19791794,95.98214179,0.035262436,1.881968384,11.58818786,209.9999847,228.4375153,240.0000153,-33.34375,-32.71875191,-44.33333715,-58.9375,-57.57812691,-75.73958333,1.160459988,1.23771312,1.346091021,-95.50000763,-75.12535095
aspiny,-36.48521805,612.2321167,8.666171074,613.5091553,-56.94821548,612.0436401,268.9887105,-11.16130924,-226.5062975,-12.59910679,-56.75376892,615.0396729,0.00035546,1.182385058,1.418976853,-62,-50.71631041,-61.71250305,94.047712,0.00509,17.90625,32.17722328,19.17500038,112.499997,0.064846195,1.967927296,7.612774752,410,124.6283661,710,-39.875,-36.06260131,-45.95625305,-62.09375381,-54.58113716,-72.05625305,1.211476451,2.86741523,1.243600313,-94.21875,-71.32830048
spiny,-33.78952026,394.7242737,31.11948586,392.0882263,-53.07996368,296.2352905,278.1653032,0.230698526,-63.67206462,15.92647076,-49.10845566,363.8235168,0.001098235,4.387606007,0.086134451,-49.46875381,-48.65625127,-54.484375,159.772032,0.048005,32.875,29.82291667,41.08593941,99.06257689,0.013179516,2.037286784,20.36293856,230,211.3333384,1110,-31.3125,-29.31250064,-47.67969036,-53.21875381,-52.22916794,-66.79687691,3.953277196,3.615261721,4.354382795,-77.34375763,-65.92138672
aspiny,-36.75658035,200.1907959,1.787828922,200.7368469,-56.64802551,179.1842041,175.352554,-15.62993431,-137.8287571,-15.92434216,-54.94408035,200.7302704,0.000513947,1.253611408,0.331223855,-57.34375,-56.09375381,-61.70833715,380.892416,0.008675,7.6875,13,20.12500064,291.4061844,0.052594841,1.931729024,19.65720184,120.0000076,66.625,350,-36.9375,-32.53125,-42.13541794,-57.46875381,-56.21875381,-70.05208588,1.385014993,1.027346564,1.400042733,-97.84375,-68.710289
spiny,-34.92881775,274.0208435,43.63628387,274,-51.33767319,202.246521,329.1274506,5.154513836,-74.73323999,15.6328125,-41.56944275,263.027771,0.001001667,4.419010038,0.11673685,-42.09375381,-44.65625127,-50.13750153,135.925888,0.04564,48.87500381,49.60416921,49.70000305,110.0445017,0.225350425,1.388719232,18.22629174,150,121.0416667,1019.999939,-35.25,-37.08333333,-45.48125305,-55.53125381,-54.18750254,-71.26875458,4.901544547,4.886515725,4.620423519,-83.15625,-69.60248566
aspiny,-34.14638138,109.6776352,35.53330612,109.1430893,-55.61266327,94.44407654,394.7653243,-1.071957231,-117.8775833,16.58552551,-51.08388138,105.4128265,0.000644737,3.355726379,0.286893204,-51.53125,-51.97916794,-52.70625229,313.030656,0.0363,35.3125,36.4583346,40.04375229,210.3124559,0.047030341,2.386436096,13.08798947,70,66.79166667,520,-32.9375,-32.20833588,-39.58125229,-56.875,-57.51041921,-73.01875458,3.310913269,3.208458337,2.732123104,-95.21875763,-72.12186432
aspiny,-36.05490494,572.5088501,8.641713142,574.2565918,-54.69534302,575.0995483,276.8680187,-14.02640438,-220.623731,-10.80256271,-54.58943939,576.1238403,0.00036318,1.253096312,1.30894687,-55.59375,-53.85416921,-60.58125305,124.9394,0.00534,12.46875095,12.64583365,21.81875076,107.812576,0.029571226,1.348087424,6.726380398,370,287.25,560,-32.03125381,-29.5729173,-42.50000076,-55.65625381,-53.89583715,-69.18125458,1.288014405,1.138697793,1.346507821,-79.59375763,-68.12007141
aspiny,-41.54895782,83.11042023,27.81197929,83.12083435,-63.21666718,80.41666412,387.1153208,-4.563541889,-243.4655503,-7.118750095,-62.99322891,82.75,0.000413667,1.587974228,0.329910714,-63.06250381,-62.15625254,-64.67187881,203.879312,0.02328,36.50000381,37.9583346,38.16406536,264.6875083,0.084889129,1.644038144,25.45145944,50,49.625,210,-42.06250381,-43.26041921,-44.93750191,-63.15625381,-62.2708346,-66.8203125,1.74920958,1.692778062,1.834847131,-94.87500763,-65.86357117
aspiny,-49.59346771,230.6220398,13.90403366,231.1872711,-61.71261215,230.8263702,345.94603,-12.81221581,-246.1394173,-13.12420464,-61.54414749,231.6959076,0.000355345,1.407323388,1.376973816,-61.375,-54.875,-60.26562691,324.972512,0.023395,15.68750095,18.86458524,25.26562595,194.5310533,0.078412995,1.861297152,11.31101668,150,191.125,530,-45.28125,-34.63541794,-49.078125,-61.53125381,-54.96875127,-80.46875,1.288625015,1.234574929,1.389148724,-100.65625,-80.6183548
aspiny,-32.3125,107.2409058,15.98352242,105.9340897,-46.96988678,84.62045288,142.7443443,-7.431818008,-70.50281738,-2.1965909,-43.76874924,99.84999847,0.000952727,1.943365639,0.025360121,-49.15625381,-51.31250127,-58.12053844,429.747424,0.02392,22.53125,34.30208333,31.51785823,195.9374994,0.050690047,2.288146432,10.91197288,50,41.58333333,350,-38.03125,-37.6770846,-45.16517912,-50.03125381,-51.53125,-75.04464395,2.412957518,2.755148818,2.749004936,-97.3125,-74.83466339
aspiny,-36.08946228,88.06617737,13.04227924,87.12255096,-46.61458206,67.23039246,159.5356357,-10.89950943,-52.55456376,-1.322916865,-42.54963303,82.69607544,0.001054902,2.945554541,0.093428571,-46.46875381,-46.55208588,-49.41875381,356.112544,0.02176,23.25,27.67708333,28.95625153,248.9286661,0.061761685,1.824444032,10.33166822,50,45.125,330,-35.3125,-33.16666794,-39.10000153,-47.46875,-47.02083715,-69.65000153,3.07440892,3.204681965,2.547263015,-95.25,-68.42966461
spiny,-35.080616,248.6177521,23.34420204,245.9981842,-50.23867798,184.5778961,179.2569573,-6.999547005,-78.60707869,4.335597992,-46.15398407,229.1757202,0.000876377,2.270186667,0.162266362,-49.4375,-49.91666667,-56.39062786,139.463376,0.051735,30.375,34.94791667,33.41406345,172.3437458,0.166858181,2.26567424,17.82524773,130,125.5000025,650,-33.9375,-34.4375,-46.92968845,-53.40625,-54.18750127,-73.62500381,2.455814351,2.310317396,2.542698816,-92.43750763,-72.85210419
aspiny,-42.05447769,545.6698608,13.604599,546.5164795,-62.98400497,545.9399414,407.9238948,-12.51247215,-338.2211098,-12.60701084,-62.86628342,547.5615845,0.00026655,1.208587546,0.64021879,-63.87500381,-60.78125381,-62.79167048,93.91992,0.021705,15.28125095,19.4583346,17.16145865,52.34378949,0.039014596,1.322854784,4.587859992,360,353,820,-38.03125,-34.98958333,-44.91666857,-63.9375,-60.91667048,-75.10937881,1.067103534,1.10471645,1.249027923,-81.84375763,-75.76747894
aspiny,-37.70596695,228.5255737,16.80823898,227.4630737,-54.44034195,194.5113678,192.1099438,-5.208096504,-126.0526116,-7.142045498,-53.42897797,223.3636322,0.000681364,1.484235397,0.038956523,-56.43750381,-54.69792048,-62.17500305,223.64168,0.03158,26.71875,28.5833346,29.31250114,240.3125018,0.044915929,1.810165504,29.02837258,110,72.66666667,580,-40.53125,-38.125,-44.43750229,-56.53125381,-54.71875381,-70.56875305,1.888864155,1.904245687,1.944269828,-97.50000763,-69.329216
spiny,-30.0982151,208.8013458,30.79073715,207.578125,-47.42020035,157.2120514,227.4101251,-2.275111675,-75.34004045,11.9001112,-37.94810104,194.2790222,0.000896161,3.044092399,0.168465924,-39,-44.44791921,-49.51562691,93.896816,0.07715,32.03125381,42.47916921,49.28125191,131.4062476,0.05341338,1.371166592,15.9289129,110,140.4166667,930,-25.37500191,-30.01041857,-42.35937881,-50.15625,-50.29166921,-75.42188263,2.593776671,3.351210245,3.858102059,-90.50000763,-75.3521347
spiny,-41.36249924,431.5416565,38.86041641,430.9500122,-58.19166565,271.5916748,387.0228844,-1.662500024,-84.11900957,14.31458378,-47.72708511,390.3083191,0.000872,4.605972856,0.14691161,-44.96875,-47.32291921,-50.98750229,179.236048,0.07196,42.81250381,41.71875127,45.15000153,93.75003725,0.069943517,1.509532928,11.48799207,150,109.8333308,920,-36.46875,-37.01041667,-46.67500153,-55.4375,-55.28125254,-76.81250305,4.446832995,4.105001077,4.678293609,-87.34375,-76.21009827
aspiny,-32.7153244,98.93664551,27.52996635,98.15582275,-46.71960449,74.88527679,217.8678492,-9.433218956,-69.14650486,5.508561611,-43.96104431,93.97089386,0.001029589,3.116561592,0.286191533,-47.53125,-48.43750191,-51.05469036,359.028768,0.01246,39.09375,44.07812881,48.75781441,274.6875882,0.09490595,2.871527424,13.47966878,60,48.9375,249.9999847,-37.96875,-37.10937691,-38.92968941,-47.59375381,-48.56250191,-69.42187691,3.782685433,3.628544921,4.015632891,-99.18750763,-68.89718628
aspiny,-42.13851166,13.09121609,5.324324131,13.07770252,-58.23733139,11.97297287,189.9943495,-14.22381783,-147.0744285,-14.1967907,-55.53800583,13.0405407,0.000506622,1.2802481,0.15625,-59.1875,-55.41666921,-58.09375381,575.424768,0.006245,9.15625,20.69791667,17.15625,567.9687858,0.06133708,2.170979072,46.34442736,10,7.125,160,-45.6875,-40.88541794,-42.6875,-59.25000381,-55.53125254,-59.93750381,1.396163202,1.35728074,1.394691613,-95.71875763,-59.94048309
aspiny,-28.28923416,388.4206238,18.35264587,387.4644165,-46.06044769,317.4434204,223.4909732,-6.88184309,-70.37862011,-4.284899712,-42.07664108,368.1605835,0.000812518,3.200651387,0.24714281,-46.25,-50.19791667,-61.40625229,110.398784,0.024985,17.65625,24.14583397,22.32500076,105.1562503,0.023033727,1.803395328,6.650085402,249.9999847,223.9583333,820,-27.90625191,-28.01041794,-33.42500153,-48.15625381,-52.03125254,-72.1125,3.005183428,3.452640138,2.296389467,-83.46875763,-72.05957794
spiny,-32.3794632,187.9035645,34.40803528,186.8285675,-48.8125,132.2821503,264.2727816,-1.651785731,-93.6217897,14.97053528,-37.79999924,181.7928619,0.000773143,2.820162305,0.096624156,-42.96875381,-41.48958715,-49.07500305,148.303328,0.02908,38.90625,36.88541794,39.01875305,176.7187119,0.043780774,1.449748608,32.32986805,80,59.91666667,530,-35.68750381,-31.25000127,-42.65000229,-51.84375,-53.38541921,-62.98750305,2.973386433,2.489272092,3.159176558,-83.18750763,-62.17087936
spiny,-38.18990326,96.25,33.46875,96.125,-52.83012772,71.80448914,234.0747178,-4.828525543,-78.69472813,9.033654213,-47.65865326,93.63781738,0.001036026,2.976879369,0.182361658,-48.96875,-50.0520846,-55.95625076,199.901376,0.06211,36.0625,38.26041667,35.8375,210.6249928,0.283523202,1.959917696,25.08333916,59.99999619,55.95833206,660,-38.56250381,-38.2083346,-44.7125,-54.71875,-53.625,-69.18125,3.329152408,3.284573302,2.986335357,-91.1875,-68.50262451
spiny,-33.92499924,70.43333435,30.96249962,69.59999847,-52.87083435,51.79999924,242.7068228,-4.739583492,-70.70704999,14.01458454,-45.73125076,63.82500076,0.000993333,3.434500853,0.189784946,-47.3125,-46.59375127,-49.23437691,374.962944,0.02694,34.90625381,37.69791794,33.00000095,356.2499583,0.076568976,1.637268992,39.86198199,29.99999809,25.0833327,340,-34.50000381,-34.77083333,-40.06250095,-54.96875381,-55.01041921,-59.89062881,3.437633814,3.384262875,3.413018583,-98.06250763,-59.08707809
aspiny,-45.26823044,52.21354294,18.35546875,52.30729294,-55.25,41.02083206,236.9736746,-3.278645754,-124.6747037,-4.009114742,-52.76953125,51.94791794,0.00060375,1.886053056,0.180524864,-56.09375381,-54.25000381,-56.4895846,295.840128,0.020765,26.31250191,27.78125095,28.81250191,319.8662102,0.03117728,1.453128192,37.5632431,30.00000191,29,93.33333333,-47.96875381,-46.75000191,-47.20833715,-56.21875381,-55.14062691,-65.30208588,1.997618667,2.02644742,2.068688042,-100.90625,-64.9805069
aspiny,-50.58075333,371.1549072,1.813113451,371.7173462,-68.68933868,371.4573669,340.3676304,-20.63159561,-299.0874587,-21.31142616,-68.56905365,372.2087402,0.000287184,1.139907012,1.379166839,-67.68750763,-61.11458715,-67.21875305,117.87036,0.09747,6.0625,9.635416985,9.768750381,97.65621275,0.090197347,1.242974976,4.040489953,230,281.0416667,480.0000305,-43.09375381,-35.3020846,-47.03125,-67.78125763,-61.18750254,-78.3000061,1.055062044,1.039258223,1.187376192,-85.1875,-77.57754517
spiny,-36.06799316,333.0508118,35.66895676,331.5508118,-49.46394348,253.4752808,301.3010771,-5.273694992,-102.3589924,7.558379173,-42.66621017,320.1785583,0.000812967,2.946395149,0.178674953,-49.4375,-47.81250381,-54.31875153,242.52296,0.01784,40.75,46.75000127,40.59375076,171.4062542,0.160830259,1.231987968,14.35667866,190,127.9583308,710,-38.59375,-35.96875254,-46.70000305,-49.46875381,-53.00000254,-75.43750458,3.159600268,3.171155676,3.263289936,-93.21875,-74.48716736
aspiny,-33.29999924,97.4944458,35.80069351,97.6277771,-51.68055725,86.90000153,262.853694,-0.314583331,-87.56181387,-1.668055534,-50.25833511,97.5027771,0.000935556,2.998042138,0.283899449,-51.65625381,-52.30000076,-62.24107524,269.312448,0.06274,37,40.02500229,28.65178708,268.7500715,0.151443988,2.29708416,23.38474392,60,51.25,509.9999695,-35.59375,-35.90625076,-39.45535769,-52.43750381,-53.53750305,-68.15178571,3.335179164,3.534383908,2.192825873,-95.31250763,-67.78839874
spiny,-35.92798996,289.8532715,38.16847992,289.4130554,-53.61141205,192.2717438,311.4574299,4.891304493,-93.82115082,19.50815201,-43.50271606,281.2282715,0.000800652,3.340256941,0.096973779,-44.78125381,-45.01562881,-50.89062691,281.09088,0.045665,42.1875,44.1875,44.94531441,164.2187834,0.075042769,2.223642368,17.1019391,130,80.99999619,939.999939,-34.875,-34.34375381,-45.25000286,-53.00000381,-56.0625,-77.10156631,3.612182815,3.377134304,3.426424209,-93.53125,-76.13742065
aspiny,-36.64409637,61.27777863,32.84027863,60.90972137,-51.43576431,39.49305725,238.8113724,-7.961805344,-90.16251262,11.91493034,-43.86458206,59.54166794,0.000871111,2.611368747,0.011735808,-46.46875381,-44.53125381,-49.54687691,447.809536,0.01714,38.28125,34.81250381,39.171875,244.374916,0.092192836,2.975926528,14.31513457,40,39.625,239.9999847,-38.31250381,-34.71875,-46.00000191,-46.53125381,-44.68750381,-71.82812881,2.991434998,2.606613009,3.214523038,-99.50000763,-71.39025879
aspiny,-34.08185577,636.0596924,14.75792885,636.5158691,-48.35144424,501.8255615,204.3558991,-7.442630768,-65.3084499,-7.912080288,-44.74533463,613.6436768,0.000822015,3.156933538,0.191956572,-47.9375,-52.1145846,-65.01562436,135.11512,0.679515,11.15625,15.80208397,17.44791794,73.2813254,0.008792791,1.14762624,7.323913266,390,282.4583333,949.999939,-31.53125191,-33.29166794,-39.81250191,-49.15625381,-54.5833346,-78.19791794,2.502586063,2.919110207,1.936802339,-85.78125763,-78.15689087
aspiny,-38.80514526,315.2897034,21.17499924,314.8617554,-52.67831039,240.3926544,233.2042266,-5.175367832,-50.40402055,3.870955944,-49.02389526,292.7485352,0.00108,4.649564567,0.147991445,-53.00000381,-53.61458715,-53.96093988,182.678192,0.26788,19.43750191,24.05208397,22.50000072,122.656174,0.008065054,1.50107264,10.96378835,170,127.6249949,750,-50.62500381,-42.23958333,-42.97265863,-56.37500381,-58.56250381,-73.31250286,3.553503994,4.545237395,2.360910012,-87.09375763,-72.67240906
aspiny,-48.07056808,164.6531982,-3.061650753,164.8277893,-61.72316742,163.953125,250.6590599,-22.43316841,-175.0277943,-19.17493248,-61.54228973,164.8148804,0.000371535,1.430328322,2.01567567,-59.84375381,-54.13541667,-60.9895846,262.940592,0.006075,-0.65625,0.99999999,4.739583333,197.968781,0.121957555,3.468425216,9.140125886,170,195.5833333,370,-44.40625,-28.37500127,-45.87500127,-60.00000381,-54.1875,-72.16666667,1.474850505,0.970260422,1.494481795,-100.90625,-72.25507355
spiny,-39.18797302,77.92045593,34.23768997,77.45833588,-49.98958206,60.90530396,226.9838541,-2.206912994,-76.60261403,14.19981098,-45.39251709,73.91666412,0.001009242,2.974347768,0.30695122,-46.31250381,-47.9270846,-48.70000229,224.252752,0.03588,36.81250381,42.57291921,31.75000114,209.2186809,0.032163564,2.670002176,14.74944346,50,65.12499746,164,-39.15625,-39.96875381,-41.66250153,-48.87500381,-50.63541921,-70.0687561,3.076167223,3.078975763,2.861508619,-92.25000763,-70.03922272
spiny,-34.53551102,80.4318161,42.72016907,79.86363983,-51.91051102,58.03977203,228.9073994,10.27982998,-80.99463806,23.53267097,-41.91477203,76.15341187,0.001005455,2.82854433,0.172752808,-43.84375381,-45.25000127,-47.37500381,251.937792,0.03564,45,46.09375381,42.25000381,261.5624964,0.075284384,1.219337728,28.59825677,50,50.25,509.9999695,-37.46875,-36.88541667,-44.12500191,-51.00000381,-51.54166794,-67.140625,2.985709133,2.973806845,2.659363871,-94.28125763,-67.13788605
aspiny,-41.09500885,355.3414612,7.220845222,355.8685303,-59.42803955,354.6465454,251.9098177,-15.41457176,-189.4029259,-13.58662605,-59.27220917,355.7468872,0.000441379,1.32826002,1.251284802,-60.65625381,-56.33333588,-63.31771088,197.83328,0.01152,12.125,9.135417461,19.0572923,121.8749955,0.04242114,1.039017216,6.750799497,210,209.7083333,530,-36.6875,-32.12500191,-48.64583397,-60.84375381,-56.40625381,-78.49479294,1.351266249,1.206226142,1.5203503,-92.56250763,-78.06531525
aspiny,-38.54072189,326.5993042,16.85594559,327.0086975,-59.16387177,324.0374451,314.5548691,-10.9132185,-210.4113952,-6.798562527,-58.98355865,326.245636,0.000429129,1.493017326,0.894957093,-61.59375381,-57.82291794,-62.37500153,160.80744,0.01102,20.8125,14.45833429,25.61875153,120.4687506,0.004164137,1.212726016,6.554259916,200,217.9166667,520,-36.9375,-30.94791794,-43.60625381,-61.68750381,-57.91667048,-71.71875305,1.473951326,1.296902038,1.651186103,-83.31250763,-71.98477936
spiny,-36.84913635,142.1767273,31.26077652,142.0646515,-52.04741287,101.8448257,273.5492881,-3.424568892,-73.67497503,13.94396591,-43.99676895,136.4612122,0.000921379,3.709092003,0.210757946,-46.84375381,-49.62500254,-53.28125381,190.300928,0.05854,35.40625,36.14583588,38.34375229,200.4687935,0.082497329,1.24299712,83.60993174,70,56.08333206,550,-38.03125,-37.97916794,-44.30625153,-54.28125381,-56.10416794,-68.86250458,3.697513236,3.721271058,3.946979417,-88.1875,-67.3841095
spiny,-46.64122772,114.6899033,47.06370163,114.2740402,-55.52163315,94.68029022,407.5031529,4.417668343,-146.3008404,6.862380028,-53.38100815,109.7139435,0.000731154,2.788479035,0.237473394,-51.6875,-49.80208715,-54.28125305,117.050672,0.051065,50.71875,52.78125254,50.46250305,137.8124207,0.17492643,1.157962496,20.37689737,70,91.91666667,580,-46.34375,-45.75000381,-48.81250153,-57.37500381,-52.92708715,-69.21875,3.163947091,3.347218968,3.114582371,-83.59375763,-68.41130066
spiny,-36.99305725,229.3611145,40.53194427,229.0388947,-50.80625153,171.3333282,451.0351217,2.741666555,-137.6299514,15.35763931,-46.53263855,219.3861084,0.000594667,3.287814161,0.175555564,-46.90625,-45.8958346,-48.85625229,100.953352,0.03046,43.09375381,46.1458346,44.92500153,180.937469,0.004674158,1.36676672,18.64009264,130,55.12499873,580,-36.59375,-34.75,-42.60625229,-49.87500381,-52.13542048,-63.83750458,3.441712414,3.340800463,3.628222755,-81,-62.41884232
aspiny,-37.6666069,720.5654297,7.178790092,722.5859375,-58.03878403,722.2474365,267.6348527,-12.82332897,-209.5046804,-14.13935947,-57.89665604,724.6118164,0.000372533,1.272385411,0.521667806,-60.68750381,-50.71631041,-60.27232361,111.47132,0.00782,14.31250095,32.17722328,19.02678599,70.31231374,0.023399753,1.379199232,5.758784797,460,124.6283661,750,-34.3125,-36.06260131,-42.31696592,-60.81250381,-54.58113716,-72.79464722,1.302738381,2.86741523,1.389863838,-90.18750763,-71.97670746
spiny,-38.08578491,165.4289246,30.41421509,164.2696075,-51.13848114,127.7107849,244.5317928,-4.450367451,-57.85714214,13.4319849,-45.2873764,158.340683,0.001162745,4.224203156,0.1803207,-48.71875,-47.63542048,-52.52500381,185.357824,0.16228,37.59375381,39.82291921,39.75000076,103.5937145,0.050841004,1.295754368,10.73346304,70,83.54166667,520,-40.00000381,-40.60416794,-46.04375229,-54.53125381,-53.75000381,-67.92500153,4.392004625,4.567171945,4.528325418,-79.37500763,-67.6604538
spiny,-37.24459076,75.5120163,29.41165924,75.47115326,-55.87139511,63.20192337,277.8288339,-11.45853329,-76.5869307,9.185095787,-49.70072174,73.6995163,0.000985,3.631264977,0.218548387,-49.90625381,-49.92708715,-53.85000153,252.51712,0.03658,33.25,36.53125254,33.15625153,218.6899036,0.027393358,1.195416832,38.71531684,50,36.20833333,700,-35.1875,-36.26041921,-44.95625305,-55.03125,-56.72917048,-69.96250458,3.720153858,3.702191156,3.2189995,-97.4375,-72.20807648
aspiny,-42.11314774,33.45258713,15.51724148,33.39224243,-53.75754166,25.53448296,245.6328191,-18.00646591,-76.02323519,-6.207973957,-47.59267426,32.59051895,0.000827241,3.228105347,0.559615388,-48.84375381,-47.9583346,-49.52500305,329.90144,0.013485,17.53125191,23.71875191,21.73750076,373.593837,0.076981395,1.699965696,18.37596404,20,28.9166673,220,-43.65625381,-38.88541794,-43.10000229,-52.3125,-51.09375254,-66.25000305,3.281574098,3.238536672,3.101235521,-99.53125763,-64.859375
spiny,-39.05324173,238.2546234,34.0370369,237.5185242,-54.1334877,198.322525,337.3591911,-1.432870388,-109.7679549,11.03047848,-48.19483185,229.6358032,0.00070463,3.073697495,0.167996124,-50.34375,-51.35937691,-53.71875318,137.701248,0.05319,37.78125381,41.875,39.54687627,85.93747765,0.108218983,1.436626688,10.97842756,130,84.375,920,-42.03125,-42.71875191,-48.9583346,-58.21875,-58.39062881,-70.90625254,3.55809652,3.226822256,3.630331459,-78.21875,-70.4233017
aspiny,-41.13499832,69.16500092,25.36249924,68.79000092,-59.94374847,64.45500183,194.8940526,-1.301249981,-101.5910697,-2.586250305,-59.73625183,67.5,0.0008528,1.910977128,0.261318898,-61.40625,-60.44791794,-61.6458346,238.042912,0.01019,31.12500191,33.72916667,33.4010423,157.0312232,0.010512111,2.414682112,20.89561379,40,25.58333333,230,-44.46875,-41.29166921,-44.91666794,-61.5,-60.56250127,-61.85416794,2.241170051,2.245407405,2.357119623,-75.90625763,-57.89220428
spiny,-36.91678619,300.370636,37.9691124,298.9971008,-54.5,250.5755768,344.631641,3.54651165,-94.15410774,16.194767,-50.9883728,287.9592896,0.000843081,3.660527281,0.278774436,-50.875,-48.60416794,-53.48437691,177.710032,0.041875,39.12500381,42.59375254,42.73437564,168.4373915,0.017789865,1.533975424,17.43834352,130,91.29166667,670,-36.40625381,-35.6770846,-51.93229485,-54.68750381,-54.55208715,-77.48437754,3.318061105,3.211032562,3.868559353,-93.37500763,-75.82919312
spiny,-32.31544876,226.69104,33.63148499,226.1108551,-51.83490753,177.1886749,296.9372184,2.349056721,-98.98098867,16.32134438,-41.05660248,223.1061249,0.000703019,3.000547148,0.149813433,-43.875,-45.54687881,-50.79687881,201.991712,0.05054,38.87500381,42.26562691,47.38281441,176.3393134,0.131825149,1.542814208,23.22291004,90,77.1875,700,-31.00000191,-30.82812691,-45.17969036,-54.50000381,-55.48437881,-69.96875381,3.180070432,3.06992179,4.062385625,-86.84375,-69.75450134
spiny,-32.92845535,215.7269745,28.8305912,214.8717041,-48.5106926,153.891449,204.7143488,-7.616776466,-43.2079999,16.72450638,-40.37253189,199.453949,0.001450658,4.76868648,0.105314278,-43.65625381,-45.54166921,-47.65625381,90.234184,0.080875,29.34375191,39.21875127,42.34375,120.1563254,0.08039508,2.61632128,23.69027413,120.0000076,119.625,1440,-33.87500381,-35.34375127,-45.28125381,-54.43750381,-54.46875381,-75.09375,4.421133518,4.358517672,4.36474086,-86.625,-74.21265411
spiny,-40.55690384,209.5713654,23.93663788,210.3019257,-62.05031967,210.5442963,390.74909,-4.142839432,-305.4913981,-7.00369072,-61.90139008,211.344986,0.000334252,1.282600657,0.36666676,-62.78125381,-55.73437881,-63.18750381,332.801632,0.004795,22.46875191,15.984375,17.07031345,182.2918057,0.046310633,2.272518144,18.86113724,150,179.5624924,240.0000153,-51.00000381,-23.46875191,-55.03125286,-62.90625,-55.82812881,-73.09375572,1.367162586,0.931694619,1.456845094,-90.96875763,-72.58930206
spiny,-36.05039215,282.3796997,36.11640549,281.2921753,-52.69140625,221.9359436,286.6529436,-0.3515625,-68.03422107,13.24609375,-46.6636734,259.2671814,0.0010785,4.233600398,0.225852279,-46.09375,-47.18750254,-51.57291985,207.647488,0.04296,39.75000381,42.8333346,44.96875318,185.4688227,0.067646854,1.217751552,17.42697688,150,110.7916667,770,-32.59375381,-33.15625127,-48.89062754,-51.96875381,-54.98958715,-79.3177096,3.570136523,3.766751399,4.22723724,-98.84375,-79.09329224
aspiny,-47.47702026,677.1875,-2.711397171,677.6544189,-65.25827026,645.3676758,270.1325297,-22.640625,-232.4492468,-23.33088303,-64.5045929,677.8455811,0.0003325,1.15551744,0.03123645,-64.03125,-50.71631041,-66.34375381,103.505624,0.00541,1.437500119,32.17722328,14.46354198,78.28132808,0.05286121,1.625792128,9.717713086,420,124.6283661,660,-42.62500381,-36.06260131,-49.48437754,-64.03125,-54.58113716,-76.17708842,1.131415985,2.86741523,1.196551224,-94.625,-75.46931458
spiny,-41.15039063,328.856781,34.40169144,328.6796875,-57.38151169,244.1692657,407.8053997,-7.2578125,-102.2163149,12.23242188,-50.96809769,317.2890625,0.000757292,4.024882936,0.167708335,-47.6875,-47.26041794,-49.91875153,116.969488,0.049495,41.46875,46.10416921,43.54375229,143.2812065,0.00599158,2.331059968,21.63651848,150,155.8333333,1080,-36.15625381,-35.50000127,-48.29375229,-51.50000381,-53.23958715,-79.91875153,3.98359331,3.923368871,4.089451273,-93.65625763,-78.84489441
aspiny,-36.54634094,538.0178833,18.22352028,539.8640747,-55.39787674,538.583313,382.8293376,-8.158586502,-281.8299806,-6.471670628,-55.16734695,542.8185425,0.000296589,1.359739741,0.562778434,-58.81250381,-57.16666921,-60.27604421,99.442536,0.045965,19.1875,23.06250127,21.07812579,67.34390557,0.082130246,2.69844352,4.751056824,330,340.875,750,-36.09375381,-33.91666794,-40.3020846,-58.9375,-57.25000254,-73.53646088,1.330937436,1.265586794,1.336156803,-90,-72.92057037
spiny,-40.55128098,132.3717957,34.37980652,132.25,-56.55288315,104.6698685,351.7731721,-5.224359035,-86.67313628,11.61378193,-50.10095978,126.5801315,0.000880513,4.061376781,0.169609508,-50.15625,-49.09375127,-53.39844131,111.610112,0.06408,37.5625,42.10416794,37.76562786,130.3125322,0.032966454,1.163762304,20.49839315,70,67.6666654,640,-39.15625,-37.50000127,-45.15625095,-58.15625,-54.78125127,-68.34375191,3.925672576,4.222712851,3.905225751,-82.34375763,-67.25919342
spiny,-39.95717621,491.8449097,37.43981552,492.6782532,-52.5682869,364.0439758,296.5702407,-5.035300732,-72.78169404,19.76273155,-43.82118225,475.2291565,0.001033333,4.172358176,0.100673226,-46.1875,-46.47916921,-49.93750286,123.484768,0.07058,42.28125,45.11458588,40.85937691,72.656326,0.05174236,1.635209728,9.235000341,210,217.8749898,1410,-40.09375381,-40.2708346,-45.78906536,-55.50000381,-54.15625254,-84.79687691,3.742841686,3.997446357,3.760712343,-92.875,-84.11875153
aspiny,-32.59015656,681.7068481,10.68141556,683.7075195,-48.20388412,684.2954712,247.0439291,-10.32224846,-188.2021134,-6.861690998,-48.09616852,685.8170776,0.000388739,1.308669872,1.450432233,-54.875,-49.48437691,-54.26875381,140.599552,0.00606,18.625,13.20312595,10.51875,89.21863139,0.020659393,1.358390656,6.895614257,450,312.1875,690,-29.43750191,-27.09375191,-36.96875076,-54.875,-49.60937881,-70.41875153,1.23462195,1.212492507,1.45621664,-81.78125,-70.43921661
spiny,-34.77517319,133.2986145,30.56684113,133.0173645,-54.52170181,100.6840286,346.7053452,-6.901041508,-119.1460939,2.203125,-47.15972137,130.0833282,0.000655278,2.910314748,0.244980315,-48.0625,-49.91666667,-50.34375095,182.000352,0.033,31.46875,34.60416667,30.78906393,167.6561683,0.056440488,1.123831936,24.30405108,80,93.16666667,690,-35.12500381,-35.57291794,-43.59375095,-53,-54.28125127,-73.37500191,2.958789163,2.876904839,2.963278419,-94.28125,-73.415802
aspiny,-36.71875,294.8080444,6.646577358,296.3943481,-50.7544632,260.0520935,197.1985989,-15.20089245,-117.3895148,-10.32738113,-49.73251343,295.1294556,0.000553571,1.67607662,0.004669031,-57.40625381,-50.71631041,-57.73750305,239.472384,0.00496,25.62500191,32.17722328,25.71250153,217.6562846,0.260648787,1.35915456,12.36105879,180,124.6283661,310,-42.53125,-36.06260131,-44.93750305,-57.53125381,-54.58113716,-69.04375458,1.725910725,2.86741523,1.737698808,-92.43750763,-68.20789337
aspiny,-39.68096161,339.7659302,16.00143433,340.2531738,-61.49027252,340.9779968,287.6111189,-12.7667408,-199.7636949,-9.522321701,-61.34350967,341.725769,0.000476939,1.441292695,0.838257572,-63.68750381,-58.3645846,-67.6562561,185.805968,0.01142,22.375,10.46875064,30.93750076,170.9374934,0.005443227,1.271570688,13.0718529,210,249.1666565,550,-35.93750381,-31.56250127,-47.70000153,-63.75000763,-58.43750381,-73.0812561,1.278815803,0.997210473,1.514275829,-91.78125,-72.67508698
aspiny,-41.47798157,133.140625,25.59943199,132.4247131,-53.74538422,100.7357941,304.779162,-11.85617924,-80.77759668,6.568892002,-50.22691727,126.1903381,0.000827045,3.797280993,0.149889602,-51.4375,-50.52083333,-54.44271215,223.534432,0.01026,31.25,38.97916921,35.40104294,168.9063609,0.052103151,1.171738368,8.247880874,80,87.70833333,280,-44.37500381,-39.17708715,-45.16666857,-53.65625381,-51.8020846,-70.21354675,3.285051959,3.872177147,3.063687743,-88.71875763,-69.10003662
aspiny,-39.4519577,47.53731155,35.09141922,47.46081924,-54.91231155,39.31716537,301.1780191,-0.279384315,-115.5832581,12.89179134,-51.92863846,46.93283463,0.000730448,2.600044083,0.502744735,-52.50000381,-51.68750254,-53.46875286,730.450304,0.01906,42.84375,42.87500127,44.06250191,236.2499982,0.052771825,2.650809344,8.721363569,30,27.99999936,280,-40.84375,-39.54166921,-41.50000095,-52.65625381,-52.12500381,-75.60937691,2.792975576,2.857006954,2.866057435,-99.40625763,-74.94754791
aspiny,-42.03146744,408.8600769,11.35498905,409.3921204,-58.08629227,407.8651428,274.7715856,-13.8708334,-177.4926078,-13.1108551,-57.92412186,409.086853,0.00044664,1.549818232,0.985833333,-60.59375,-58.09375254,-63.35000305,155.591856,0.009245,13.25,17.5416673,23.39375038,92.34378487,0.054768987,2.239437312,7.89982199,270,314.8333333,114,-37.59375381,-32.5104173,-45.04375153,-60.75,-58.1770846,-74.90000153,1.447790237,1.356713054,1.564442392,-84.78125,-74.04443359
aspiny,-28.61533546,153.3118591,12.73356915,152.21521,-40.6694603,116.182991,105.7172296,-13.93041229,-43.82461103,-2.61984539,-36.4851799,144.0270691,0.001243299,2.384401114,0.223333333,-42.53125,-45.57291921,-56.75000254,340.28944,0.0139,12.03125095,23.1666673,35.20833588,228.1248122,0.044208001,1.490881792,9.922876878,90,77.91666667,340,-34.50000381,-35.6145846,-41.02083588,-43.34375381,-45.78125254,-76.27083588,2.602024339,2.74057498,3.13264775,-99.6875,-75.30277252
aspiny,-35.92443848,247.6623077,14.97807789,246.5951538,-58.96595001,214.9533539,269.1427118,-12.44822788,-86.23040865,-10.53404808,-55.50186539,225.156723,0.000750522,3.130615456,0.120964568,-58.09375381,-58.51041794,-64.33125153,105.004096,0.031065,17,25.21875127,21.81875038,106.250003,0.070783854,1.632587264,5.704909166,160,153.1666667,740,-34.875,-36.28125,-42.63125229,-60.59375381,-62.15625254,-74.75625458,3.341042556,3.516772243,2.738708461,-85.43750763,-73.82308197
aspiny,-39.23190689,31.8881588,37.04523087,31.83223724,-54.59457397,26.11513138,333.2282957,-0.882401288,-110.0202609,16.76233482,-51.4169426,31.19407845,0.000754211,3.023975074,0.043169968,-54.18750381,-48.61458715,-57.06250191,433.851424,0.0162,44.00000381,45.20833715,44.50000286,260.3124082,0.056862909,1.383370496,13.79128868,20,31.58333333,200,-41.75000381,-36.36458333,-45.42969036,-54.50000381,-49.36458588,-70.59375,3.191951857,3.133784189,2.737783123,-101.2812576,-71.60786438
aspiny,-33.03125,58.01666641,6.570833206,57.50833511,-52.08958435,48.63333511,125.0832702,-10.83125019,-91.33071778,-9.024999619,-50.43333435,55.42499924,0.000754667,1.360425706,0.233191488,-53.40625381,-58.34375,-57.09375381,449.437248,0.0195,7.46875,24.65625095,15.98958397,404.687494,0.066221789,1.081185536,30.26911257,30,21.5,270,-35.78125381,-37.03125191,-38.2395846,-53.40625381,-58.46875,-62.50000381,1.507309782,1.234360253,1.466832428,-95.5625,-61.32939529
aspiny,-37.6875,59.24791718,25.92447853,59.03125,-55.57708359,56.02708435,224.7851248,-6.459895611,-118.4547446,-3.123958349,-54.98072815,58.51874924,0.000748333,1.88872685,0.255701754,-56.56250381,-55.54687881,-58.5208346,213.24104,0.03152,31.21875191,32.70312881,25.66666857,291.2498415,0.003031611,1.79018368,45.6822281,40,34.5625,420,-41.09375,-38.484375,-40.19791921,-56.59375381,-55.62500191,-63.69792302,2.221476081,2.252262262,2.156177729,-93.46875763,-63.7784996
aspiny,-36.55179977,267.3347473,25.0338192,267.0068359,-62.68942642,261.9725952,351.8057358,-5.878852844,-249.6762712,-11.21532536,-62.43000793,265.3193359,0.000417158,1.40830237,0.399055191,-63.71875,-63.70833715,-67.73438263,160.450272,0.020865,23.50000191,32.2708346,34.59375191,137.031287,0.127823576,1.591875584,9.188936794,160,172.2916667,560,-37,-34.84375127,-42.12500381,-63.84375,-63.7708346,-74.64062881,1.415788691,1.400588799,1.581111924,-90.87500763,-72.87428284
spiny,-36.93125153,214.1714325,38.07678604,213.4035645,-53.95714188,158.6785736,268.0030677,-7.977678776,-62.93939176,22.11964226,-46.41696548,197.9321442,0.001213714,4.267683427,0.107445203,-49.40625381,-51.12500254,-48.35417048,110.029904,0.08578,40.03125,49.66666794,41.25000127,99.06257689,0.02794254,2.4868416,18.67107255,130,168.4583333,1190,-39.75000381,-40.51041794,-42.04166921,-57.59375,-56.42708715,-75.70833842,4.061537003,4.614501864,4.034912342,-86.15625763,-75.14334106
spiny,-32.80208206,352.680542,34.4188385,350.805542,-48.33246613,272.3454895,207.5182252,1.889756918,-93.3829326,14.078125,-44.25086975,340.883667,0.000853889,2.21494262,0.179905338,-47.59375381,-48.56250381,-54.20089613,128.255456,0.054425,40.93750381,41.28125254,43.76339504,134.2186779,0.097673997,3.055666944,15.42463822,190,160.7916667,930,-31.40625,-31.86458524,-47.2723247,-49.125,-52.21875127,-78.04017966,2.361743569,2.206089602,2.525862356,-91.81250763,-76.84444427
aspiny,-31.79235268,198.5608521,15.89309216,198.4375,-52.08059311,186.328949,246.9612012,-8.285773277,-158.723575,-7.481907845,-51.14884949,197.3651276,0.000484474,1.554989875,0.341699611,-52.34375381,-53.9270846,-58.84375095,189.849888,0.05139,16.8125,24.52083333,24.25000095,185.937494,0.115165927,2.31156736,19.89815903,119.9999924,120.0833308,780,-32.50000381,-31.6145846,-42.2578125,-55.3125,-55.06250127,-72.72656631,1.525801076,1.482283202,1.651119151,-92.5,-71.81505585
spiny,-36.23185349,307.4206848,25.04637146,303.6169434,-47.89179993,231.4475861,152.9838935,-2.861895084,-28.02979082,10.96169376,-44.64247131,278.75,0.002133065,5.47421278,0.162138728,-49.1875,-47.81250381,-54.5625,112.069712,0.01549,33,42.40625,43.21875,58.28128755,0.049879059,2.557926656,17.06024668,190,63.87500381,400,-40.34375,-34.59375,-42.5,-50.875,-51.15625381,-64.53125,5.261166177,5.386439982,5.949575446,-70.90625,-63.57558441
aspiny,-32.37695313,462.25,16.58724022,461.669281,-48.70182419,355.8489685,193.6062567,-9.92512989,-48.81045828,-10.34602833,-45.03222656,428.2669373,0.001208021,4.031344805,0.171392334,-49.53125,-54.18750254,-65.63750153,144.421056,0.044665,18.56250191,24.47916794,16.68125114,87.81246096,0.085957348,1.803203328,6.241274049,270,208.7916565,830,-31.40625,-34.26041667,-36.46875153,-52.03125381,-55.69791921,-77.03125153,3.602732745,4.108909114,2.004919442,-85,-76.09333038
spiny,-33.26581955,324.6496887,27.33912086,323.6728516,-47.56327057,232.8611145,180.1822736,-6.839891911,-57.12973643,9.298996925,-40.52044678,291.6203613,0.001135062,3.189086984,0.118132856,-42.78125381,-44.55208588,-46.15,216.966976,0.02926,28.53125191,34.1770846,32.19375191,213.7499601,0.016609592,1.163519616,27.42688882,200,220.2916667,860,-34.03125381,-33.51042048,-38.63125153,-47.6875,-50.66666794,-71.25625305,3.173065748,2.979343656,3.412729952,-93.59375763,-71.15003204
spiny,-37.296875,130.9208374,40.30208206,130.7250061,-58.10312653,103.0791702,347.0604064,2.601041555,-90.79587335,17.97395897,-47.47187424,123.2291641,0.000861667,3.818040835,0.143132411,-47.96875381,-48.9270846,-50.52083333,98.023232,0.05849,42.34375,42.75,45.2083346,134.8437518,0.102739222,1.92460416,21.91161646,80,84.45833333,1090,-37.875,-36.29166667,-47.4895846,-58.09375381,-58.26041794,-77.18750254,4.011589889,3.913806631,4.046539985,-92.53125,-77.18885803
aspiny,-35.42382813,165.78125,20.38593674,165.2687531,-49.27421951,133.0124969,298.1028936,-13.96601582,-97.7088664,-0.487890631,-45.59570313,161.4578094,0.000649,3.054497402,0.251140065,-48.53125381,-45.90625127,-48.73750229,167.44184,0.0169,28.46875191,34.94792048,32.54375076,109.0625003,0.056054559,1.198655616,10.73980504,100,99.125,450,-39.59375381,-39.06250127,-48.95625305,-49.9375,-49.11458588,-74.78125458,3.090080203,3.227061718,3.25348983,-87.90625763,-74.73244476
spiny,-41.47511673,212.2476807,25.99537086,211.2638855,-54.47800827,161.3541718,212.390191,-5.978588104,-50.69721869,10.52256966,-46.4473381,195.2060242,0.001266296,4.174626666,0.125665734,-49.87500381,-50.79687691,-56.28906631,214.294976,0.07374,32.5625,32.35937691,32.078125,159.2187881,0.097456276,1.56943744,19.85192638,110,85.6875,740,-43.09375381,-41.26562691,-50.16406536,-58.15625,-59.26562881,-77.79688072,4.22574965,4.047715757,4.158192226,-95.00000763,-77.05744934
aspiny,-31.62698174,291.108551,22.3353653,291.1810913,-55.68246841,287.2475586,283.9500735,-4.63978672,-195.7164793,-3.488567114,-55.44131088,289.9469604,0.00047922,1.450268861,0.581208054,-56.40625381,-57.57292048,-61.50000286,224.223888,0.0529,23.40625,21.80208333,32.29687595,183.5935563,0.053613886,1.89874752,12.25148004,180,161.2916667,580,-29.59375,-28.22916794,-40.25781536,-56.625,-57.72916794,-72.09375381,1.402998455,1.291888107,1.617369594,-84.6875,-70.90910339
spiny,-36.921875,274.5965881,28.84090996,273.2784119,-56.15909195,206.6363678,235.9020064,-6.901988506,-50.4813019,16.00852203,-50.36789703,262.9375,0.001370909,4.689829213,0.119021745,-50.96875,-52.62500254,-55.64375229,221.250032,0.0481,33.5625,42.30208333,42.73125153,154.687494,0.047336087,2.631325952,20.57624161,130,93.08333079,999.999939,-38.78125,-36.47916921,-48.94375153,-55.96875381,-58.71875254,-78.67500305,4.520036676,4.880071309,4.732096486,-96,-78.19163513
aspiny,-39.96677399,1007.649475,5.393239975,1010.619873,-57.65031815,1009.742371,214.7760295,-11.99489784,-189.017639,-15.70567608,-57.49241257,1012.811707,0.000430071,1.124641975,0.054545455,-62.46875381,-57.015625,-63.14062564,119.665632,0.00627,13.18750095,0.5625,14.76562548,67.50000268,0.021108618,1.269530368,6.523529159,630,528.125,949.999939,-45.90625,-30.71875095,-50.34895897,-62.59375,-57.140625,-78.15625,1.28519606,0.948811871,1.380051257,-84.84375763,-76.89382172
aspiny,-46.10317612,107.1557541,14.66269875,106.8968277,-60.10193634,91.09226227,264.4348264,-17.86805534,-89.79918239,-9.713046074,-56.53323364,102.8740082,0.000778254,2.954444304,0.374738508,-59.15625381,-56.0833346,-62.9732181,386.665248,0.07864,16.12500191,25.02083397,19.22767993,222.8125334,0.032043718,3.404467968,8.662759945,60,76.20833333,360,-44.31250381,-42.86458715,-45.10267966,-63.18750381,-59.92708715,-76.32142857,2.671637413,2.800429046,2.300007736,-99.09375763,-76.43042755
aspiny,-37.36630249,465.5412903,27.37364197,465.4152222,-57.6470108,376.6043396,414.5035741,-6.086956501,-116.6565623,-4.112228394,-53.23396683,453.2793579,0.000583174,3.571556215,0.186915878,-57.03125,-56.93750254,-68.13750458,138.222464,0.028645,30.625,35.65625,34.38750153,90.4687494,0.062350769,1.407106176,5.768138566,249.9999847,225.3749898,830,-35.15625,-34.98958333,-40.21875153,-59.93750381,-59.76041921,-79.8437561,3.519743319,3.798083147,2.761100036,-89,-78.63213348
spiny,-41.60474396,405.8912048,29.66840363,404.0439758,-55.19270706,276.6759338,272.1961052,-10.71643543,-72.62968329,8.90682888,-48.9317131,358.0578613,0.0010175,3.796992856,0.020000008,-48.25,-49.06250127,-52.75000127,210.964864,0.01965,35.40625,49.6770846,47.5,151.562497,0.082491584,2.63967616,17.35216891,190,57.04166794,770,-38.78125,-37.60416794,-44.52083333,-50.59375381,-57.3020846,-73.27083333,3.661368322,4.16009729,4.001844554,-88.8125,-71.3918457
aspiny,-38.01636887,65.77976227,21.72470284,65.67857361,-56.25669479,56.32440567,255.1786355,-6.903273582,-72.34649062,-5.020089149,-53.90104294,63.3482132,0.000939524,3.532221726,0.292532205,-55.21875381,-55.06250127,-56.27678898,296.141248,0.0316,24.75000191,25.32291794,28.25446483,244.2186773,0.015135755,1.23178368,13.59112035,30,35.33333333,249.9999847,-36.6875,-37.76041794,-41.76785823,-57.68750381,-57.79166921,-62.4598247,3.627623465,3.713799404,2.727329935,-88.25,-61.09815979
aspiny,-38.99095535,32.74671173,32.13651276,32.51644897,-51.45148087,27.17105293,288.0558939,-7.904605389,-80.41297122,12.89473724,-49.42927551,31.40460587,0.000917368,3.607928131,0.406104647,-50.90625381,-48.55208588,-52.62109661,658.861952,0.00706,33.1875,35.34375,35.44922066,368.5938716,0.015746333,1.1746176,18.78731821,20,24.25,140,-41.65625381,-39.19791794,-43.72656393,-51.28125,-50.9270846,-61.07422256,3.075072787,3.650081006,2.873232437,-101,-60.05573654
spiny,-36.28776169,493.4947815,38.49088669,493.9114685,-57.32421875,353.109375,375.7770709,1.345052123,-74.58723803,21.88150978,-47.87890625,472.5,0.000991667,5.117151014,0.030291507,-47.15625381,-48.66666921,-50.78125,114.339416,0.082985,39.53125,41.85416794,44.42708333,100.6248817,0.009409764,1.47499136,21.40935279,230,144.25,1770,-35.65625,-36.16666667,-46.91666794,-56.375,-58.90625127,-81.03125254,4.384760455,4.29014263,4.235029507,-91.40625,-80.63630676
aspiny,-42.61891174,349.4680481,3.98548913,350.2958679,-55.70467377,350.4567261,299.5875677,-17.79592323,-208.2699122,-13.55663013,-55.54087067,351.3439026,0.000318809,1.438502253,1.30613843,-57.87500381,-58.95833588,-61.42500381,125.492432,0.054205,8.59375,17.52083397,14.27500076,102.5000364,0.125833943,1.377405568,5.464132558,209.9999847,254.9166667,480.0000305,-40.06250381,-37.25000127,-45.79375381,-57.90625,-59.07291921,-70.25625,1.349205833,1.219092032,1.365399102,-82.53125,-70.24079895
spiny,-37.60044479,98.76786041,33.60268021,98.23661041,-55.0814743,75.91963959,333.937934,-8.122768402,-74.93966742,13.77678585,-46.8381691,93.91963959,0.000963571,4.461173402,0.182480311,-47,-48.94792048,-53.40625286,216.749616,0.05864,32.50000381,38.4270846,35.59375191,213.7500793,0.065369822,1.765187456,30.50550633,59.99999619,51.25,640,-36.71875381,-36.72916921,-44.41406345,-54.43750381,-52.75000381,-72.17187691,4.455772231,4.107917435,4.03760145,-94.31250763,-70.96060944
aspiny,-34.12423706,150.0487823,11.98704243,149.5457306,-49.73780441,135.86586,186.1517345,-5.923780441,-105.715715,-6.929878235,-48.92530441,146.3170776,0.000662683,1.659789883,0.033069979,-54.84375381,-53.17187881,-57.70312754,222.286464,0.006925,28.62500191,26.28125191,34.13021024,252.1875203,0.053111836,1.40211712,17.28310473,70,65.5,150,-43.15625,-40.84375,-48.18229357,-55,-53.31250191,-60.68229421,2.016593348,1.933786058,2.084930156,-81.56250763,-60.18828201
aspiny,-36.72922897,294.8580017,10.50500393,294.7401733,-56.69684601,290.5592957,275.8167336,-12.58648014,-183.3391605,-11.30041504,-56.38330841,293.1038513,0.000414547,1.504289902,0.739814792,-58.28125381,-54.1145846,-59.25781441,191.084912,0.015155,11.00000095,9.406250636,15.64843798,113.749966,0.056272265,2.890817536,7.022888854,190,197.9583333,650,-35.37500381,-30.06250064,-44.58594131,-58.43750381,-54.38541794,-79.64844322,1.469335791,1.337012958,1.662329402,-100.71875,-79.17176819
spiny,-38.71496201,247.4924316,42.64109802,247.1780243,-55.48295593,177.4280243,391.4212479,5.548295498,-91.54269108,18.93655396,-47.57670593,232.484848,0.000846667,4.324510562,0.130130357,-49.00000381,-48.66667048,-51.33750153,155.321072,0.03926,46.56250381,48.63541921,51.06875229,156.0937911,0.035120111,2.363815936,18.10963226,110,69.24999746,780,-39.03125381,-37.4375,-46.76875229,-52.18750381,-54.87500127,-79.23125458,4.401047381,4.500728976,4.767441681,-95.81250763,-78.3591156
spiny,-39.40826797,421.2903137,32.18548203,421.8145142,-55.80342865,295.4515991,264.2007986,-0.81552422,-83.42495429,10.11995983,-46.84576797,411.5564575,0.000884516,3.183770468,0.055147057,-48.03125,-50.08333333,-50.19531536,159.969024,0.02446,36.5,37.65625127,43.8828125,124.3750751,0.018005967,2.753473024,12.66349877,230,144.4166667,910,-35.875,-32.67708524,-51.45312595,-50.21875,-55.2708346,-82.33593941,2.958552929,2.646430354,3.839150346,-96.28125,-81.84601593
aspiny,-36.91973114,505.1265869,15.56215763,505.4033508,-53.30078888,501.6572266,317.1357378,-12.10403347,-214.2707746,-6.293932915,-53.13642502,504.5950623,0.000383912,1.482186853,0.689444562,-54.53125381,-54.73958588,-57.9296875,125.810912,0.01454,14.78125095,20.59375127,24.29687595,77.14288682,0.04033953,1.23034496,5.69906036,330,306.4583333,730,-32.96875381,-34.04166794,-44.17187595,-54.625,-54.85416794,-73.72657013,1.31679205,1.367578776,1.515877132,-82.06250763,-72.82888794
aspiny,-41.05952454,211.0535736,25.06101227,210.9107208,-61.65625,193.8035736,278.8752911,-0.034226194,-204.14624,-2.811011791,-60.5044632,209.6666718,0.000491667,1.362659156,0.169681322,-61.25,-53.84375127,-61.98125381,207.736224,0.02521,28.75,21.53125191,28.85625114,145.1563686,0.023721812,2.393866752,11.89386631,110,118.2916667,570,-43.43750381,-37.68750127,-46.85000305,-61.31250381,-55.84375254,-71.98125458,1.503353102,1.626568218,1.501880568,-84.53125763,-71.73517609
spiny,-42.64687347,329.3583374,29.1796875,328.9583435,-56.89114761,253.2979126,253.1670048,0.439062506,-100.0644803,7.497395992,-51.06406403,320.2999878,0.000786417,2.528794765,0.156250002,-51.75000381,-52.46875381,-54.53906345,156.314992,0.029005,29,28.89583524,36.99218941,136.4063323,0.019158145,2.45821696,15.57996764,170,189.75,800,-36.40625381,-36.72916794,-51.31250095,-56.40625381,-55.8958346,-80.75781822,2.193531237,2.107802073,3.162641469,-95.34375,-80.1997757
aspiny,-30.92401886,138.8660126,29.64195251,138.119278,-47.0970192,126.2990189,198.5681372,-6.833741665,-81.52597991,3.087009907,-46.40686417,134.2042542,0.000972059,2.446946906,0.382142873,-52.03125381,-49.01041794,-57.73125153,292.972032,0.02301,28.75,23.44791667,9.431250191,240.6250089,0.133915573,1.709769472,10.05109672,90,98.91666667,360,-32.46875,-31.53125064,-33.24375,-52.09375,-49.41666794,-67.60625305,2.160497482,2.03585798,1.773442313,-92.875,-66.40228271
spiny,-36.39717865,456.2177429,25.80342674,454.9112854,-51.81048203,348.137085,254.2701456,-3.773689508,-104.96268,7.057459831,-47.75655365,441.1875,0.000714919,2.437709552,0.099841769,-47.50000381,-47.14583715,-50.91250229,138.9192,0.0229,28.12500191,30.63541794,32.95000229,183.5937202,0.027150895,1.349265664,16.2883755,230,152.4166616,300,-33.93750381,-30.71875064,-46.28125,-49.6875,-50.60416794,-76.42500763,2.301250132,2.02870615,2.987401473,-95.65625,-76.00584412
aspiny,-43.4577446,817.8406982,16.65370941,819.2869263,-63.47832108,819.4150391,395.5843583,-8.97220993,-333.0986227,-12.02009678,-63.35828781,820.7978516,0.000293263,1.190663971,1.142737643,-66.25000763,-61.09375381,-66.07812881,80.965744,0.006115,24.59375191,12.6666673,34.53125191,51.25011504,0.036171533,1.338150912,5.730276911,540,547.6666667,820,-39.5,-33.60416921,-49.25000191,-66.31250763,-61.17708588,-77.0859375,1.139039951,1.005517432,1.164322212,-82.78125763,-76.4303894
spiny,-36.67831039,194.9877472,37.76715851,194.8578491,-49.40870285,156.25,330.3372039,0.056985311,-101.976633,10.5171566,-40.36764526,192.3627472,0.000741961,3.232857274,0.172437204,-44.59375,-47.53125,-49.5989596,111.465472,0.0494,45.375,45.84375381,44.71354294,79.37499881,0.171525285,1.74794496,14.24547507,110,92.37499237,650,-41.09375,-41.96875,-49.26562754,-53.46875381,-53.46875381,-65.07292175,3.615070063,3.598194897,3.576492712,-73.40625763,-64.39642334
spiny,-37.01602554,137.8685913,37.23958206,138.0512848,-54.01762772,110.8012848,318.1779264,-2.491185904,-90.77330663,16.40705109,-42.92147446,131.7275696,0.000827179,3.504958608,0.125264555,-44.96875,-45.01041921,-48.90625229,103.011024,0.07423,37.68750381,37.125,35.31875076,146.250084,0.118953981,2.972156928,25.29338504,90,103.5833359,1170,-38.28125,-37.14583588,-40.51875153,-56.53125381,-56.10416794,-75.13125305,3.577036892,3.497448994,3.393966556,-90.50000763,-74.54837799
aspiny,-46.10796356,355.1847534,-1.975527167,355.9512939,-57.95735931,356.3072205,265.0240616,-21.3769455,-197.2887487,-19.74764633,-57.8090477,356.952301,0.000335562,1.356513617,2.509251393,-65.84375,-55.89583715,-66.20000305,175.237632,0.00598,6.687500477,2.385416985,19.38750114,114.8435622,0.047112159,1.143722752,6.784858779,230,200.5416616,352,-37.71875,-28.47916857,-51.63125229,-65.93750763,-56.03125127,-77.78125305,0.986617101,0.814803527,1.193446448,-101.2500076,-77.16303253
spiny,-29.07401276,173.953949,27.87993431,172.5592041,-46.99835587,109.5328979,168.5221426,0.746710539,-40.84596727,18.15954018,-37.64802551,152.8815765,0.001456316,4.136620853,0.050102881,-40.53125,-40.50000381,-47.48750229,160.450448,0.05877,34,35.00000127,31.29375076,290.4687822,0.124691918,1.23634816,50.69973285,50,36,640,-29.37500191,-29.96875064,-41.43750153,-49.00000381,-48.51041794,-55.81875229,3.981364911,3.822147473,3.161447941,-89.21875,-58.92674637
spiny,-38.52031326,64.48124695,35.22890472,64.52187347,-54.38203049,48.99062347,330.7597775,-3.217187405,-118.5258505,9.757031441,-50.32421875,64.43125153,0.000725,2.793660571,0.29114907,-50.8125,-49.40625381,-55.70312786,161.39776,0.062265,38.0625,42.671875,39.79687595,278.9062858,0.057323109,1.437760256,29.31237497,30.00000191,33.49999905,390,-37,-36.609375,-46.234375,-55.40625381,-52.06250191,-68.89063072,2.938654755,3.226972535,3.116493062,-96.375,-67.0109787
aspiny,-36.0357132,177.4129486,20.8995533,176.1160736,-50.52511215,128.1294708,230.5469212,-9.341517448,-58.02413205,4.579799175,-47.8091507,163.0691986,0.0010075,4.039928641,0.05212766,-49.65625381,-46.91666921,-51.33750305,453.854144,0.00724,20.5,18.20833397,19.11250076,317.0313537,0.08970511,2.380608256,15.43981416,90,131.7083308,300,-43.9375,-33.3958346,-46.07500229,-51.28125,-48.86458588,-67.50000153,2.783522685,4.168071175,2.602483763,-101.4687576,-67.13279724
aspiny,-40.086689,294.0112,12.71168709,294.6492615,-59.00119781,293.956543,302.3398149,-11.10374451,-222.5358448,-11.64838791,-58.81723022,294.9411011,0.00037952,1.357565674,1.925,-62.56250381,-56.97916794,-64.06250191,384.161792,0.00582,16.90625,16.27083397,20.03125095,165.1041657,0.169384003,1.141272064,6.71839686,170,166.375,370,-46.90625,-31.11458397,-51.01562691,-62.71875,-57.1145846,-75.671875,1.441986529,1.223248204,1.453973482,-87.6875,-73.79395294
aspiny,-33.51154709,95.04347992,22.79483604,94.64402008,-47.46331406,70.44293213,173.8648399,-11.17934799,-61.08157671,5.823369503,-39.31793594,93.00271606,0.001104783,2.739502765,0.019241889,-44.37500381,-43.984375,-53.59375191,343.51312,0.02564,32.75000381,32.53125,40.78906345,174.3749976,0.047436289,1.39458176,11.77469107,50,55.6875,360,-37.03125381,-36.015625,-44.75000095,-51.87500381,-70.73437881,-74.37891006,3.36277864,3.177960429,3.536790252,-93.09375,-73.54984283
spiny,-38.61595535,185.2467041,37.57154465,184.7138214,-55.41200638,154.8684235,375.439742,-3.128289461,-79.09952035,17.66365051,-50.61841965,176.7598724,0.000946842,4.753773263,0.176388889,-50.96875,-53.19791794,-54.17969036,199.563808,0.05384,41.25,44.72916921,42.84375286,141.3393915,0.058805451,1.287068416,20.46266115,90,61.62499619,700,-38.46875381,-39.38541667,-46.91406345,-56.09375381,-59.17708715,-69.38281631,4.505746781,4.593563734,4.632062267,-85.65625763,-68.97212219
aspiny,-38.36206055,628.1135254,15.24015999,629.2671509,-57.42539215,626.0586548,343.8748513,-10.09160328,-250.9154623,-11.60943508,-57.24886703,630.1808472,0.000340229,1.371647281,0.715194673,-58.3125,-56.26042048,-60.80000381,98.629136,0.012515,12.40625,18.0208346,25.16875191,70.15620917,0.051743351,1.450073088,6.879403541,370,410.625,320,-34.78125,-32.98958588,-45.58750153,-58.40625381,-56.35416794,-76.78750458,1.243703443,1.292767802,1.494343115,-84.12500763,-75.81246185
spiny,-36.47916794,268.4583435,37.63135147,267.7032471,-48.35645294,216.4359741,283.5915018,-0.173018306,-69.47960301,19.06707382,-43.42149353,244.4989777,0.001080163,4.113022036,0.248699819,-47.0625,-48.43750254,-54.33333715,258.699392,0.0287,41.37500381,44.81250381,43.4583346,185.3126436,0.107772715,1.676899072,16.03807625,150,89.70833333,640,-37.62500381,-36.20833588,-46.34375254,-48.28125381,-53.5833346,-74.66667175,3.827390911,3.823048811,3.733826027,-94.50000763,-73.88298798
spiny,-35.48704147,268.6707458,27.32660103,266.637207,-52.36242294,225.8902435,268.1557803,-1.539252996,-57.1130951,14.55335331,-48.53239441,245.17836,0.001167561,4.777581709,0.169755253,-47.46875,-49.39062691,-55.04166794,222.180672,0.04236,26.25000191,31.07812595,31.2604173,165.3124243,0.001710167,1.369956224,20.11679937,150,57.9375,580,-33.5625,-35.67187691,-45.03125254,-51.6875,-57.31250381,-67.80208588,3.486564253,3.637213581,3.816918412,-86.15625763,-67.0619812
aspiny,-35.88373184,205.7132416,10.40349293,205.3253632,-51.17325211,176.4503632,171.248754,-12.03033066,-93.43827429,-11.31066132,-49.38510895,203.7242584,0.000700368,1.825160862,0.33383573,-54.25,-50.01041921,-57.73125229,273.04608,0.02309,12.65625095,17.45833333,19.45625076,186.7187172,0.073754176,1.61633408,24.51510992,120.0000076,127.375,580,-42.65625,-35.38541921,-47.83125305,-54.50000381,-53.07291667,-71.67500153,2.019670086,1.846065471,2.053873581,-92.46875,-71.58114624
aspiny,-38.59375,147.3810272,12.90097904,145.8177643,-52.21724319,122.8027115,175.5035326,-13.08094883,-48.16903662,-10.56626511,-49.63215256,139.9864502,0.001233253,3.671528762,0.305357143,-49.90625381,-49.8645846,-56.91797209,270.537472,0.09772,11.00000095,14.1979173,10.59375072,206.718713,0.002825384,1.44388288,14.14267035,90,87.74999746,489.9999695,-37,-36.13541667,-37.94922066,-51.53125,-52.55208715,-70.80078602,3.343144814,3.333793947,2.137895311,-92.5,-70.22426605
spiny,-43.3046875,121.2881927,37.32551956,121.0659714,-59.31857681,101.1631927,370.5669874,-5.739583492,-89.90231305,11.12586784,-50.15885544,119.9409714,0.000870556,4.122365274,0.16230315,-50.21875381,-50.54166921,-53.26250153,113.789904,0.05826,38.09375381,41.82291921,40.56250229,122.656323,0.141528875,2.21253632,21.44041346,80,133.8749924,999.999939,-42.40625381,-41.77083588,-49.21875229,-59.40625381,-56.65625381,-74.53750305,4.134110926,4.511731169,4.547199739,-88.53125763,-74.29801178
aspiny,-31.15625,46.76612854,16.80241966,46.49596786,-48.66330719,40.32258224,149.896124,-10.99495983,-78.0106981,-5.834677219,-46.97983932,45.61693573,0.000936129,1.919062033,0.294444439,-47.90625381,-48.38541667,-55.50000153,314.193408,0.04566,16.28125,16.81250064,9.412500381,455.781281,0.041694902,1.135871232,44.25003848,30,29.33333206,499.9999695,-35.21875381,-35.32291794,-29.91875114,-48.03125,-48.51041794,-65.88750305,2.257069242,2.227968909,1.94936924,-100.28125,-65.44213104
spiny,-34.25818634,180.7083282,31.49851227,179.8720245,-50.53868866,137.8303528,262.7191648,-4.890625,-83.97542079,12.50074387,-38.9709816,173.4375,0.000816548,3.133010115,0.124640302,-42.00000381,-42.35416794,-46.33593941,106.459784,0.06111,32.53125,33.28125,27.15625095,113.28125,0.090044096,1.577855488,19.35259242,110,124.5000102,1280,-34.6875,-34.5208346,-42.65625191,-52.5625,-53.70833715,-72.76562881,3.119665056,3.083532662,3.068448708,-85.96875763,-72.38851166
spiny,-33.22312546,129.8574982,18.69249916,129.5500031,-50.171875,98.96499634,187.0207725,-12.68624973,-73.71824526,-1.236875057,-39.54624939,126.6025009,0.0008399,2.540783539,0.21172142,-41.65625381,-42.81250381,-50.07812881,306.74016,0.03647,18.9375,27.46875191,20.84375095,192.1871156,0.081383012,1.445724672,24.7563297,80,41.375,710,-32.375,-33,-41.078125,-50.68750381,-53.90625,-75.98437881,2.461174451,2.518008565,2.432293309,-97.71875,-73.3546524
spiny,-39.32875061,116.9850006,36.63874817,117.0950012,-54.63375092,84.31500244,321.2075731,-3.59375,-79.43224894,15.8125,-44.64500046,117.4850006,0.0009048,4.057108899,0.162132163,-45.90625381,-48.85416794,-49.54167048,166.782864,0.06316,37.93750381,30.01041794,28.22916857,169.5312113,0.005283047,2.469908224,37.00657978,70,56.33333333,740,-41.34375381,-45.38541794,-44.18750381,-54.50000381,-49.05208588,-66.57291667,3.993927001,3.875672924,3.398609583,-87.46875,-74.91094208
spiny,-32.37083435,297.4520874,21.96875,296.0708313,-48.859375,204.9354095,198.2520228,-10.4723959,-73.04446904,0.272916675,-43.65677261,274.6083374,0.000922083,2.760297202,0.186301382,-47.81250381,-51.02083588,-52.27500153,228.0352,0.030765,23.15625191,32.14583397,32.08750114,263.4374499,0.036264315,1.250283776,23.27449103,90,58.41666667,440,-33.59375,-34.1875,-47.09375229,-47.90625381,-52.75000254,-74.85625458,2.396210907,2.431802747,3.088487947,-97.90625763,-73.19307709
aspiny,-37.6127739,660.4570313,18.57901001,661.1199951,-55.38585281,656.635498,376.1148884,-8.370429993,-264.3103314,-7.923503399,-55.20292664,661.296875,0.000319415,1.425494724,0.738534182,-55.65625381,-56.79167048,-60.44375305,97.848864,0.011525,17.75,26.25000191,30.13125114,59.06261504,0.048744217,1.459215616,5.099788776,419.9999695,382.2083333,516.0000366,-34.18750381,-33.13542048,-42.75625153,-55.87500381,-56.88542048,-75.20000458,1.276935386,1.34099975,1.434652237,-81.5,-73.69219208
spiny,-40.69238281,89.046875,28.18457031,88.67578125,-48.98535156,61.87890625,190.0897632,-11.72167969,-48.17150091,9.508789063,-40.23632813,82.93359375,0.0013725,3.975882896,0.239955357,-44.90625,-43.35416794,-46.14583588,123.602304,0.05336,36.18750381,43.79166921,39.15625254,183.9062423,0.051998876,1.281439232,15.33479658,50,74.79166667,390,-42.78125381,-41.20833588,-44.88541794,-50.68750381,-49.20833588,-66.96875509,3.932789438,4.202848845,4.03528123,-87.68750763,-66.88757324
spiny,-41.96339417,82.26786041,29.46517944,82.17142487,-61.95000076,62.875,272.1842788,-14.88571453,-104.7913193,2.338392973,-53.56339264,78.19285583,0.000824143,2.596609339,0.2125,-54.21875,-50.54166921,-57.81250064,274.895488,0.031335,30.46875,41.05208333,33.8229173,192.187503,0.222719267,3.066236672,17.0229095,50,54.875,91.66666667,-41.40625,-38.34375127,-45.25520897,-65.00000763,-61.6458346,-78.63541794,2.764442454,2.973473538,2.775715403,-97.875,-78.74486542
spiny,-40.44088745,206.5105438,32.94277191,205.875,-51.2164917,162.3870544,307.8229305,-5.770707607,-45.20091831,15.73381042,-46.88064575,188.3463898,0.001368434,6.889694221,0.191269852,-48.46875381,-48.01041794,-52.31770897,151.449984,0.064,38.375,39.55208715,37.16146024,156.8748802,0.013728385,1.091937024,17.01897411,110,84.29166667,530,-42.71875381,-43.42708588,-48.18229357,-53.06250381,-54.85416794,-68.0208346,6.096556073,5.674605938,5.189098985,-83.46875763,-67.03533936
aspiny,-34.22499847,502.9954529,26.12159157,503.3681946,-51.22073746,401.7090759,289.645531,-2.781534195,-75.15905047,-2.741761446,-47.13920593,491.7909241,0.000841091,3.888249846,0.198742604,-50.28125381,-52.45312881,-56.04687754,148.537024,0.09524,27.71875,31.25000191,32.97916794,89.45322037,0.033214536,1.343167872,52.45105996,290,235.4999924,979.999939,-33.03125,-35.23437691,-41.61458524,-53.03125,-56.81250191,-79.09375254,3.737489608,4.142727155,2.637230717,-88.15625,-78.7467041
aspiny,-35.83744431,262.7465515,12.86897945,262.2649231,-49.31679916,229.1054993,244.7915595,-12.59403706,-116.1527046,-4.126433372,-47.84088135,257.849762,0.000560367,2.097931468,0.045998417,-53.46875381,-45.1458346,-55.21875229,215.275376,0.01672,23.00000191,15.58333429,29.97500114,141.093716,0.103318736,1.829040384,10.19831664,140,247.9166616,509.9999695,-39.65625,-34.9375,-45.16250229,-53.53125,-46.03125381,-73.85625153,2.075790945,2.380384006,2.165175169,-89.8125,-73.71102142
aspiny,-34.20996094,293.7353516,26.28092384,294.1204529,-54.4488945,292.4248047,340.4648774,-2.462402344,-230.2146192,-2.360595703,-54.25976563,293.9833984,0.000402214,1.479395635,0.890624991,-54.06250381,-55.87500254,-58.85937786,172.50256,0.01461,25.18750191,28.87500127,33.84375191,144.9998468,0.103174314,1.491404544,9.670850768,170,169.25,440,-30.12500191,-30.25000064,-42.43750191,-54.21875381,-55.94791921,-68.87500763,1.357182696,1.370745274,1.528583751,-94.68750763,-67.8475647
spiny,-33.60966873,471.01651,34.35495377,471.4552002,-51.52535248,379.5401001,262.1825196,1.785966992,-40.37931265,24.40742874,-45.41214752,436.2358398,0.001816981,6.976722356,0.075194055,-44.09375,-44.87500254,-50.54166921,74.079928,0.1038,37.03125381,46.25000254,43.48958588,81.24992251,0.015619499,1.655004544,23.11257345,300,287.6666667,1889.999878,-31.46875191,-32.7708346,-50.34375127,-51.53125,-50.93750254,-77.33333588,4.902620436,4.755226808,4.060508318,-85.96875763,-77.31746674
aspiny,-33.82690048,173.2058868,38.0968132,173.0245056,-52.26409149,146.8345642,434.7643059,1.063419104,-170.7979122,18.06219292,-50.31740189,171.0441132,0.000501373,2.549605095,0.274300909,-50.28125381,-50.72916667,-53.83593941,217.243296,0.07866,37.5,35.01041921,40.57031441,194.3750083,0.049399834,1.741858432,9.062584224,100,85.91666412,420,-32.375,-31.5,-37.95312786,-50.93750381,-54.98958588,-69.56250191,2.459067547,2.384812061,2.286182425,-90.125,-68.52493286
aspiny,-38.29163361,434.3653564,16.27293396,435.3198853,-56.91830826,434.7411499,295.514775,-9.059301376,-230.4463621,-7.112844467,-56.8300705,436.1687012,0.000402488,1.282838806,1.403998533,-57.28125381,-57.40625381,-61.70312881,114.433824,0.0043,16.1875,18.15625,28.68750143,76.87491924,0.02816095,1.394213376,8.159526595,280,229.5,390,-32.46875,-33.37500381,-43.44531631,-57.34375,-57.5,-61.89843941,1.136086291,1.064424176,1.254738329,-70.87500763,-60.91318893
aspiny,-36.68279648,163.098114,32.59475708,162.9623718,-51.12836075,129.848114,311.2486577,4.097782135,-94.33613393,14.57930088,-47.03091431,158.2311859,0.000710108,3.319673576,0.281476088,-48.84375381,-49.29166921,-53.26875305,238.597504,0.04388,35,35.50000381,35.93125153,187.6562536,0.019168317,1.195092736,9.806886282,100,95.125,440,-36.87500381,-37.90625127,-40.75000229,-53.31250381,-54.90625254,-72.0375,3.115577075,3.27266644,2.257124864,-92.59375,-71.53697968
spiny,-37.97146606,139.5652161,41.91847992,139.6739197,-56.58152008,96.66847992,423.2441793,0.395380437,-127.8574056,16.02173996,-47.24320602,137.7663116,0.000656739,3.3126248,0.225724638,-46.93750381,-46.29167048,-51.03125191,106.60624,0.063485,44.8125,45.68750127,47.34375381,362.5003397,0.087678082,1.833023744,30.69104604,70,64.79166794,790,-37.65625,-35.38541794,-46.625,-55.65625381,-55.58333715,-75.15625763,3.642799843,3.634131652,3.863709726,-95.25,-74.74006653
spiny,-40.6024704,462.9854736,37.6409874,463.5784912,-53.47238541,333.5116272,373.3250099,1.254360437,-89.18722434,13.48473835,-46.91133881,443.2441711,0.000830233,4.249945439,0.06707851,-46.96875,-47.28125254,-50.91875305,115.119888,0.03829,40.4375,44.16666667,44.15625229,108.4375381,0.094803244,2.229042176,12.37989493,209.9999847,111.2083384,939.999939,-37.62500381,-37.75000127,-48.03750229,-53.56250381,-56.39583588,-73.35000153,4.214050119,4.060097333,3.959663306,-84.90625763,-72.26105499
spiny,-33.8538475,106.2230759,36.27259445,105.4980774,-53.34086609,96.70384979,277.4573611,2.929807663,-65.91630692,16.85336494,-49.98077011,100.9019241,0.001145846,4.213382037,0.233013259,-51.00000381,-51.97917048,-54.9765625,213.444512,0.02782,37.68750381,40.53125381,46.03125286,217.1874642,-0.00077565,1.480864768,23.40263038,50,32.49999936,320,-32.18750381,-34.15625127,-43.00781441,-55.15625381,-56.59375381,-60.95312691,3.666730925,4.161031223,4.697919421,-83.96875,-59.36566544
aspiny,-32.1741066,91.70237732,13.45089245,91.40476227,-47.1919632,66.36309814,151.0418681,-12.55505943,-54.43050142,-3.75,-43.60268021,88.40476227,0.001041905,2.732654908,0.035987544,-45.15625,-47.91666667,-51.1964313,259.888608,0.01576,15.81250095,20.8333346,26.35714422,308.1248701,0.041131776,1.235535872,23.64197723,50,23.29166667,249.9999847,-33.28125,-35.50000254,-38.27678735,-46.06250381,-49.7395846,-62.35714667,2.988571767,2.974262619,3.156213986,-92.93750763,-61.08576584
aspiny,-35.76485825,100.9159851,27.59016418,100.2684402,-54.10399628,81.35041046,237.1591858,-8.418032646,-81.48866655,-1.472848415,-52.19057465,95.64958954,0.000931475,2.906185769,0.412121205,-52.21875381,-54.55208588,-54.71250229,331.504416,0.01892,29.65625191,34.41666794,31.34375153,276.0937214,0.059383173,1.145355904,15.45190014,50,57.58333333,320,-35.65625,-36.23958588,-38.73125076,-53.4375,-55.55208715,-68.39375458,3.031211799,2.997762951,3.156536843,-96.87500763,-67.75431824
spiny,-37.9273262,150.6686096,30.4215107,150.0348816,-52.27470779,111.3488388,191.0435512,1.058866262,-55.8109215,15.9709301,-46.7013092,139.066864,0.001250233,3.433649187,0.15345805,-48.37500381,-41.68750381,-48.51562691,204.556128,0.01844,34.15625,38.37500254,39.45312786,170.0521111,0.046539567,1.34422144,19.41072104,90,35.2916654,400,-36.71875381,-33.21875381,-42.85937691,-51.9375,-50.93750381,-61.17969131,3.436692005,3.627659516,3.861189703,-84.28125,-60.82104492
spiny,-38.90413666,222.8614807,23.1030407,223.4543915,-50.86951065,165.4848022,208.9811396,-12.85515213,-85.55736458,0.874155402,-45.46283722,218.4983063,0.000824122,2.451347035,0.21739492,-49.53125,-49.26041921,-56.58750381,126.870208,0.06071,25.53125191,42.01041921,26.51250114,151.5626162,0.149849534,3.064335872,14.60881036,120.0000076,130.4583333,730,-39.53125381,-40.48958333,-46.81250229,-55.09375381,-54.44791921,-77.40000305,2.431997795,2.571614394,2.382781139,-93.65625763,-76.29483795
spiny,-43.81449509,122.1329803,39.46609116,122.2287216,-57.57978821,100.6861725,408.2954971,-4.491356373,-88.18279582,12.04920197,-48.5,119.8457413,0.000837021,4.634841057,0.162504847,-51.62500381,-51.5520846,-54.63125229,129.13652,0.0922,41.3125,43.83333715,41.90625153,137.5000775,0.089239098,2.017914624,21.53854691,70,82.41666667,900,-44.37500381,-44.15625381,-50.82500229,-62.28125381,-59.40625254,-76.3187561,4.674806881,4.868871468,4.315335341,-90.59375763,-75.55944061
aspiny,-33.05535889,68.11071777,27.5714283,67.66785431,-46.79107285,51.43571472,246.9100937,-8.259821892,-81.93385534,3.478571415,-41.65625,65.61071777,0.000825714,3.007780605,0.126223776,-44.25,-46.10416794,-52.50390959,192.315024,0.03454,31.00000191,41.12500254,36.80078316,212.9688263,0.046483953,2.611999488,13.27773317,40,43.04166667,340,-35.65625,-38.01041667,-41.85547161,-46.28125381,-46.12500254,-70.2695322,3.101213481,3.233912814,3.017909613,-92.96875763,-69.35978699
aspiny,-39.92492294,113.8856735,36.98513794,113.5777435,-54.08498383,84.03810883,376.408488,-9.649390221,-101.1240397,1.231326222,-49.64024353,110.5564041,0.000796585,3.722765486,0.265118454,-52.46875381,-50.90625254,-55.67708588,420.26288,0.00938,43.12500381,47.69791921,45.75,216.5625393,0.090869784,2.041581824,7.461362431,70,70.41666667,210,-41.3125,-40.4270846,-49.82291921,-56.96875381,-52.12500381,-77.58333588,3.883415669,3.928214831,3.805467637,-101.5625076,-77.14401245
aspiny,-39.36848831,176.1649323,28.11805534,175.2291718,-60.28472137,145.8177032,314.6746031,-4.893663406,-99.3406994,6.813367844,-57.42361069,167.2552032,0.00077,3.171405382,0.195938375,-58.87500381,-59.41667048,-61.30729548,238.468528,0.11906,27.3125,29.39583397,33.10937627,219.062537,0.08619938,1.326791936,14.42046892,90,83.625,370,-38.1875,-42.54166921,-43.7083346,-62.34375381,-63.33333588,-70.48958588,3.078839871,2.952566526,2.586492401,-92.71875763,-68.81996918
spiny,-43.70223999,260.5848999,34.07606125,261.5393066,-52.51631165,241.1289368,323.2985473,-1.882468581,-160.4982593,-1.210888386,-51.67885208,261.7751465,0.000613616,2.024944109,0.210344907,-51.96875381,-54.27083588,-55.35000076,103.040064,0.025115,23.59375191,45.05208588,35.36875,98.34442139,0.192859948,1.767180544,13.65890969,150,167.9583333,690,-43.78125,-44.6770846,-47.36250229,-55.71875381,-54.94792048,-69.13125153,2.094328217,2.392916265,2.252908128,-79.4375,-68.20192719
spiny,-43.87090302,219.6024628,28.23616791,219.1639404,-61.72336197,176.5860596,267.6984366,-7.244876862,-70.63563682,8.983606339,-58.12038803,205.7295074,0.001066967,3.796538169,0.230329468,-57.25000381,-57.61458588,-61.18750254,259.75872,0.05396,28.53125191,32.64583397,28.38541857,218.5937911,0.02898743,2.848832256,21.69334567,90,50.37499873,610,-42.65625,-45.15625381,-53.42708715,-62.31250381,-63.92708588,-82.50000509,3.514273875,3.854102209,3.949913102,-102.0000076,-81.90604401
aspiny,-30.57198715,120.453125,21.13671875,119.9642868,-59.04520035,113.9174118,229.636992,-0.96484375,-199.4308007,-6.446428776,-58.4017868,118.4508896,0.000508929,1.144925672,0.56339288,-60.96875381,-56.8020846,-61.84896215,249.251248,0.031335,25.50000191,19.3229173,26.3072923,207.6563239,0.146811292,2.058995968,18.35929767,70,121.2083232,610,-36.28125,-25.31250127,-42.8333346,-61.06250381,-56.97916921,-74.37500636,1.305550771,1.061426593,1.389967444,-96.96875763,-73.30742645
spiny,-34.74171066,311.704071,26.87882614,310.9489746,-50.51913452,241.4311218,238.134841,-8.945153236,-49.75807043,14.33227062,-44.73915863,290.665802,0.001318776,4.824109797,0.113404255,-46.5,-46.71875381,-50.55625305,127.874992,0.08734,31.78125191,30.62500191,30.32500153,94.84378994,0.090228997,1.101101312,22.26677749,170,109.1666667,1480,-35.12500381,-36.94792048,-44.12500305,-54.5625,-55.7395846,-74.68125153,4.530599724,4.245415163,4.114601676,-86,-74.01579285
aspiny,-36.24914551,100.3407516,21.1875,99.62329102,-50.0034256,84.70034027,216.7493777,-8.485873222,-85.42661341,0.685359597,-48.04708862,96.57020569,0.000797808,2.521025447,0.400171233,-50.84375381,-50.97916794,-53.85000305,491.303328,0.01844,29.00000191,31.1041673,30.63750114,249.2188662,0.066388756,1.761635456,15.01061248,50,44.25,350,-36.84375,-35.7083346,-43.78125153,-50.96875,-52.50000127,-72.68750305,2.699057253,2.77332226,2.960571603,-99.25,-72.13717651
spiny,-39.34114456,189.0694427,34.60243225,188.1111145,-55.64323044,138.4375,313.4793365,-4.515625,-77.0728536,15.98524284,-47.88888931,165.2361145,0.000965694,4.092503071,0.151875008,-47.28125381,-47.58333333,-52.49479421,295.526688,0.053705,35.28125381,41.37500127,40.01041921,171.2500453,0.025149094,2.2862848,20.44313372,110,67.58333333,889.999939,-38.50000381,-37.78125254,-47.06771024,-53.59375,-55.19792048,-79.38541921,4.19230517,4.153560463,3.788500967,-97.40625,-78.41603851
spiny,-41.98077011,299.4615479,29.99038506,299.634613,-58.98677826,222.4951935,360.9784802,-4.231971264,-93.42483067,9.555288315,-53.89904022,289.3990479,0.000778269,3.86585086,0.105357143,-51.65625,-50.17708588,-53.92500153,132.119824,0.0821,30.1875,32.17708333,33.87500076,181.8750054,0.069984041,1.783098624,28.85293699,50,36.875,870,-38.15625381,-38.41666794,-49.01875,-61.8125,-61.81250127,-71.64375153,3.615060083,3.736669678,4.154774055,-88.5625,-69.32039642
aspiny,-38.36256027,194.9635925,24.67900467,194.4648132,-52.28306961,166.8118896,263.631523,-3.190533876,-76.50532857,-1.217536449,-50.65321732,184.5400543,0.000854563,3.473833483,0.253218889,-53.65625381,-53.11458715,-56.57500153,222.887792,0.14006,26.50000191,26.4479173,29.53125114,179.5313209,0.029833993,1.410092416,19.153995,110,83.33333333,499.9999695,-37.09375,-35.2708346,-43.06875229,-54.50000381,-55.15625381,-68.1375061,3.277697075,3.293131996,2.61938133,-86.78125763,-67.04627228
spiny,-34.69643021,140.0404816,14.85803604,139.1988068,-47.74106979,110.3857117,166.9390279,-19.67023849,-59.96335959,-2.563988209,-42.99970245,129.3261871,0.001080952,2.803160186,0.29637931,-47.09375381,-48.6458346,-50.47917048,223.03024,0.04648,18.34375,32.11458588,25.56250127,229.1963995,0.056354038,1.638058752,19.68172078,70,70.08333333,690,-36.40625381,-37.03125,-35.16667048,-53.81250381,-53.79166794,-78.14584096,2.533918701,2.953259338,2.511521075,-99.375,-77.65691376
spiny,-37.70223999,212.0896301,33.31544876,212.65802,-53.36497498,165.4221649,302.2347605,-7.195165157,-81.12709893,12.69044781,-41.41214752,208.3443451,0.000877736,3.743422006,0.122825156,-44.125,-48.25000254,-51.33750305,165.862832,0.05648,30.90625,38.51041794,41.35000229,119.6875349,0.047501467,1.1547232,18.68581901,130,152.3333333,890,-35.71875,-37.09375127,-49.92500229,-52.46875381,-54.29166921,-80.23125458,3.911546162,3.481666933,4.269691364,-93,-79.38676453
spiny,-38.06793594,155.2554321,39.44701004,154.842392,-58.22282791,105.5380402,314.230682,0.53125,-95.56908979,20.129076,-46.21059799,151.4239197,0.000808043,3.285175181,0.129289952,-46.71875381,-47.12500127,-47.52604294,215.525728,0.04564,40.71875381,42.57291667,35.56771088,180.468753,0.165725932,2.187499776,18.74811274,90,100.125,989.999939,-39.8125,-37.26041921,-42.90625191,-56.09375381,-57.52083715,-77.87500254,3.548158853,3.181762614,3.31092767,-98.18750763,-77.56826019
spiny,-38.38116074,381.9013977,32.29753494,380.5193787,-53.7284317,307.4859009,293.5982243,-0.971830964,-53.02340825,19.15493011,-50.14920807,338.8714905,0.001409296,5.651083946,0.045825772,-49.90625381,-49.84375254,-52.75625305,161.063168,0.04724,38.56250381,42.71875127,45.41250305,173.4376848,0.074001551,1.416274048,28.83369934,170,88.45833333,1060,-39,-37.62500127,-49.07500153,-53.90625,-56.55208588,-75.64375153,4.999363972,5.334577854,5.083894835,-92.00000763,-74.41447449
aspiny,-32.41470718,212.9382324,19.96801376,211.5455933,-45.63566208,155.4117584,175.0253108,-11.22536755,-66.0038148,1.86470592,-42.4128685,201.5455933,0.000986118,2.606927198,0.023414455,-51.34375381,-43.60416794,-55.34375254,259.667584,0.00862,32.65625381,23.25000127,33.75000381,222.3438174,0.060621902,1.228529024,14.50503986,130,127.375,320,-37.875,-32.63542048,-45.52083588,-51.46875381,-43.78125127,-71.80208333,3.049944001,2.350035951,3.207298118,-95.96875,-71.3127594
aspiny,-36.41906357,240.9250031,29.62937546,240.1824951,-47.58781433,181.9012451,180.1064713,0.130937502,-78.44295522,11.00718784,-44.36437607,231.9524994,0.0010092,2.20681135,0.035301508,-53.90625,-45.66666921,-56.03125229,261.56688,0.01006,42.81250381,43.34375254,44.52500153,162.4998897,0.093535036,1.509326336,9.216501006,150,99.91666667,390,-45.34375381,-36.94791921,-49.76250305,-54.34375381,-47.27083588,-75.57500458,3.14436958,3.081289254,3.192771739,-92.62500763,-75.02708435
spiny,-39.45214081,407.0743103,28.625,405.0303955,-52.80236435,317.3569946,218.973414,-3.04194808,-78.72088739,11.62894154,-47.86598969,384.8896484,0.00092536,2.77234562,0.191477255,-51.4375,-51.69791794,-59.11979421,168.74608,0.03096,34.56250381,36.26041921,36.61458524,119.3749681,0.125625134,2.784519936,12.52313588,230,161.4166667,790,-38.03125,-36.84375254,-51.95833524,-54.50000381,-57.78125254,-80.19271088,2.949762474,2.532543006,2.690409258,-93.625,-79.41262817
aspiny,-33.52746201,148.5871277,27.44981003,147.1818237,-48.18560791,95.79924011,205.1428083,-6.298295498,-79.38857398,7.510416508,-40.81344604,142.2234802,0.000873939,2.548376856,0.006647157,-44.53125381,-45.3645846,-48.54687595,250.2328,0.015,32.375,30.94791794,32.43750095,167.0313627,0.069448583,2.340901888,10.81309049,90,102.4583308,320,-38.375,-31.59375254,-45.81250381,-48.34375,-45.4583346,-71.04687691,3.167733873,2.459275796,3.268788844,-88.28125,-69.91178894
aspiny,-34.98161697,133.6220551,40.95588303,133.0029449,-56.79301453,116.4279404,411.075113,3.313970566,-150.4934196,18.97389793,-55.12205887,129.0044098,0.000605882,2.734435017,0.34484978,-56.56250381,-56.66667048,-60.95000305,281.532576,0.05132,41.03125381,40.64583588,41.97500076,247.3437488,0.059555471,1.830891264,11.94711729,80,74.20833333,340,-34.625,-35.11458588,-39.64375229,-58.78125,-59.75000381,-70.9250061,2.638860545,2.717674167,2.307448268,-96.62500763,-70.48706055
spiny,-34.29476166,366.9358215,35.13091278,364.8969727,-49.03420639,283.596283,229.4364155,0.635557413,-85.91122014,15.32390213,-42.6452713,352.6351318,0.000921351,2.666504549,0.155346608,-47,-46.92708588,-55.09375254,209.971936,0.03378,40.78125381,42.72916921,42.32291794,136.5624219,0.132638186,1.388856576,14.18189487,210,187.8333333,860,-33.96875,-33.76041794,-46.93750254,-47.87500381,-49.72916794,-81.25000509,2.718901412,2.528137353,3.060707247,-95.50000763,-80.05062103
aspiny,-34.41576004,368.5307922,30.35507202,368.2581482,-49.09805298,297.7019958,333.1926094,-2.858695745,-84.49144602,12.37318802,-46.83401108,357.5860596,0.000756232,3.975819419,0.191755315,-49.21875,-52.07291921,-60.36875229,206.282848,0.23472,27.84375191,28.03125127,34.08750076,140.3125376,0.040189486,2.383803904,7.84301731,210,158.9166667,520,-32.46875,-34.95833588,-39.89375229,-50.25,-53.67708715,-74.07500153,3.501589075,3.424519366,2.961280221,-89.21875,-73.25891113
spiny,-35.22043991,443.4544067,17.58361435,441.0641785,-49.94467926,323.1047363,140.6385838,-7.388936043,-70.86418123,1.149070978,-44.48184204,423.5473022,0.000900946,1.93601614,0.00969764,-43.43750381,-43.97916667,-52.48750229,155.913216,0.032295,24.25,23.8645846,33.30000076,154.2188227,0.161058441,2.37448448,14.93066827,250,287.0416667,770,-29.71875191,-29.79166794,-49.63750305,-48.5,-47.62500254,-79.12500458,2.181876568,1.789135597,2.625994846,-94.68750763,-77.58254242
aspiny,-39.97861862,156.7697296,27.51041603,156.6754456,-59.04769897,150.3486786,314.1498905,-3.036184311,-191.1971125,-8.262609482,-58.4599762,155.3464966,0.000503684,1.638505974,0.260583953,-59.71875381,-58.53125191,-60.92187691,235.200512,0.02047,28.90625191,34.10937691,32.64062691,190.1787072,0.059861992,2.181601792,14.68090642,90,101.3125,390,-44.03125,-42.859375,-46.1875,-59.84375381,-58.65625191,-71.04687881,1.876109341,1.927138885,1.960299448,-92.5,-70.54975128
spiny,-35.1015625,144.7215881,43.54758453,144.0596619,-55.33806992,109.8892059,445.0486041,0.985795438,-104.9010422,18.265625,-48.03764343,139.0795441,0.000779318,4.250014892,0.247765378,-46.93750381,-48.20833333,-50.6875,183.174256,0.05578,47.65625381,48.52083588,47.67187786,195.0000376,0.050107703,2.7984512,22.29669639,70,60.29166158,790,-34.46875,-34.96875127,-43.50000286,-52.46875381,-54.06250254,-78.17968941,4.217187821,4.067239978,4.417165886,-98.00000763,-76.73403168
spiny,-42.42992401,179.3143921,30.21875,179.1022797,-58.51988602,124.227272,228.7932861,-5.612689495,-61.6764555,14.95549202,-48.75094604,165.6287842,0.00116,3.719389568,0.184328916,-48.8125,-45.90625254,-52.52500305,224.515216,0.04119,35,36.33333588,34.31250153,162.9687101,0.034428075,1.70821696,19.05479751,90,89.20833079,740,-41.53125381,-38.3125,-49.90000229,-56.0625,-55.41666921,-83.92500458,3.530282122,3.254957719,3.475925073,-99.46875,-83.63230133
spiny,-35.55852127,673.7386475,24.69375038,671.5045166,-50.24658966,508.536377,143.1548142,1.685795426,-55.05898475,10.5181818,-44.09943008,638.5272827,0.001221091,2.618134649,0.007366073,-46.56250381,-42.21875,-49.66666794,173.277776,0.0365,29.93750191,27.76562595,34.50000127,133.5714608,0.037006374,1.122430464,20.39311168,390,407.3125,1200,-35.78125381,-31.265625,-47.0833346,-49.0625,-47.87500191,-71.45833842,2.541528184,2.221852739,3.217697364,-85.1875,-71.14560699
spiny,-37.00735474,202.8088226,33.60202026,203.0147095,-58.18290329,152.4926453,314.1217963,-2.663602829,-95.48113928,12.80882359,-50.55974197,204.4227905,0.000824853,3.294585688,0.189556532,-50,-49.43750127,-51.68750254,165.977264,0.050805,36.09375381,42.46875254,41.15625254,181.0937524,0.040950172,2.345568512,16.83664402,110,60.33333333,920,-33.84375381,-34.89583333,-48.15625254,-57.34375,-56.69791921,-83.29166921,3.133344297,3.525713435,3.852868253,-100.0312576,-82.33110046
aspiny,-30.28477859,141.0020142,19.28074646,139.9516144,-43.48286438,97.72782135,117.8065697,-4.300907135,-58.41476272,-0.150705695,-39.59223938,133.7217712,0.001126774,1.926321869,0.007258065,-49,-45.59375254,-54.01562818,462.861888,0.00832,31.1875,33.6041673,33.36458492,208.593756,0.052547511,2.612122112,9.511966317,90,77,249.9999847,-42,-33.33333588,-45.94271088,-49.21875,-45.7083346,-75.18229802,2.928973776,2.445642708,3.077162366,-98.37500763,-74.83985138
spiny,-36.33481979,109.8571396,34.78868866,110.0892868,-55.38541794,76.82142639,319.926761,-4.120535851,-115.4135754,9.186012268,-49.42708206,110.0059509,0.000736667,2.771903282,0.266867472,-51.375,-49.45833588,-50.7083346,190.354144,0.02255,36.56250381,40.96875254,38.96875,290.6248868,0.062573187,1.18602304,28.56136419,30,39.33333333,400,-34.90625381,-33.60416921,-41.68750254,-57.28125381,-54.57291794,-66.69791921,2.637509286,3.02009991,3.328014298,-95.90625763,-65.02528381
aspiny,-35.83641434,252.2009583,16.92172432,252.5727539,-49.43569183,246.9031372,225.5859996,-5.079983711,-141.5779958,-1.923633456,-49.02743149,251.1607666,0.000542701,1.582875765,0.824418619,-51.03125381,-46.8020846,-48.96250381,205.226976,0.01606,24.53125,11.33333397,20.85625114,130.3124577,0.035387091,3.099859968,7.140774783,160,178.875,560,-36.56250381,-29.39583524,-40.41875305,-51.15625381,-48.21875127,-76.00000305,1.682119476,1.720335409,1.936614339,-91.28125763,-76.2219162
spiny,-34.83217621,156.0601807,39.80902863,155.5324097,-57.44907379,106.245369,328.2795915,3.58217597,-100.3600792,15.0370369,-45.00115585,148.7407379,0.000800185,3.269877033,0.156308658,-46.15625,-44.28125,-52.265625,172.576816,0.05263,43,45.00000254,47.17187786,164.5312905,0.058383729,1.911780736,19.30787185,90,70.20833333,900,-34.125,-32.90625127,-46.68750095,-52.90625381,-52.78125254,-82.5390625,3.361573266,3.617940013,4.220433425,-100.7812576,-82.52419281
spiny,-33.92113113,146.7678528,41.3303566,146.1607208,-49.8883934,98.94642639,285.8034262,7.343750954,-111.5667411,19.01041603,-42.04018021,142.4702454,0.000738571,2.565332228,0.122235031,-44.8125,-43.03125381,-51.28125153,153.991008,0.03987,47.125,46.59375127,51.87500229,250.4687905,0.154492259,1.260727808,31.28702822,80,81.16666667,530,-35.3125,-28.75000191,-41.46875153,-50.25,-47.18750381,-66.87500153,2.926943926,2.735495336,3.048107525,-89.28125,-66.11672211
spiny,-38.70437622,107.1825027,28.07500076,106.7799988,-55.67062378,86.29250336,277.7182419,-8.885000229,-76.77826663,11.31062508,-47.70000076,101.8700027,0.0009182,3.621497132,0.192950407,-49.25000381,-48.96875254,-53.96250305,147.804848,0.057675,31.28125191,35.6770846,35.72500153,166.4062589,0.03985393,1.52146176,24.65776354,70,82.20833333,860.000061,-38.9375,-37.41666794,-46.90625229,-56.3125,-56.77083715,-78.45625153,3.736073725,3.625312601,3.994647243,-90.84375,-77.93802643
spiny,-40.03794479,225.5297546,40.31547546,225.6755981,-53.05208206,171.5178528,342.0488345,-4.098214149,-112.3738404,9.872023582,-47.36011887,222.5089264,0.00080381,3.04599421,0.196525693,-48.34375,-51.37500381,-52.84375381,170.956368,0.0445,44.31250381,47.73437881,42.34375,107.3318347,0.18774496,1.473906688,17.45367612,130,100.625,969.999939,-40.4375,-42.35937881,-47.50000381,-54.3125,-56.25000381,-72.125,3.370047732,3.457898855,3.294015424,-85.8125,-72.15245819
spiny,-39.13031769,201.7393646,42.1283226,201.0478668,-53.69481277,155.8218079,386.4769354,6.59773922,-111.2830752,9.490691185,-43.08909607,195.8856354,0.000682872,3.478227834,0.17387642,-46.56250381,-47.29167048,-50.51250153,124.2884,0.048245,44.1875,50.15625381,50.21250153,121.5625405,0.192191586,1.722572672,17.69995655,120.0000076,119.4999924,979.999939,-43,-39.29166794,-46.25000229,-57.00000381,-54.12500254,-72.22500305,3.716896147,3.841395477,3.577437687,-84.34375,-70.8589325
spiny,-41.81439209,74.65530396,8.239583015,74.63257599,-59.89204407,57.15530396,153.3440975,-23.19791603,-61.81857381,-8.68087101,-48.58143997,73.75,0.000964242,2.480920338,0.136880466,-45.50000381,-48.83333588,-52.40625305,154.061072,0.06842,23.75000191,39.6458346,31.37500114,226.5624255,0.097914793,3.734386944,32.80755456,50,65.83333333,830,-36.40625381,-37.56250254,-40.05625229,-57.65625,-56.96875381,-73.28125153,2.587378426,2.70476971,2.631166679,-97.59375763,-73.26587677
spiny,-30.43172646,297.8804321,21.28091049,296.7065125,-42.5390625,212.6440277,121.9124892,-11.511549,-47.71857131,4.061141491,-35.84850693,264.7771606,0.001292826,2.565761462,0.174621214,-46.90625,-46.91666794,-53.82500153,162.225472,0.04248,33.37500381,37.34375,35.90000229,160.1562798,0.16462265,2.488607232,14.96308816,170,188,690,-33.65625,-32.06250064,-46.53125153,-48.03125,-49.7083346,-76.80000458,2.459218383,2.379273395,2.887258533,-93.96875763,-76.33598328
spiny,-36.63172531,350.3243713,33.5723877,350.142395,-48.54470062,275.6281738,291.4543737,-0.538765848,-68.27413244,19.55933571,-42.00593185,319.5031738,0.001048228,4.447153019,0.159429314,-43.12500381,-43.67708588,-45.09375191,107.266272,0.06217,35.68750381,41.41667048,38.25781441,91.25000238,0.042005245,3.056631296,14.5823818,209.9999847,191.25,1330,-39.71875,-38.76041921,-47.00000191,-52.53125381,-52.46875381,-78.83594131,3.927815544,4.184965538,3.881849891,-88.5,-78.79210663
aspiny,-36.60351563,171.6582031,21.48730469,171.2226563,-52.66796875,131.7597656,237.8021189,-7.932617188,-68.8932358,-7.192871094,-48.75927734,164.4570313,0.000942813,3.470756309,0.243258427,-51.03125381,-53.33333715,-53.75625305,362.439072,0.0529,25.03125191,27.71875127,29.20000114,167.6562876,0.008292002,1.74787328,9.420666196,90,81.70833333,479.9999695,-34.34375381,-37.34375254,-42.48125229,-54.81250381,-59.03125254,-76.02500153,3.371439116,3.248979722,2.613203769,-88.43750763,-75.72753143
aspiny,-44.60763931,280.2986145,16.53888893,280.2361145,-52.85086823,236.7326355,192.3225521,-5.299305439,-57.70755788,-8.265625,-49.26649475,266.0451355,0.001035333,3.431211947,0.3121063,-52.65625381,-49.45833588,-60.10937691,156.572112,0.03728,19.00000191,21.96875191,23.55468893,95.15625238,0.064974234,1.10367424,5.897970497,180,187.5,650,-43.09375381,-41.10416667,-45.87500191,-54.875,-52.23958588,-75.36718941,3.007957228,3.439152092,2.371974246,-85.78125763,-75.4344635
aspiny,-41.98675156,315.4429321,15.6932745,314.3260803,-57.69599152,284.3532715,254.0932618,-8.277513504,-172.8541084,-11.59986401,-56.85835648,309.1834106,0.000499293,1.455091712,0.046182496,-60.34375381,-57.1458346,-64.00625,143.166624,0.029035,25.84375,23.33333524,28.31875153,111.8749976,0.056572303,1.885606912,10.17207795,170,248.9583282,720,-47.09375381,-40.4895846,-48.11875076,-60.50000381,-57.21875254,-77.42500305,1.780832542,1.585779505,1.796590249,-89.65625763,-76.96117401
aspiny,-27.14663506,236.2660217,16.65304565,234.7019196,-46.76522446,210.7660217,136.1856781,-1.599358916,-93.02379224,-5.347756386,-45.74359131,227.0544891,0.000813846,1.435199215,0.02325887,-54.50000381,-50.71631041,-56.85625153,234.62376,0.0156,29.78125191,32.17722328,31.30000191,222.0312059,0.033043683,3.079549696,18.74751968,130,124.6283661,400,-32.46875,-36.06260131,-37.60625,-54.5625,-54.58113716,-64.38750229,1.576461467,2.86741523,1.447164807,-86.71875,-62.59483337
aspiny,-41.41249847,14.09642887,35.0669632,14.125,-63.59375,12.85000038,366.9837357,-0.155357167,-114.5516515,15.07678604,-58.97142792,14.23214245,0.000731429,3.206072713,0.315163934,-57.53125381,-56.42187881,-58.10937881,375.32704,0.01464,38.125,38.453125,37.734375,378.1250119,0.015809784,1.053661568,24.05987683,10,13.375,200,-40.81250381,-40.796875,-43.71875191,-62.46875381,-62.01562881,-64.32813263,3.070098636,3.092480864,2.695125933,-80.00000763,-59.17675018
aspiny,-32.73701477,368.9992981,8.653999329,369.480957,-52.92512131,365.9054565,218.6357086,-12.89672756,-154.9303091,-9.058950424,-52.66032028,368.4148254,0.000482438,1.404305475,0.768394416,-56.18750381,-52.85416794,-59.43750318,212.87088,0.01172,13.15625095,6.437500318,17.02604294,130.9375018,0.039021503,1.120363264,9.895778524,240,225.7916667,630,-32.71875,-27.0729173,-40.62500127,-56.3125,-53.14583715,-71.90625127,1.37807215,1.074557617,1.496736261,-84.78125,-70.6496048
aspiny,-39.50323105,84.36206818,21.55818939,83.96551514,-57.70043182,67.70258331,325.7682554,-5.421336174,-208.5726103,-6.366379261,-55.40625,82.85775757,0.000416552,1.557851928,0.44254717,-58.09375381,-55.42708715,-57.55468941,254.789808,0.03099,25.71875,27.40625064,27.34375095,238.2814437,0.055292428,1.698825856,27.94139988,50,48.5,550,-43.03125381,-40.73958588,-41.73437786,-58.90625381,-57.12500127,-69.17187786,1.626058537,1.617579257,1.619903041,-97.125,-71.18418884
aspiny,-46.98020172,410.0330505,20.37262726,410.584259,-65.12193298,409.9152527,324.76335,-4.447889328,-251.9651643,-8.790616989,-64.98969269,410.701416,0.000410596,1.290753497,1.474431746,-68.5625,-62.2708346,-69.47916667,152.78832,0.004995,27.28125,17.84375,31.60937564,122.187458,0.011058263,1.261409152,6.638189675,249.9999847,239.9583333,370,-48.12500381,-34.71875,-51.25521024,-68.65625,-62.45833333,-75.75521088,1.316318086,1.211472142,1.346668141,-99.59375,-75.73974609
aspiny,-37.87362289,298.3088379,24.14935684,298.0533142,-56.75827026,235.4834595,305.1976182,-5.577205658,-62.46495373,-3.125919104,-52.45772171,284.0330811,0.000925882,4.915676406,0.173039648,-56.40625381,-53.65625191,-54.13750229,174.027872,0.08116,23.90625191,29.85937691,27.40000153,117.1875373,0.015481035,2.357521408,9.117180618,170,93.375,910,-36.25000381,-55.93750381,-43.22500153,-58.81250381,-61.89062691,-79.22500153,4.656766193,3.589879639,2.621639683,-90.37500763,-77.9642868
spiny,-38.00986862,202.5822296,35.07730103,202.6184235,-58.18338776,156.6151276,385.8503683,-1.820723653,-108.39841,8.662006378,-50.93338776,199.4967041,0.000754079,3.567304333,0.221169329,-51.03125381,-50.26562691,-52.70312691,214.56,0.124575,30.25000191,31.60937786,30.20312691,267.187506,0.090898439,1.759200256,33.36995721,50,50.625,670,-36.71875381,-36.48437881,-42.07812881,-56.90625381,-56.43750381,-80,3.193759419,3.047352138,3.158922178,-93.5,-78.85870361
spiny,-43.19749832,343.9725037,37.60343933,344.6224976,-52.54375076,256.4837646,288.169575,-3.3671875,-68.0908872,17.46750069,-47.72031403,323.9400024,0.0011646,4.394246226,0.189999999,-46.53125381,-44.52083588,-51.34896088,117.860512,0.0233,42.28125,49.37500127,43.40625318,118.2813272,0.004260017,1.286025216,12.58364961,210,155.4166667,700,-43.625,-41.4583346,-45.46354485,-51.75000381,-51.96875381,-73.07812881,3.480022098,4.02438369,3.710417538,-83.40625763,-72.61104584
spiny,-39.25582504,108.4025421,28.90783882,108.2309341,-55.75211716,85.1355896,281.2338276,-12.32997894,-99.84190806,0.992584765,-49.70338821,106.0211868,0.000837797,2.816744803,0.235501066,-53.8125,-52.57291921,-59.01562691,215.196992,0.0387,29.375,30.5104173,24.80468845,254.0625036,0.289511502,2.10208256,21.87997083,70,69.125,760,-42.46875381,-40.5833346,-38.85937595,-58.9375,-59.5833346,-77.5078125,2.921404395,2.908960921,2.384370917,-95.28125,-77.1006546
aspiny,-45.33708954,163.2233582,9.984631538,162.5020447,-55.97438431,121.1557388,173.5325191,-13.87807369,-56.76102839,-13.83504105,-50.73873138,149.6434479,0.001028852,3.073362871,0.566666667,-51.6875,-50.98437881,-55.82291921,214.127104,0.0212,12.21875095,12.98437548,19.21875064,204.6878785,0.102667302,3.44266752,8.901102724,90,70.3125,499.9999695,-42.62500381,-42.09375191,-46.23958588,-55.03125,-54.14062881,-71.64583842,2.81582662,2.973117521,2.662596889,-84.12500763,-69.77774811
spiny,-36.36779022,148.1217957,31.09134674,147.7724304,-55.0809288,112.6891022,264.9611268,-7.62339735,-72.87449599,12.92067337,-47.7628212,136.6314087,0.000993462,3.645245254,0.194509346,-46.46875,-47.56250254,-47.515625,197.70776,0.03979,35.43750381,37.5208346,31.13281298,183.7500334,0.040837564,2.804365824,19.45236835,70,67.79166667,860,-36.71875381,-36.19791921,-42.5234375,-56.81250381,-56.46875127,-79.52343941,3.796736898,3.637340018,3.486631414,-98.96875,-78.25349426
aspiny,-39.13418961,51.47426605,22.42922783,51.5,-58.73161697,47.30882263,281.3803829,-5.842830658,-177.5671874,-6.5,-57.67003632,51.48897171,0.000505882,1.582636602,0.696521724,-58.90625381,-58.48958588,-59.15625254,441.202464,0.017455,25.65625191,29.5729173,27.96875127,380.7812333,0.21815221,1.225469184,18.25238563,29.99999809,29.625,300,-41.53125381,-39.58333588,-39.8958346,-59.06250381,-58.68750127,-69.71875254,1.668993171,1.690305794,1.661077384,-98.65625,-69.42362213
spiny,-35.68990326,149.9739075,31.79327011,149.6620941,-53.20775986,125.9134598,282.0059341,-6.584134579,-83.27138501,10.71153831,-47.10748672,144.5576935,0.000900495,3.396653509,0.199621221,-48.34375,-45.84375254,-51.77343845,244.460368,0.044355,33.8125,37.89583588,36.09375191,178.2811731,0.053481624,2.658587136,18.6733565,90,66.75,820,-34.96875381,-32.39583397,-42.84375191,-54.40625,-57.16666794,-79.89843941,3.334551743,3.38663802,3.619536512,-96.09375,-79.43058777
aspiny,-36.57927704,304.2969055,4.205240726,304.6288452,-55.46993637,302.8574829,223.3832526,-14.54839706,-168.740854,-14.60043049,-55.29780197,304.2535706,0.000418278,1.321178545,0.801547863,-55.81250381,-55.25000127,-59.00000286,225.53072,0.10541,3.25,7.250000477,12.50781322,131.2503815,0.06138581,1.388675328,8.352164348,190,184.4166667,205,-32.46875,-32.68750127,-45.23437595,-55.96875381,-55.40625127,-66.72656631,1.170665048,1.210289315,1.451000358,-95.6875,-66.20353699
spiny,-48.24083328,150.3716736,43.02083206,150.5,-57.2179184,117.4199982,345.5255365,0.985000014,-136.1755378,11.40750027,-52.95124817,148.8183289,0.000752267,2.54056412,0.348521141,-55.81250381,-53.38541921,-56.03125153,100.70636,0.0266,45.96875381,47.6458346,43.27500305,147.4999189,0.137995809,2.00816896,14.94304281,90,102.0416641,509.9999695,-47.09375381,-45.43750254,-51.49375381,-58.03125381,-56.47917048,-75.10000458,2.655570736,2.699491898,2.751143081,-90.90625763,-74.17324829
spiny,-38.87656403,315.28125,33.046875,314.5437622,-57.18125153,208.1125031,324.2189518,-12.37187481,-85.07280707,11.51093769,-47.1796875,303.1000061,0.000893,3.831512065,0.122216555,-48.25,-47.91666921,-49.33750229,153.988144,0.06148,36.25000381,38.29166921,32.95000076,153.4374654,0.004191252,1.325533952,27.58124621,110,101.7916667,1100,-38.6875,-36.60416667,-42.51875153,-56.21875381,-55.31250127,-75.9625061,3.771587762,3.603545163,3.492694324,-91.65625,-75.48875427
aspiny,-32.3125,541.3884888,12.96745014,543.6499634,-51.22374344,545.6312256,266.0691547,-7.753691673,-200.3064213,-7.908277988,-51.06790924,546.7167358,0.000375815,1.32842505,0.337985899,-56.4375,-55.70833333,-61.31250305,164.325392,0.00585,17.53125,16.71875,24.19375076,111.0937446,0.118812509,1.323631872,6.009915682,350,275.5833333,570,-32.375,-28.0625,-41.08750153,-56.53125,-55.80208333,-74.20625,1.31424757,1.12103941,1.341446408,-86.9375,-72.93473053
spiny,-38.28672028,116.7624969,41.46562576,116.4906235,-57.90312576,90.07499695,401.5988475,0.095312491,-105.797712,18.16015625,-49.99452972,111.0500031,0.000787,3.799419736,0.188099916,-51.50000381,-52.06250381,-54.06250381,200.82352,0.04922,44.78125381,46.65625381,45.98958715,188.9063269,0.017620983,1.061475968,30.69463408,70,55.1875,760,-39.09375,-37.85937691,-47.16667048,-58.09375381,-59.43750381,-76.18750509,3.891808968,4.101493956,4.11386182,-96.03125763,-75.09128571
spiny,-37.21344376,63.49056625,29.335495,63.32546997,-49.52004623,45.74528122,192.2850017,-10.21226406,-70.40001934,7.380896091,-42.49705124,61.14858627,0.001095472,2.729780761,0.171095008,-48.37500381,-45.26041921,-50.90625191,264.674112,0.0211,38.03125,47.67708588,40.19062614,246.2500334,0.130676538,1.616621568,19.83520304,30,30.29166603,280,-39.5,-37.13541921,-44.05312691,-53,-50.35417048,-63.98125229,3.291142644,3.945565734,3.61381216,-91.03125,-63.28476334
aspiny,-33.33143997,90.5568161,32.65151596,90.61363983,-56.30965805,83.92424011,326.4975397,5.377840996,-263.5433068,-2.607954502,-55.21875,90.65151215,0.000407273,1.236457426,0.544505495,-58.09375381,-58.78125254,-59.75000381,352.433632,0.02671,35.34375,34.42708333,34.32031536,150.000006,0.254479915,2.245753856,16.54419791,50,49.875,419.9999695,-37.3125,-36,-42.06250095,-58.09375381,-58.91667048,-70.05469513,1.359474061,1.321813607,1.4283511,-101.9687576,-69.6007309
aspiny,-37.12065887,173.8663177,36.0342865,173.3836823,-50.40364456,132.4357605,393.7388682,-0.524305582,-121.6205544,18.65104103,-47.46137238,168.609375,0.000628333,3.26970075,0.331889597,-49.09375381,-47.25000254,-55.57812786,204.10736,0.0156,40.65625381,40.16666794,40.32031441,225.9375006,0.078908361,2.651252224,19.99026337,90,95.125,340,-38.59375,-37.70833333,-47.49218845,-49.31250381,-50.1770846,-72.45312881,3.117019449,3.375084687,2.392179811,-97.59375763,-71.82089996
aspiny,-43.00664902,138.627655,18.3610363,138.6675568,-58.16090393,126.3297882,308.3446365,-10.71077156,-182.350704,-9.77726078,-57.41223526,137.9494629,0.000466489,1.684632649,0.12551188,-58.18750381,-58.47916921,-61.10000229,158.939984,0.029015,5.0625,29.96875127,23.86250076,167.9463238,0.0235493,1.747350784,20.08252222,70,105.9583308,390,-47.96875381,-43.79166921,-44.94375076,-58.34375381,-58.63542048,-68.91875305,2.118412585,1.811985847,1.953717718,-87.125,-68.340271
spiny,-37.49279022,280.4014282,38.3203125,279.7475891,-50.85697174,227.2427826,348.180538,5.079327106,-90.22999072,12.37379837,-41.20793152,270.8125,0.000791058,3.874721219,0.132248522,-43.18750381,-45.68750127,-50.10937691,103.000992,0.038815,45,47.71875,45.41146151,90.1562497,0.176212117,1.890951168,15.49359121,160,142.9583282,1170,-40.62500381,-40.8958346,-48.31771088,-55.50000381,-53.69792048,-72.50521215,4.48914108,4.298052699,4.058319113,-82.78125763,-71.91203308
spiny,-36.07247162,95.9601059,40.73271179,95.92819214,-56.13497162,76.375,355.9554142,3.226728678,-100.6174739,14.63364315,-51.0851059,94.21276855,0.000849574,3.54428769,0.29542744,-50.96875,-48.40625254,-51.66666985,214.675552,0.017215,45.3125,44.3645846,50.36979421,332.477659,0.014914497,2.746614272,26.088915,50,31.29166667,419.9999695,-36.71875381,-30.8958346,-43.72916794,-54.43750381,-55.78125254,-69.90625254,3.809519916,3.185442157,4.55989962,-101.0937576,-67.94602966
spiny,-36.31962585,224.0219269,29.94298172,223.3903503,-55.98245621,174.0986786,313.4357315,-4.928728104,-112.9006668,5.580592155,-49.56140518,216.9868469,0.000696404,2.778562856,0.318281278,-50.46875381,-48.87500127,-51.86719131,296.119104,0.02121,37,42.77083715,43.3359375,240.6249046,0.047233488,3.322847232,16.58746808,110,56.70833079,670,-34.875,-33.20833588,-45.29687595,-55.78125381,-54.98958588,-82.03125381,2.864784586,2.928158195,3.450471041,-99.90625763,-81.44882965
aspiny,-41.49700546,774.3000488,13.51845741,775.8869629,-57.79514694,774.7126465,278.6833474,-11.10044861,-196.1936333,-9.052380562,-57.66683197,777.1682129,0.000444766,1.421616128,0.477688172,-54.50000381,-54.12500127,-59.14375229,106.718336,0.03956,7.750000477,15.1354173,20.31875114,63.28136474,0.016578984,2.161423104,7.504483551,550,341.0416565,1050,-30.87500191,-32.26041857,-44.22500153,-54.68750381,-54.21875381,-74.55,1.175222477,1.414316168,1.57019435,-80.78125,-73.92697906
aspiny,-47.38020706,91.69791412,14.98177052,90.77083588,-62.046875,88.36458588,159.1483976,-9.223958015,-90.01375748,-16.1640625,-61.92708206,88.52083588,0.000925833,1.766272459,0.433705357,-65.28125,-64.80208588,-63.64843941,264.114592,0.005575,22.87500191,23.4895846,18.78906345,124.8437911,0.019723255,1.749675776,19.49561598,50,28.0833346,100,-51.90625381,-50.55208588,-52.21093845,-65.31250763,-64.94791667,-63.82031822,2.06756546,2.109309026,2.120701895,-73.00000763,-57.76845169
spiny,-37.20833206,200.8529358,39.32659149,200.5931396,-54.00122452,155.2867584,383.9742191,2.448529482,-129.8974614,13.40012264,-47.20036697,198.159317,0.000644608,2.955846149,0.262312732,-45.18750381,-44.53125254,-46.50000305,204.612864,0.062435,42.125,41.09375127,43.05000229,182.0313334,0.028589446,1.827154432,24.55607334,90,80.45833333,820,-32.625,-32.8333346,-46.81875305,-53.62500381,-51.95833588,-75.12500458,2.980372065,2.9897993,3.742388645,-93.5,-74.33273315
spiny,-46.47343826,126.0479202,44.95260239,126.09375,-55.81927109,99.74375153,424.9478273,0.983854175,-144.1990667,-2.614062548,-52.46979141,125.4791641,0.0006965,2.951332469,0.213258861,-52.12500381,-50.92708715,-53.84896024,124.395336,0.031875,48.31250381,51.25000127,47.97396024,119.3749234,0.15960598,1.608829952,16.09245099,80,85.91666667,610,-46.78125381,-45.44791794,-48.22916921,-59.8125,-57.46875381,-69.95833969,3.160055504,3.373940431,3.11863141,-81.40625,-67.95308685
aspiny,-41.15080261,560.6268311,8.221776962,561.7808838,-56.77625656,557.1710205,336.1740626,-15.03518486,-238.4416416,-12.5955658,-56.5018158,563.3144531,0.000304383,1.411521426,0.577354454,-57.78125381,-57.0833346,-61.50625076,112.281272,0.099825,7.4375,17.18750064,12.40000019,66.56242162,0.079111926,2.13018944,6.852310829,350,371.1666667,1030,-36.3125,-35.87500127,-45.38750076,-57.90625,-58.09375,-82.35625305,1.270065294,1.286949049,1.409169637,-97.53125,-82.11767578
spiny,-34.578125,208.5551453,46.51378632,208.0036774,-51.19944763,152.8419189,377.198685,8.087316513,-92.90187237,26.65716934,-41.85753632,196.2058868,0.000838676,4.063341915,0.087690182,-42.81250381,-44.62500127,-46.79375305,106.513552,0.097435,48.5,49.05208588,49.65000229,129.8437864,0.119937629,2.939289856,28.57791279,110,107.4583308,1290,-34.6875,-36.59375,-44.06875229,-53.6875,-54.77083333,-70.01875305,4.111181037,4.210499272,4.017870873,-82.9375,-68.98879242
aspiny,-36.33378601,258.9202881,21.30208397,258.1829834,-51.97644806,222.3985443,292.1699633,-10.09556198,-147.9286074,-6.457427502,-50.28442001,255.2807922,0.000532899,1.955463923,0.034902599,-52.53125381,-50.46875381,-56.05208524,148.146928,0.014615,25.81250191,26.3020846,31.75000127,108.9062542,0.113172136,2.040618368,9.775007533,150,183.1666667,410,-40,-36.6458346,-48.95312754,-52.68750381,-50.5520846,-72.24479675,2.258322952,2.051623297,2.527919247,-85.25000763,-71.09801483
aspiny,-40.11391068,132.4294281,26.16280174,132.5463715,-57.70463562,108.6693573,193.278954,-5.207661152,-70.97484132,9.52318573,-49.17943573,129.2076569,0.00102129,2.718171114,0.152328431,-50.8125,-50.06250254,-54.67187881,346.924064,0.02874,32.65625381,35.91666921,32.50781441,258.1250668,0.052737094,2.262951424,39.00515171,90,49.75,800,-44.03125,-40.41666794,-47.34375,-54.75000381,-60.98958715,-76.8515625,3.014188971,2.953301434,3.031981806,-100.8437576,-75.43963623
spiny,-34.64930725,311.652771,43.59201431,312.409729,-55.16666794,219.2291718,407.8593565,3.611111164,-85.18850005,22.61111069,-47.19618225,296.847229,0.000891111,4.791903319,0.122000002,-46.28125381,-54.3125,-52.19531441,168.235632,0.05262,47.50000381,45.54166667,50.62500381,106.8749577,0.111309104,1.698604544,20.4421397,150,90.29166667,820,-34.625,-41.62500381,-49.93750286,-55.00000381,-60.42708588,-70.92969322,4.822734637,4.063903836,4.359240543,-82.40625,-70.39230347
aspiny,-42.13391876,548.5593872,10.45130253,549.0406494,-56.64368439,541.1408691,329.7644006,-16.98613358,-228.4591352,-9.724609375,-56.38333511,548.8377686,0.0003485,1.443738487,0.799287653,-60.65625381,-59.57291794,-63.45000229,146.91056,0.01584,14.50000095,16.70833333,17.66875038,64.21886384,0.072095767,1.595239552,4.690302466,330,332.0833333,750,-38.50000381,-36.60416921,-48.62500076,-60.78125,-59.68750254,-76.85625305,1.277846053,1.274528672,1.429384568,-83.15625,-75.56083679
spiny,-42.03645706,633.9916382,26.12812424,633.2999878,-57.609375,452.875,285.8539038,-4.395833492,-56.18230756,10.63125038,-51.94374847,599.8499756,0.0011935,5.245168579,0.055714286,-48.75000381,-48.69791667,-55.18750076,185.036384,0.05712,29.12500191,33.39583333,32.1625,96.09378874,0.013809583,1.999677184,18.07014058,270,98.24999746,1380,-37.90625,-37.47916667,-46.08750076,-53.15625381,-57.66666794,-76.80625153,4.412014401,4.06992666,4.055968084,-86.65625,-77.25437927
spiny,-40.44281769,77.17021179,28.75066566,77.48936462,-55.67021179,60.82446671,237.3643111,-8.264627457,-88.76368295,3.269946814,-47.10039902,76.86436462,0.000878298,2.671757394,0.19304878,-47.56250381,-46.47916921,-50.71875381,120.129272,0.03964,33.31250381,37.25,30.7604173,225.0000089,0.117309265,2.054470528,35.68402419,50,53.74999873,560,-41.0625,-37.9583346,-45.29166794,-53.78125381,-53.43750381,-70.29167175,2.959704012,3.048513595,2.987735584,-93.59375763,-69.0845108
aspiny,-41.02949524,227.766861,5.39571619,226.70224,-49.89712143,163.0716248,134.7744818,-17.05091286,-49.01692318,-10.7443819,-45.49508286,206.4662933,0.001092809,2.759727094,0.301399142,-47.78125,-49.66666794,-57.94271088,195.786976,0.03304,13.87500095,20.89583524,13.61979246,158.4373862,0.014681114,1.075056,8.287061924,130,116.4166641,450,-38.96875381,-38.61458588,-39.46875064,-49.53125,-52.11458715,-68.06771088,2.737382995,2.927285386,2.189463413,-82.5,-67.42263031
aspiny,-33.73934174,278.7015381,9.722625732,278.5058289,-53.4578476,268.75,191.1744809,-10.90721893,-150.8797222,-10.9127903,-52.93531799,276.1889648,0.00052,1.259343093,0.249959659,-53.46875381,-48.46875,-60.36875153,235.689568,0.013055,7.6875,7.062500477,7.925000381,189.5312518,0.03830051,2.920619264,14.60194327,160,228.125,570,-35.5625,-25.06250191,-40.35625076,-53.6875,-48.625,-76.15625305,1.413029724,0.961897252,1.500098644,-96.59375,-75.68746948
aspiny,-51.75804138,564.5033569,14.83357048,564.637085,-69.56350708,563.8706665,355.1298299,-9.725536346,-332.2125004,-15.01650429,-69.44436646,564.3813477,0.000327694,1.068532007,2.75942675,-71.40625,-65.875,-71.015625,163.384736,0.00471,21.125,12.671875,22.76562548,98.2812494,0.031198191,1.837698304,6.335945987,370,328.375,469.9999695,-52,-36.01562691,-55.86718845,-71.53125,-65.953125,-77.78906441,1.130407974,0.962292875,1.175796257,-88.6875,-77.07080841
spiny,-36.0361824,304.0411072,22.37376595,304.4703979,-46.99136353,239.6809235,190.0834339,-11.99054241,-73.38260012,-2.750411272,-41.81044388,297.4473572,0.000936053,2.635165689,0.183664124,-49.31250381,-51.47916921,-53.40625191,116.22232,0.12479,25.84375,33.89583651,19.84375095,99.68750179,0.037955999,2.370029056,15.06917466,170,158.7083333,1320,-39.5625,-40.72916921,-40.91406441,-53.28125,-52.32291921,-82.28125572,2.34382328,2.579516965,2.191408613,-92.93750763,-82.19258881
spiny,-37.27455521,128.5334778,34.5122757,127.984375,-52.38113785,97.80580139,239.7734803,-1.806361556,-83.65467939,11.21428585,-47.3069191,122.4375,0.001024643,2.854351232,0.206439394,-54.59375381,-53.2708346,-56.56250305,244.7336,0.02802,44.68750381,46.61458715,43.43125381,230.46875,0.060195509,2.021607424,19.89588246,70,63.20833206,469.9999695,-39.84375381,-38.8020846,-43.92500229,-56.3125,-56.77083715,-68.68125305,3.52223161,3.564110643,3.736658034,-93.53125,-68.23065186
spiny,-41.14216995,149.9780273,25.30322838,149.6730804,-55.9584465,120.6813202,188.118251,-14.83688164,-57.02933879,6.282967091,-49.97871017,138.9450531,0.001254945,3.310790202,0.170123839,-50.25,-52.92187881,-51.9625,192.884944,0.04128,28.90625191,34.046875,26.97500153,163.0208343,0.060359567,1.257615616,20.60659013,70,58.06249809,700,-41.78125,-41.35937881,-45.93750305,-58.46875,-60.37500381,-75.24375,3.389518171,3.422442864,3.144733984,-91.5625,-74.8118515
spiny,-36.56770706,410.8809509,25.7901783,410.0714417,-49.6272316,294.0684509,205.2827532,-5.474702358,-55.16944619,11.01636887,-39.01860046,383.3422546,0.001095714,3.753966034,0.083374836,-40.84375,-41.54167048,-46.38125076,105.390744,0.10778,33.03125,36.0833346,35.38750153,114.06257,0.024607157,1.137504128,25.83033815,230,195,1470,-35.875,-36.63541667,-42.83125305,-49.18750381,-51.21875254,-71.61875153,3.650758452,3.699902575,4.088866907,-85.375,-71.21105957
aspiny,-31.4620533,499.6145935,15.08835602,499.4047546,-45.13895035,416.4970093,225.9613779,-9.594307899,-66.98030302,-5.773809433,-43.24125671,477.1927185,0.000809256,3.435108633,0.318303551,-47.25000381,-50.5,-58.88750229,130.61488,0.011105,18.68750191,19.5,23.91875153,109.8437533,0.06128842,1.496899072,10.15636052,310,243.2499695,660,-32.375,-33.59375,-38.89375076,-47.90625381,-52.12500381,-68.13125,3.222406891,3.297683364,2.36810345,-77.90625,-67.14710236
aspiny,-34.80356979,140.6964264,32.1049118,140.5803528,-55.08705521,107.4910736,339.1680285,-0.977678597,-158.2512082,8.263392448,-52.9553566,139.1071472,0.000558571,2.128967174,0.12489726,-54.15625,-52.69791921,-55.39062738,391.120384,0.01444,37.78125381,35.27083715,38.25390816,299.0624905,0.08749155,1.367998592,17.20929197,70,60.83333333,290,-35.90625,-35.16666667,-42.53515768,-54.21875381,-52.82291794,-66.50781441,2.307846814,2.388017697,2.343219782,-98.90625763,-65.81838226
spiny,-43.18333435,133.3083344,33.16353989,133.7583313,-57.3125,99.17500305,283.3278445,-10.25312519,-93.48486733,5.381249905,-50.95000076,131.8333282,0.000902333,3.031152718,0.161811476,-50.46875381,-50.71875191,-53.99479548,125.12576,0.080795,33.4375,44.81250191,37.95312627,146.8750089,0.074933507,1.154727552,23.93811323,70,91.1875,770,-40.90625,-41.14062691,-46.14062754,-56.84375381,-56.18750191,-74.06771088,2.928899549,3.655202245,3.369345998,-87.65625,-73.02313995
spiny,-42.36117935,115.8149033,43.60216522,115.7668304,-54.38461685,86.37259674,281.0956415,6.177283764,-92.5111509,11.69951916,-48.12139511,112.2307663,0.001016538,3.033237533,0.191723363,-54.81250381,-48.36458333,-53.50000318,145.423488,0.037875,45.65625381,47.81250381,46.46875318,188.1250739,0.137190983,1.282213376,18.75835739,70,112.1666718,530,-46.28125381,-38.33333588,-47.97396024,-55.53125381,-51.34375381,-75.09375381,3.62346697,3.488285605,3.770408562,-96.1875,-74.74044037
spiny,-39.33750153,288.7397156,29.16801453,288.1161804,-52.98014832,238.5470581,304.4103231,-4.430882454,-111.3127619,8.457720757,-46.46066284,282.1955872,0.000655529,2.7400866,0.148720609,-45.90625381,-49.75000254,-53.30625229,113.40336,0.04462,29.50000191,31.96875064,32.26250114,118.4375361,0.103550091,2.254352896,12.55652776,170,96,949.999939,-40.06250381,-41.08333588,-52.25000229,-55.78125381,-58.44791921,-72.90625458,3.059275473,2.888524255,2.951322836,-83.21875,-71.91189575
aspiny,-42.38804626,63.14562988,27.65776634,62.92354202,-54.54065704,53.17718506,289.3633892,-10.22785187,-95.93122084,-0.732706308,-51.79732895,61.27791214,0.000787816,3.031421528,0.60249616,-53.96875381,-51.14583588,-54.22500153,402.665312,0.01073,28.84375191,37.12500127,30.96875153,315.9374893,0.072896913,1.952167296,10.85564731,40,52.62499873,260,-45.375,-40.0833346,-45.33750229,-54.15625,-52.73958588,-73.05000153,2.831951929,3.165530553,2.790548567,-101.9375,-72.35136414
aspiny,-23.16181374,327.8730469,3.846040487,327.289917,-36.09653091,283.9711914,105.8731631,-12.04352093,-45.93609105,-4.362892628,-34.15428543,312.92276,0.000840838,2.304917612,0.573863635,-48.96875,-48.71875254,-57.78125,193.250768,0.04022,13.4375,14.15625032,23.14062595,128.4374595,0.03820841,1.577988864,8.392430102,190,164.4166667,680,-32.28125,-31.5416673,-36.65625381,-49.90625381,-50.69791794,-73.37500381,1.820010949,1.816597078,1.837732102,-88.25,-73.72345734
aspiny,-36.4266243,558.027832,-0.214109629,560.1029663,-51.19982529,559.1154175,174.6965568,-15.59309769,-150.9115063,-16.37717438,-50.97375107,561.7178345,0.000426891,1.149300715,0.76647746,-57.21875381,-51.71875,-61.44531441,153.565792,0.00675,4,-0.072916667,14.78125048,107.1875021,0.106533244,3.59975424,7.551964101,370,343.0416667,690,-34.0625,-28.22916667,-47.01562595,-57.28125381,-51.81250127,-77.28125191,1.14750037,0.832619339,1.292253277,-99.6875,-75.84934998
aspiny,-35.26124954,145.8025055,30.79874992,145.8674927,-54.95062637,120.2324982,256.5198819,0.466874987,-56.93813907,10.84125042,-51.43249893,139.4125061,0.001146,4.539293044,0.205774278,-51.4375,-51.64062881,-55.03125127,200.372816,0.07184,32.28125,32.40625191,32.71875127,202.1874934,-0.034597769,1.138483584,16.31156657,90,81.9375,410,-34.625,-35.14062691,-39.29166921,-55.28125,-55.00000381,-64.8541743,4.478725342,4.65756187,2.464195647,-85.65625763,-65.19251251
aspiny,-37.60388947,414.6861572,22.99335098,415.3597107,-46.84524536,338.4441528,255.5953577,-6.638131618,-71.48109515,3.095412254,-43.27376938,398.8610229,0.000834468,3.69278388,0.420454532,-48.21875381,-50.90625381,-51.25000381,195.059904,0.01302,28.53125191,29.92187595,34.24479421,130.1561296,0.120078705,1.625652992,8.447922415,250,236.1875,690,-39.8125,-37.875,-44.72916857,-50.875,-52.39062881,-76.88542048,3.050044314,3.233215209,2.621632349,-90.625,-76.43743896
aspiny,-38.05416489,68.5083313,25.10833359,68.40416718,-60.58854294,63.51250076,283.8671035,-5.612500191,-148.8667749,-0.758333325,-60.26354218,65.65833282,0.000606,1.899215788,0.425874136,-62.8125,-62.44791921,-62.12500191,286.209472,0.0162,30.87500191,31.93750064,31.14062691,335.7143104,0.020059664,1.79518464,26.00930544,40,45.29166667,260,-43.0625,-40.17708588,-43.92187881,-62.96875381,-62.56250381,-64.15625191,2.065823549,2.003743867,2.046124015,-94.46875763,-62.91527176
spiny,-36.73730469,29.19140625,44.78710938,29.1015625,-55.734375,23.01171875,285.5510632,5.2734375,-92.59375339,19.35449219,-49.05175781,28.50390625,0.000949375,3.083609242,0.253732807,-50.93750381,-50.07291794,-52.36979421,529.938176,0.02914,47.00000381,43.3020846,41.55729294,417.0312881,0.191185668,1.223870592,32.89597156,20,21.375,340,-37.78125381,-37.08333333,-43.84375254,-55.90625,-53.83333715,-68.66666794,3.252117812,2.959564743,3.044120326,-96.78125,-67.72576904
spiny,-40.10359955,621.8600464,20.79381752,619.2486572,-55.4609375,489.5856018,208.3314867,-7.438858509,-72.4229839,2.040760756,-51.08220291,580.375,0.000932935,2.87037159,0.05756502,-53.46875381,-47.83333333,-55.13281536,207.841568,0.019535,24.21875191,16.55208365,31.77343845,99.93990511,0.004256005,2.37781376,11.67580392,360,328.75,1060,-38.4375,-31.02083588,-53.04687691,-53.62500381,-50.69792048,-84.71875191,2.831489971,1.538259358,3.41168221,-96.15625763,-85.44917297
aspiny,-36.26354218,92.05104065,12.31432247,91.45104218,-47.76848984,76.50624847,120.5428105,-17.90156174,-45.1814817,-6.364583492,-45.17291641,87.48645782,0.001439833,2.680769866,0.434467499,-48.03125,-47.48958588,-52.7083346,463.81072,0.0161,10.84375,19.59375127,14.69791762,311.0937774,0.055406243,1.572901888,16.26908386,60,71.54166667,390,-38.375,-35.35416921,-36.09375127,-49.56250381,-48.63542048,-71.14583588,2.502903458,2.824887261,2.351137352,-101.125,-70.16148376
spiny,-29.25893211,234.7440491,27.13244057,233.8273773,-50.38243866,161.1964264,197.9506513,1.203869104,-81.18122744,11.58779716,-41.3080368,224.5654755,0.00080381,2.429513315,0.042156866,-42,-40.10416667,-49.02083524,239.438256,0.045045,31.37500191,29.8645846,30.35416762,323.2813776,0.021334965,1.88788864,35.07260671,110,123.2083282,790,-27.65625191,-26.11458524,-41.0885423,-50.15625,-48.04166921,-73.30729421,2.587949712,2.23973781,2.567883943,-103.5000076,-71.52746582
aspiny,-29.99333954,62.84630966,20.87858582,62.63729477,-49.12755966,56.43647385,119.7317691,-4.524077892,-61.775941,-2.001024485,-47.48565674,61.36065674,0.001260656,1.86701169,0.005895197,-52.78125381,-52.03125254,-53.90625127,455.181248,0.0318,33,31.61458397,34.32291794,190.1561767,0.033458881,2.470631424,13.49768789,40,33.04166603,499.9999695,-37.37500381,-35.35416921,-37.93750254,-52.93750381,-52.15625127,-76.95833588,2.697617249,2.572669818,2.792635264,-98.93750763,-76.64642334
spiny,-37.26319504,207.4277802,41.23055649,207.1111145,-52.46458435,150.7138824,338.798763,1.882638931,-97.90452733,15.08055592,-42.62638855,201.6361084,0.000802778,3.461304899,0.206060632,-43.81250381,-45.91667048,-46.79687691,95.065896,0.050605,46.90625,49.11458588,47.96093941,146.4062482,0.049326956,1.368146432,23.22833839,110,102.0416667,230,-37.71875,-37.13542048,-45.82812881,-51.375,-51.48958588,-77.92969131,3.617618145,3.73220855,3.773256506,-94.71875763,-77.66227722
aspiny,-38.31874847,51.53125,28.45000076,51.20624924,-57.78125,46.60625076,250.6651718,0.3984375,-125.9958901,3.454687595,-57.09843826,50.3125,0.00070175,1.977627457,0.062824675,-58.40625381,-56.59375127,-60.76562786,230.450112,0.0256,34.625,36.75,36.75,288.2812619,0.043056425,2.586028288,44.05248629,29.99999809,23.5,300,-40.31250381,-39.02083333,-43.09375095,-58.46875,-56.6458346,-61.54687595,2.221898712,2.26198295,2.379182175,-94.25,-62.36804962
spiny,-36.45501709,246.7840881,30.42092896,245.3219757,-51.27272797,208.4659119,240.0827597,-2.125473499,-83.35281173,11.38020802,-41.43797302,235.109848,0.000830227,2.873750119,0.198890328,-46,-47.62500381,-51.79375229,192.859488,0.029175,34,32.95833588,34.33750153,97.18738496,0.195660502,1.716389888,12.35535378,140,89.91666667,870,-39.75000381,-37.54166921,-48.03125305,-56,-57.35416921,-71.4875061,3.163968628,3.004693414,3.394701058,-81.93750763,-70.70323944
aspiny,-42.01404572,327.1383362,25.84199524,327.771759,-50.93100357,274.4375,279.2194592,-1.792485952,-80.85162614,8.642907143,-48.796875,317.9613647,0.00079236,3.526509427,0.365210601,-52.03125381,-52.01562691,-56.59375229,194.071808,0.0483,31.0625,22.79687595,28.16875153,120.312497,0.070845559,1.07202816,6.687307436,200,197.1875,660,-43.03125381,-37.43750191,-44.93750153,-53.31250381,-53.48437881,-75.2937561,3.361827435,3.562269994,2.288692329,-84.6875,-74.85432434
spiny,-33.83156967,253.5296631,27.55190659,252.627121,-48.07362366,188.0105896,210.2723845,-3.75158906,-80.95239354,8.506885529,-43.45497894,240.8686371,0.000874576,2.618745145,0.135973608,-48.5,-47.10416921,-50.84896024,130.10084,0.026115,35.21875381,36.28125127,36.16146151,139.6875083,0.066810042,1.39697472,14.95071602,110,76.62499873,350,-35.12500381,-32.25,-45.82291857,-49,-50.26042048,-62.79687881,2.669546695,2.320995173,2.97761333,-80.09375763,-61.64365768
spiny,-39.50240326,160.9871826,38.95913315,160.7532043,-57.10577011,113.115387,360.6071703,-2.290865421,-119.0986431,14.79407024,-49.91666794,157.8557739,0.000738974,3.030203649,0.198333333,-49.90625381,-49.37500381,-54.30000229,182.068352,0.06146,40.62500381,46.35937881,41.48750076,146.5625763,0.161756143,1.551204864,17.62417853,90,62.75,730,-38.40625381,-36.09375,-43.98125305,-59.43750381,-55.32812881,-76.05000458,2.829579703,3.362645375,3.265263194,-89.75000763,-75.55174255
spiny,-35.59312057,706.2095947,25.26041603,702.8560791,-50.48800659,551.7677002,202.8824919,-1.085542917,-57.60492773,10.77304268,-46.53914261,648.9697266,0.001148081,3.455692983,0.010820901,-48.75000381,-49.09375127,-52.96354485,146.635216,0.03722,31.09375191,33.04166921,43.71354421,101.5625745,0.05852057,1.647571584,15.31652006,330,195.2499949,1280,-33.8125,-33.56250127,-52.22396088,-50.18750381,-54.56250254,-79.21354675,3.154679332,3.244811369,4.264345355,-88.875,-77.61546326
spiny,-39.81406403,363.1937561,26.89609337,361.6531372,-57.27656174,276.0531311,241.8486868,-6.916406155,-53.66357086,13.92109394,-53.47265625,336.5718689,0.00137,4.530702649,0.109640513,-53.90625,-54.19791921,-59.15625305,141.5416,0.057675,27.84375191,29.5729173,30.40625191,116.4062545,0.063587889,3.076725248,18.54735874,190,100.125,1220,-39.40625,-38.25000127,-50.26875305,-57.93750381,-60.34375381,-78.27500153,4.164172958,4.013055984,4.438940183,-90.40625763,-77.78010559
spiny,-33.74474335,349.9906616,26.86010551,347.8271179,-47.43662262,270.2067871,189.9272112,-5.419100285,-80.62639366,6.776285172,-42.78154373,332.6635437,0.000907664,2.355886382,0.16943212,-50.68750381,-48.83333715,-59.23125229,144.304784,0.03162,35.84375381,30.5729173,37.00000076,131.7188591,0.031581379,1.547507456,15.31993943,210,252.5833282,700,-37.3125,-32.875,-46.40625229,-51.18750381,-49.72916921,-72.6062561,2.735014635,2.019378979,2.665891903,-87.09375763,-72.15679932
aspiny,-31.36835861,339.2390747,37.21640778,339.1484375,-52.96484375,277.84375,396.9022109,1.137890577,-97.87147871,20.71445274,-48.18984222,329.71875,0.0007265,4.070014405,0.174385243,-52.50000381,-55.53125191,-51.96875153,191.326528,0.17346,36.78125,36.10937691,42.02500229,145.4687864,0.01824324,1.98458688,9.950931329,190,156.25,780,-28.40625191,-31.48437595,-38.48750076,-55.62500381,-58.89062691,-74.88125458,4.060498306,3.875666888,2.820844998,-88.65625763,-73.68379211
spiny,-38.6953125,252.1499939,40.453125,251.1374969,-52.85625076,180.7749939,329.8691442,3.446875095,-68.56252847,23.72812462,-44.19062424,234.2062531,0.001061,4.842414433,0.095028972,-42.31250381,-44.78125127,-42.90625153,115.011824,0.07552,45.18750381,44.96875,43.60000305,109.7321212,0.030131999,1.125523712,26.32899253,90,114.9583308,1100,-40.87500381,-40.51042048,-48.22500153,-54.21875381,-52.06250381,-66.56250381,4.743023738,4.731917378,4.49999879,-85.12500763,-71.83248901
spiny,-40.30088043,315.6907043,30.47836494,315.25,-53.61297989,246.1955109,260.9303816,-2.145833254,-110.1098135,12.8938303,-47.1434288,310.4919739,0.000705513,2.38023776,0.158258925,-49.65625381,-49.11458588,-55.87500286,95.299752,0.053785,38.00000381,37.68750254,39.12500095,127.0312071,0.162562117,1.512817536,14.24464467,190,183.8333333,839.999939,-38.625,-36.3958346,-52.46875381,-54.03125381,-54.59375381,-78.71875572,2.697730162,2.479744045,2.461553612,-90.96875763,-78.63497162
spiny,-35.05984116,270.8031921,32.18550491,270.8058472,-52.48670197,200.4202118,308.6634725,-3.021941423,-104.1662872,8.528590202,-45.51130295,265.8670349,0.000726277,2.973032961,0.195169621,-45.875,-45.97916794,-51.37500076,115.853984,0.03101,33.1875,33.78125127,35.19375076,151.562497,0.019041616,3.57069184,15.66155666,150,139.3749975,750,-34.125,-33.13541667,-43.38125153,-51.65625,-52.36458333,-70.50625153,2.798810464,2.570434388,3.181917073,-87.5,-70.4312973
aspiny,-42.5228653,631.3291626,1.926459908,634.0038452,-60.80278778,636.4691162,327.2724396,-18.80327034,-269.0967139,-18.13211823,-60.66801453,637.2540894,0.000269556,1.216190296,0.743116782,-56.65625381,-59.57291794,-61.01042048,106.259088,0.221915,-1.593750119,10.8229173,6.312500159,67.18750298,0.033125661,2.366462464,6.035176851,390,325.9166667,640,-38.125,-38.93750381,-45.7083346,-56.71875,-59.68750381,-71,1.29408327,1.192560411,1.400952061,-88.90625,-71.37483215
spiny,-37.79833984,182.7246094,35.30761719,183.0878906,-52.72900391,146.5996094,320.0817106,-5.080566406,-99.0687008,10.98535156,-45.71777344,175.3242188,0.000806562,3.248213051,0.192937237,-47.84375,-49.34375254,-50.85937691,250.077936,0.05254,45.34375381,44.78125127,45.33593941,133.4373802,0.048348248,1.128958592,17.54306251,110,80.79166667,840,-37.40625,-36.4270846,-47.97656441,-52.43750381,-53.78125254,-81.1953125,3.569341884,3.426866316,4.018026021,-96.5,-80.59257507
aspiny,-35.92540359,68.71370697,43.56149292,68.52016449,-52.55241776,49.21371078,434.6519863,2.429435492,-121.7231344,25.14314461,-47.83467865,66.97983551,0.000667097,3.596967336,0.296359743,-48.8125,-47.03125254,-53.52500305,340.244064,0.01814,43.50000381,45.50000127,43.07500229,363.5936975,0.148001075,1.161338112,24.1006622,40,37.66666667,310,-37.5625,-36.40625127,-40.02500076,-53.00000381,-51.82291921,-65.57500153,3.38395769,3.943590306,2.530616515,-105.2812576,-64.94191742
spiny,-30.93581009,243.7905426,35.87922287,242.6959534,-45.79307556,165.2601318,204.6626898,6.421452522,-84.73231135,14.78125,-37.91047287,232.9526978,0.000911351,2.382108325,0.091666667,-44.40625381,-44.29166794,-48.51041857,217.427392,0.0269,45.25000381,44.46875381,45.26041857,157.9688638,0.042808745,1.253893632,14.56732238,130,99.625,600,-35.78125381,-31.8645846,-44.80729421,-45.78125,-48.17708715,-68.68229802,3.453885457,2.876856123,3.454933519,-84.5625,-68.27040863
spiny,-39.86136246,146.6863708,37.27443314,146.3159027,-53.64261246,107.9568176,303.3430052,-8.995454788,-70.11887564,1.605681777,-48.51931763,139.3977203,0.001103273,4.350075958,0.214985163,-51.62500381,-51.6145846,-53.49219036,175.282,0.09156,41.625,45.71875381,37.64843845,200.4687488,0.019056572,2.038279424,19.95081436,90,100.4583333,620,-41.625,-42.35416921,-40.56250095,-55.53125381,-55.94791921,-76.07812691,4.304493631,4.870673438,3.845802835,-96.15625763,-75.42996216
aspiny,-38.25911331,125.7135391,8.936198235,125.078125,-53.48307419,90.58333588,184.8597015,-15.43489552,-92.90913046,-9.833333015,-50.36328125,122.4583359,0.000693958,1.984857651,0.112884161,-52.84375,-55.63541921,-60.07031441,258.0088,0.03216,9.500000954,18.3229173,12.12500024,320.535779,0.032976795,1.694431488,36.37396862,70,53.25,117.4999924,-41.5625,-44.48958333,-41.32812595,-52.90625381,-55.71875,-69.11718941,2.144344649,2.108828564,1.87477525,-99.65625763,-70.04547119
aspiny,-40.28170776,254.5994568,25.35789299,253.946167,-61.62682343,247.4197083,304.476111,-1.674270034,-197.9593024,-6.204607487,-61.32093811,250.7910614,0.000500365,1.532729883,0.346428589,-64.125,-60.52083333,-65.35,174.62296,0.014025,35.0625,27.55208333,41.16875153,143.9062804,0.062781379,2.111615744,12.52010583,150,187.5,479.9999695,-44.96875,-38.625,-49.65000153,-64.34375,-60.69791794,-74.26875305,1.804733222,1.635682945,1.808635993,-89.9375,-73.18634033
spiny,-35.92075729,179.7633972,34.3649559,179.6696472,-52.421875,124.9375,312.5898336,-6.636160851,-82.01103997,15.1026783,-45.03013229,172.0178528,0.000911429,3.814458744,0.181306599,-44.96875,-47.88541667,-50.86458588,142.80008,0.0398,30.87500191,39.0208346,37.07291794,112.0536327,0.043802794,1.044685376,14.53261319,90,73.83333079,570,-37.53125381,-39.68750127,-43.91666921,-51.56250381,-54.66666921,-66.14583588,3.48796154,3.95976177,3.808842202,-78.25000763,-65.23300934
aspiny,-47.77053452,162.0303497,24.49419594,161.8053589,-60.26696396,121.5625,300.5625959,-17.79330444,-101.4833333,1.680803537,-57.50669479,158.8196411,0.000818,2.949927224,0.147368429,-60.31250381,-50.57292048,-56.68125229,260.736384,0.01144,31.68750191,36.13541794,35.01250153,176.562503,0.072234154,3.810528768,11.62834314,100,124.5416667,340,-51.53125,-42.94791921,-51.51250229,-60.46875381,-51.53125381,-76.0375061,3.400658954,3.453438624,3.545193841,-94.75,-75.76101685
spiny,-35.94089508,146.1847839,33.60326004,146.5434723,-52.09782791,110.111412,265.4218923,-5.491168499,-97.73645319,8.999320984,-46.09307098,143.7527161,0.000819565,2.724215125,0.186029412,-48.43750381,-50.46875127,-52.07031441,238.746368,0.06271,35.3125,43.1770846,38.5078125,146.5624273,0.032674097,2.375553792,22.42678541,90,75.04166667,750,-37.21875,-38.3333346,-44.65625191,-54.28125,-54.85416667,-78.94531441,2.618005151,2.979551254,3.075537968,-95.3125,-78.12553406
spiny,-36.9352684,113.2901764,44.2008934,112.2098236,-55.13950729,79.14286041,334.4866659,3.209821463,-93.16064568,20.7131691,-45.1305809,106.6205368,0.000885536,3.587619363,0.159665089,-46.06250381,-47.22916921,-49.15625229,182.719216,0.064345,46.03125,47.78125254,45.08750229,233.2813293,0.118305527,3.159602944,30.48407655,50,55.125,800,-37.40625,-37.79166794,-44.75000229,-55.68750381,-56.14583715,-74.4437561,3.623624873,3.513540135,3.951983735,-94.28125763,-73.03148651
aspiny,-36.8203125,33.6796875,22.73828125,33.578125,-59.16796875,32.7578125,211.3858626,-2.8203125,-134.4944506,-3.517578125,-59,32.890625,0.0006975,1.549513528,0.065366891,-60.96875381,-59.14583333,-61.7552096,499.557632,0.00835,26.03125,29.1041673,31.13020897,271.874994,0.08229994,1.502373504,15.36455733,20,15.83333333,119.9999924,-40.34375,-37.61458333,-41.046875,-61.12500381,-59.26041794,-61.96875127,1.869629956,1.674239437,1.933880023,-98.09375763,-54.9610672
spiny,-39.94969559,190.7469482,40.45274353,190.4573212,-58.22941971,153.1859741,361.208308,-4.572408676,-97.48768116,19.33079338,-49.78429794,181.0518341,0.000858537,3.707253945,0.098333338,-49.9375,-51.18750381,-53.39375229,116.492336,0.08108,41.37500381,40.75,41.54375,105.9374958,0.107127883,1.015221888,22.77128163,110,107.1875,1200,-37.5,-39.31250191,-45.10625153,-60.28125381,-60.32812691,-71.39375305,3.677904656,3.631315758,3.593507088,-82.53125,-70.44408417
spiny,-33.76594543,261.3788147,40.69324112,260.8737183,-48.3392868,207.520401,299.551596,-2.464923382,-112.1307899,14.1026783,-45.56345749,253.1517792,0.000813061,2.687532981,0.208333339,-52.50000381,-54.4583346,-57.91667048,264.798528,0.05872,46.5,47.83333588,43.64583715,149.1518617,0.128024012,2.720886528,11.7829915,150,125.3333308,580,-34.03125381,-36.42708588,-44.3333346,-53.03125,-55.9270846,-73.56250254,2.832993054,2.711660036,2.661199136,-89.53125763,-73.01085663
spiny,-34.046875,329.8269348,33.62740707,329.2259521,-54.29086685,227.7932739,283.3579109,0.23677884,-68.17129931,15.72235584,-46.42307663,304.8798218,0.001027885,4.175752444,0.111953835,-44.8125,-48.35416921,-52.23750305,195.855552,0.027675,39.0625,32.58333715,39.18750229,193.5936362,0.083423495,1.244446592,25.87855566,150,49.12499746,889.999939,-32.40625,-38.30208588,-47.20625305,-49.46875381,-59.68750254,-76.92500153,4.104296529,3.599385789,4.339225688,-90.53125,-75.92693329
spiny,-40.62413025,94.18402863,35.16579819,93.32291412,-58.95225525,76.01041412,282.8238806,-8.860242844,-77.86218285,14.17795181,-50.75694275,87.11458588,0.001052778,3.633136448,0.18906619,-52.65625381,-51.84375254,-55.19791921,197.458272,0.05602,37.06250381,35.37500127,34.59375127,148.4376192,0.058874652,2.178253056,18.8904003,59.99999619,83.25,810,-41.03125381,-40.20833333,-42.87500127,-62.375,-56.94791921,-79.18750509,3.685256854,3.607356004,3.705047511,-95.50000763,-78.72412109
aspiny,-39.59152985,190.3244476,30.1465168,190.0450745,-53.71977615,170.4754028,367.4207773,-5.362875462,-128.2555534,5.868340015,-52.78876495,186.802597,0.000608852,2.877083937,0.606818203,-55.40625381,-52.82291921,-57.66875305,266.57992,0.01424,34.40625381,26.50000064,41.17500153,203.5937905,0.071173944,1.904124416,11.77215047,110,92.41666667,390,-42.5,-35.05208588,-46.30000153,-55.53125381,-53.44791921,-74.86250153,2.689423743,2.575289751,2.727360045,-95.28125763,-73.86296844
spiny,-27.30374908,114.4400024,47.22624969,114.5299988,-48.27375031,85.48500061,400.5905316,12.93000031,-113.6501053,24.03125,-31.42874908,114.8450012,0.000629,3.525206218,0.195454545,-35.59375,-38.72917048,-43.67500305,238.875312,0.08357,49.625,49.80208588,52.47500381,204.3749988,0.100718051,1.361806592,28.87789717,50,63.33333206,790,-28.15625,-28.47916794,-40.70000153,-49.00000381,-48.81250254,-68.16875458,3.536048804,3.587917722,4.133213677,-87.4375,-67.80721283
aspiny,-30.4295826,282.8283386,23.61041641,281.1916809,-42.42625046,206.1383362,175.036925,-6.151249886,-72.21510148,5.210000038,-38.91166687,270.688324,0.000909333,2.397456418,0.04931687,-45,-46.64583588,-54.84375327,191.230304,0.01586,29.81250191,32.59375127,35.875,162.3437107,0.055655926,1.15107072,22.13381288,150,110.4999975,489.9999695,-33.28125,-35.2395846,-43.0892868,-45.0625,-46.89583715,-68.10268402,2.638843145,2.526186543,2.8740255,-86.09375,-67.3401947
spiny,-38.33124924,81.65625,32.22812653,81.62187195,-51.47499847,59.84687424,229.0996656,-3.604687452,-74.75449624,5.33203125,-45.53125,80.66562653,0.001066375,3.050567226,0.202232143,-51.59375,-53.71875381,-58.38541921,243.882672,0.06199,34.375,43.39583588,42.51041794,272.9687393,0.290046036,2.282635008,24.84997572,50,47.66666921,400,-40.21875,-40.05208588,-44.12500191,-53.96875381,-56.27083715,-67.68229421,3.304545164,4.100517256,3.793880445,-98.31250763,-66.34108734
spiny,-43.57770157,158.3513489,20.60726357,157.7364807,-59.08023834,112.3986511,223.2088157,-19.99408722,-65.69501061,-7.180743217,-54.22466278,146.4358063,0.001137162,3.410249847,0.229553588,-54.34375381,-52.22917048,-57.15104485,258.823712,0.015515,18.00000191,32.89583397,25.65104294,248.1250465,0.059374195,2.619041536,18.93139552,90,31.99999873,410,-45.65625381,-41.78125127,-47.84375254,-58.21875,-59.26041921,-73.80729548,3.226683875,3.605815897,3.16323938,-95.5625,-72.48139191
spiny,-34.00148773,341.0654907,26.90922546,339.7142944,-51.4241066,255.2678528,257.9979809,-3.435267925,-63.81345219,11.5625,-44.55208206,321.7321472,0.000995,4.093248618,0.141289438,-45.03125381,-46.42187881,-53.32500153,151.71008,0.059975,28.06250191,29.53125191,33.53750267,161.2500399,0.081752747,1.530476416,20.85536858,150,77.81249619,939.999939,-31.90625,-32.73437691,-46.53125305,-51.65625381,-56.65625191,-75.13125458,3.708649696,3.744586611,4.060512057,-91.78125,-73.9249649
spiny,-36.0706749,273.6576843,25.3850956,272.4057617,-51.46154022,225.3269196,263.7821418,-8.330288887,-117.5885566,0.668749988,-46.99711609,266.2096252,0.000680308,2.243109227,0.140178573,-48.75000381,-50.62500254,-55.27083588,93.380736,0.072355,31.00000191,34.92708333,32.20833397,97.0313251,0.220143259,1.788497664,15.04243181,170,133.6666667,979.999939,-38.09375381,-38.85416921,-45.17708588,-56.46875,-56.95833588,-69.66667175,2.490573367,2.50623086,2.369874489,-78.3125,-67.62628174
spiny,-40.52708435,116.7416687,39.8722229,116.9777756,-52.98194504,88.2611084,427.6620327,0.144444436,-116.8019355,14.66597176,-47.16388702,115.3055573,0.000691,3.668249161,0.280147738,-47.46875,-48.17187691,-52.45000305,210.940528,0.04168,40.56250381,43.17187691,39.29375153,191.7187572,0.041193329,-0.460931008,23.99008481,70,48.375,450,-39.5,-39.78125191,-44.73750229,-50.90625381,-53.23437881,-69.26875458,3.692863407,3.856255763,3.549631342,-89.87500763,-67.53645325
spiny,-36.43198395,48.05147171,26.20588303,47.80882263,-56.97426605,38.05882263,243.3587937,-13.00919151,-70.6436683,8.235294342,-47.77206039,46.78676605,0.000990588,3.445597413,0.242508703,-47.6875,-46.94791794,-51,192.434784,0.05164,25.21875191,31.78125064,23.6875,207.4999213,0.041928601,1.061828224,35.43418414,30,35.87499873,489.9999695,-36.50000381,-36.70833715,-39.59375381,-57.03125,-55.83333588,-63.8125,3.464525621,3.506299963,3.00846951,-87.75,-63.13821411
spiny,-36.34375,274.5833435,33.19791794,274.875,-56.84548569,182.8958282,302.0263573,0.697916687,-78.25285533,18.10416603,-48.390625,267.0138855,0.000962222,3.87750534,0.044921877,-49.40625381,-48.62500381,-50.93750229,163.17088,0.052885,34.78125,37.78125381,41.925,182.3437065,0.04744181,2.130486528,25.09711602,90,59.24999237,750,-36.21875,-37,-51.88125381,-57.21875381,-56.0625,-76.22500458,3.611433719,3.478547958,4.529074786,-95.53125763,-75.32025909
spiny,-35.43044281,152.0121002,45.89717865,152.2217712,-54.32157135,112.9959641,472.622313,6.290322781,-102.6101087,19.02318573,-44.28830719,150.4516144,0.000734516,4.618385941,0.167217854,-46.15625381,-46.51041667,-50.27604485,161.915424,0.063885,47.50000381,48.44791794,49.35416921,167.0312583,0.067862593,1.983539712,23.0270489,90,81.08333333,870,-35.37500381,-34.91666794,-44.30208588,-53.84375,-55.25000381,-72.89062754,4.697517125,4.702042644,4.620011779,-89.75000763,-72.4311676
spiny,-34.48176956,87.26041412,39.75,87.08333588,-57.27083206,56.80208206,448.525665,3.119791746,-145.2595705,17.57552147,-46.69010544,86.60416412,0.00054875,3.085699336,0.221875,-44.87500381,-45.78125254,-50.55468941,177.694592,0.05243,35.40625,36.47916921,36.34375095,210.9376192,0.009695205,1.709278336,29.7585465,50,44.54166412,300,-32.75000381,-31.62500127,-41.94531345,-50.71875,-52.80208588,-69.81250191,2.984997703,2.816160168,2.89471416,-93.12500763,-69.42253876
spiny,-35.61486435,231.716217,34.72635269,230.971283,-49.12120056,177.3479767,246.832053,-3.415540457,-68.14933378,11.57432461,-41.48733139,220.3023682,0.001087568,3.660072392,0.186434123,-43.375,-42.28125254,-48.85625229,121.629184,0.08262,38.56250381,42.16666794,44.03125153,114.3750772,0.00830821,1.445400832,16.75707478,110,144.2083333,900,-35.34375,-32.52083333,-46.95625153,-48.43750381,-49.94791794,-74.3375061,3.416107392,3.597757876,4.598513502,-87.96875,-74.80862427
spiny,-38.6380806,189.2383728,27.672966,189.2354584,-51.90406799,139.2238312,281.4826794,-8.040698051,-79.33227114,8.931686401,-43.4556694,180.2674408,0.000846163,3.561567776,0.1875,-44.84375381,-43.62500254,-49.59375191,110.627536,0.07257,29.84375191,36.3333346,31.21875191,129.6876967,0.059060764,1.968742272,15.92061665,110,99.45833333,860.000061,-38.59375,-36.8958346,-42.59375,-52.90625381,-51.67708588,-74.85938263,3.519730048,3.568394722,3.252683578,-89.03125763,-74.27850342
spiny,-31.4140625,142.3312531,30.75937462,142.7375031,-52.5546875,97.36250305,292.8205731,-2.53125,-102.0390717,10.86562538,-41.17343903,140.7562561,0.000681,2.8656614,0.237288136,-40.96875381,-42.72916794,-46.63541921,144.518288,0.038715,37.06250381,33.21875127,33.91666921,72.91667163,0.036737461,3.296093184,17.54875945,90,103.4166667,263.3333333,-32.03125381,-32.75000127,-41.45833715,-50.15625,-50.0833346,-73.33333333,2.949062793,2.769169044,2.987898962,-83.78125763,-72.47292328
spiny,-39.26542664,420.4920959,35.46875,419.6629639,-53.68552399,312.2341919,319.7578286,-3.856803894,-68.97867656,17.53441429,-50.36431885,387.3718262,0.001071456,4.725803517,0.068452376,-50.34375,-48.9375,-55.53750076,178.274368,0.021185,39.0625,44.484375,41.88125076,118.1249246,0.023475742,2.2280576,13.94284479,250,128.5,590,-35.34375,-35.890625,-46.32500076,-52.125,-54.578125,-71.575,4.06768011,4.122248373,4.104494242,-84.78125,-70.9127655
spiny,-39.47306061,359.4137878,48.06357574,359.366394,-55.89008713,243.0603485,449.1281587,8.86206913,-100.1944364,19.74245644,-47.51508713,344.4137878,0.000827759,4.57618287,0.094252873,-47.81250381,-45.88542048,-48.63125076,138.359216,0.057055,53.71875381,47.08333588,57.51875381,156.5625072,0.019482354,1.907717376,19.81711903,130,124.8333257,889.999939,-38.1875,-34.77083588,-45.25000229,-55.62500381,-53.18750381,-76.6812561,4.504294483,4.142586641,5.386123953,-91.78125,-76.88082886
spiny,-31.1522274,210.2933197,27.71751213,209.9740143,-42.04548264,152.8910828,145.2683801,-6.538366318,-72.9869594,5.533415794,-36.96998596,202.3230133,0.001028911,1.993015213,0.219034622,-44.5,-43.4270846,-53.46875381,170.094048,0.01946,28,31.29166857,21.56250191,315.1563108,0.034281291,2.731520512,13.08764962,110,130.5833333,520,-35,-33.06250127,-31.28125191,-44.71875381,-44.20833715,-72.5625,2.241327112,1.974676517,1.935667767,-99.84375763,-72.1856308
spiny,-37.47734451,99.36250305,36.21875,99.359375,-55.75468826,76.03437805,334.0475449,-5.4609375,-87.18198001,11.99374962,-48.05937576,96.39687347,0.000898,3.839438986,0.272047239,-49.50000381,-49.14583715,-52.09375305,179.43104,0.03448,38.00000381,42.29166794,43.84375381,218.4375376,0.032193191,1.184495872,23.36309255,59.99999619,64.91666667,560,-35.8125,-35.83333588,-46.76875153,-56.46875,-54.8958346,-75.91875458,3.405039562,4.214987957,4.522353231,-99.03125763,-75.79220581
spiny,-38.68585587,358.1973572,32.66447449,356.9802551,-54.07401276,240.7434235,262.8549661,2.692434311,-79.69307661,17.63651276,-47.39309311,331.25,0.000916842,3.302972388,0.079395603,-48.28125381,-44.10416667,-51.75000153,98.927008,0.069145,32.90625381,21.72916794,35.53750229,102.6561335,0.012517827,1.378027008,25.76081011,190,322.25,1150,-35.5,-29.7291673,-50.75625229,-53.53125,-49.42708588,-67.20625,3.224920624,2.652842375,3.152200998,-76.25,-66.18363953
aspiny,-39.11201096,327.6137085,26.36370468,327.732666,-53.1295166,278.4902039,299.2241101,-1.749058723,-79.80223635,10.00658894,-50.46442032,309.7372131,0.000820723,3.792636854,4.04E-18,-52.96875,-52.16667048,-52.40625381,181.351648,0.01048,29.81250191,23.58333524,37.01250229,139.062494,0.018304208,1.036984,15.36149772,190,149.0416667,489.9999695,-37.21875381,-34.29166794,-43.76250229,-54.09375381,-54.90625254,-66.86875153,2.715358868,2.914635711,2.735841371,-82.71875,-66.3204422
aspiny,-25.34003067,277.7063599,14.64112091,277.4464417,-40.40501022,252.3035736,171.1046994,-6.584573269,-94.70682642,-2.104414701,-39.27604294,273.694458,0.000627897,1.800925961,0.307589291,-45.96875381,-49.09375381,-53.80000229,164.745728,0.02369,13.21875,30.09375127,27.48750076,147.656247,0.117103964,1.310433536,13.75795771,170,154.5833333,730,-32.09375381,-33.04166794,-33.94375153,-46.15625381,-49.21875254,-66.31875305,2.026000148,1.827571513,1.818157779,-82.40625,-65.50304413
aspiny,-38.4671669,388.82901,8.765969276,389.4380493,-57.44775772,387.5707703,252.1276486,-10.86722183,-227.6106771,-14.92621136,-57.24745178,389.6968689,0.00037641,1.10538764,1.05178558,-59.06250381,-52.1770846,-59.14062881,150.988096,0.01155,17.15625,13.45833429,27.09375191,105.2231044,0.03245208,1.09768384,5.49145403,249.9999847,251.9166616,650,-33.90625,-29.71875191,-43.43750381,-59.12500381,-52.30208588,-76.98438263,1.12118036,1.081801959,1.194638322,-88.12500763,-75.93771362
spiny,-31.7377224,258.4754333,26.28180885,256.6830444,-46.1227684,193.8660736,199.5654166,-8.87109375,-69.35559714,7.399553776,-36.59263229,242.9754486,0.000929643,2.880791704,0.140604031,-39.21875381,-42.60937691,-46.73750305,192.766528,0.02804,28.50000191,33.75000191,36.81875229,202.3438513,0.07624618,1.707300224,24.87438929,160,110.1875,540,-31.62500191,-35.375,-42.35625229,-46.15625381,-51.921875,-61.88125305,2.688763966,2.75178334,3.797479399,-82.21875,-60.28359604
spiny,-39.47470093,203.5773773,41.87648773,203.0357208,-57.92261887,134.3452454,469.8927593,-1.377976179,-131.2461343,13.76190472,-49.76041794,198.9940491,0.000650714,3.590350956,0.2,-50.53125381,-50.01042048,-53.97500229,135.672768,0.053065,44.125,49.52083588,49.01875305,165.6250358,0.039102457,2.768385024,21.168374,90,99.58333079,284,-38.96875381,-35.03125127,-46.81250229,-55.87500381,-55.14583588,-75.78750458,3.765298383,3.739297026,3.970971434,-93.43750763,-75.41098022
aspiny,-35.05792618,269.3658447,5.705792904,270.387207,-56.53734589,255.7957306,224.1500922,-12.05792713,-219.8971242,-15.98932934,-55.65472412,271.0152588,0.000410732,0.973693201,0.426369899,-61.00000381,-50.71631041,-59.75781441,158.300672,0.010215,19.00000191,32.17722328,27.43750095,119.3749681,0.057283327,1.49309568,6.709682717,170,124.6283661,480.0000305,-36.09375381,-36.06260131,-43.04687786,-61.03125381,-54.58113716,-71.15625381,1.145558315,2.86741523,1.3373542,-95.90625763,-70.58676147
aspiny,-40.02824402,488.3509521,3.71484375,490.0631104,-58.99053574,487.1207886,226.4708005,-13.92938709,-197.7492668,-18.44831657,-58.69050598,490.540863,0.000416707,1.120520466,0.233707865,-64.0625,-50.71631041,-62.48125153,143.363264,0.007415,13.18750095,32.17722328,13.91875038,103.9062515,0.056698721,2.475210496,7.40418963,300,124.6283661,630,-41.15625,-36.06260131,-46.64375076,-64.28125763,-54.58113716,-78.14375,1.276901558,2.86741523,1.458890479,-100.09375,-77.64243317
spiny,-37.73400116,392.9813843,30.15234375,393.7313843,-48.06715012,339.1257324,256.5272769,-0.421688974,-90.34231377,11.38746262,-42.65029907,378.1956787,0.000801339,2.889149523,0.154761898,-47.34375381,-48.79166921,-51.21250305,129.956112,0.04051,40.00000381,42.64583588,38.30625153,93.75,0.17592527,2.311639296,16.21396731,170,136.8333257,240,-42.00000381,-42.1458346,-50.71875229,-54,-54.95833588,-76.97500305,3.246530105,3.126240307,3.119722506,-87.4375,-76.001297
aspiny,-35.21484375,66.15820313,19.15673828,65.78515625,-51.53662109,59.27539063,217.8736941,-7.830078125,-98.88320574,-8.775878906,-50.50732422,64.37109375,0.000735078,2.197651676,0.575531927,-50.8125,-48.98958588,-52.52343941,342.28384,0.017055,21.18750191,15.37500064,21.42968893,344.6874917,0.051289588,1.460827392,20.17374931,30.00000191,43.45833206,230,-37.84375381,-34.6770846,-39.81250095,-51.50000381,-50.88541921,-63.67969036,2.329841081,2.036240538,2.320149874,-100.5,-62.61125183
aspiny,-37.75535583,97.08214569,42.35118866,96.86071777,-50.9961319,88.77024078,383.483151,4.143750191,-155.4639311,21.62202454,-50.31904602,95.02857208,0.000607619,2.474201954,0.306652356,-52.78125381,-50.51042048,-53.96250305,301.581376,0.00974,49.125,46.0833346,49.36875229,254.0625334,0.06135653,1.412248064,13.82589592,60,62.58333079,220,-40.25000381,-37.52083588,-45.26250305,-52.875,-50.61458588,-68.46875305,2.346009789,2.558347092,2.350055566,-94.68750763,-67.69890594
spiny,-34.7485466,218.8401184,28.3132267,218.7703552,-50.1359024,173.6191864,254.7660716,-3,-78.99515672,11.2202034,-39.7369194,214.0988312,0.000802558,3.227992959,0.121212128,-43.68750381,-47.38542048,-50.94531441,100.032672,0.073425,32.71875,34.47916794,32.20312548,115.7813296,0.113775358,2.556882432,20.04526018,130,110.125,1190,-37.34375,-39.45833333,-49.05468845,-53.93750381,-57.18750381,-76.22656631,3.204878873,3.207375221,3.194143486,-87.84375,-75.17481995
aspiny,-33.91868591,315.2826233,24.19586182,315.9640503,-48.74780655,311.1868591,293.7100513,-2.26640892,-174.4683203,2.667328596,-48.27685928,315.9427185,0.000468829,1.68645085,0.6626751,-50.96875,-50.79166921,-56.64062691,193.896336,0.06794,25.40625,26.59375127,31.82812643,99.68746454,0.024652576,1.709676416,5.987464273,200,184.3333333,690,-32.28125,-31.97916857,-40.86718845,-51.6875,-52.13541921,-73.546875,1.600007225,1.638903203,1.657298959,-84.34375,-73.32596588
spiny,-42.7421875,170.0863953,33.18704224,169.8033142,-53.40487289,137.1305084,302.4525213,-7.498161793,-57.93485806,13.60891533,-47.14751816,164.6102905,0.001162941,5.261622895,0.173333345,-50.71875,-49.22916921,-53.65625381,117.547536,0.07042,35.34375,43.59375381,30.65625191,150.4688263,0.06300877,1.42081792,18.75856113,110,97.375,830,-43.90625381,-42.62500127,-41.71875,-58.40625381,-56.62500254,-75.25000763,4.761416832,5.427357026,3.906443559,-90.3125,-74.70026398
spiny,-39.38906097,365.6229248,40.80364609,365.9979248,-54.62864685,282.2958374,404.158103,-2.795833349,-100.355857,18.91197968,-50.51874924,355.8979187,0.000839333,4.102857059,0.127976186,-51.9375,-50.43750381,-55.16875229,227.135744,0.014835,42.75,45.84375,43.07500153,130.3125769,0.008927308,3.309119232,11.62079009,210,97.25,600,-39.21875,-36.375,-45.26250076,-54.59375381,-56.46875,-72.12500305,3.766885103,3.608179242,3.67303295,-85.65625763,-71.00006866
aspiny,-37.03805542,144.1992645,20.93131256,144.0952911,-54.46410751,137.2339172,165.733736,-6.534653664,-87.35769836,-6.385828972,-54.0625,140.001236,0.000938168,1.89861207,0.385990848,-58.40625381,-56.3645846,-61.02604357,129.36264,0.03078,10.71875,26.48958333,16.00000064,223.4375775,0.196279138,1.80903808,19.08255019,70,71.25,380,-40.53125,-39.3958346,-40.38020833,-58.59375,-56.63541921,-65.72916794,1.915683689,2.045541025,1.821178388,-90.46875,-65.77171326
